<MetaData>
    <WCODataModelVersionCode>3.6</WCODataModelVersionCode>
    <WCOTypeName>RES</WCOTypeName>
    <ResponsibleCountryCode/>
    <ResponsibleAgencyName/>
    <AgencyAssignedCustomizationCode/>
    <AgencyAssignedCustomizationVersionCode/>
    <Response>
        <FunctionCode>03</FunctionCode>
        <FunctionalReferenceID>3ac8fddf3df448d4a398c583a059671a</FunctionalReferenceID>
        <IssueDateTime>
            <DateTimeString formatCode="304">20210713091715Z</DateTimeString>
        </IssueDateTime>
        <Error>
            <ValidationCode>CDS12099</ValidationCode>
            <Pointer>
                <DocumentSectionCode>42A</DocumentSectionCode>
            </Pointer>
            <Pointer>
                <DocumentSectionCode>67A</DocumentSectionCode>
            </Pointer>
            <Pointer>
                <DocumentSectionCode>28A</DocumentSectionCode>
            </Pointer>
            <Pointer>
                <DocumentSectionCode>64A</DocumentSectionCode>
            </Pointer>
            <Pointer>
                <DocumentSectionCode>04A</DocumentSectionCode>
                <TagID>410</TagID>
            </Pointer>
        </Error>
        <Error>
            <ValidationCode>CDS12099</ValidationCode>
            <Pointer>
                <DocumentSectionCode>42A</DocumentSectionCode>
            </Pointer>
            <Pointer>
                <DocumentSectionCode>67A</DocumentSectionCode>
            </Pointer>
            <Pointer>
                <DocumentSectionCode>28A</DocumentSectionCode>
            </Pointer>
            <Pointer>
                <DocumentSectionCode>64A</DocumentSectionCode>
                <TagID>L016</TagID>
            </Pointer>
        </Error>
        <Error>
            <ValidationCode>CDS12099</ValidationCode>
            <Pointer>
                <DocumentSectionCode>42A</DocumentSectionCode>
            </Pointer>
            <Pointer>
                <DocumentSectionCode>67A</DocumentSectionCode>
            </Pointer>
            <Pointer>
                <DocumentSectionCode>28A</DocumentSectionCode>
            </Pointer>
            <Pointer>
                <DocumentSectionCode>64A</DocumentSectionCode>
                <TagID>L110</TagID>
            </Pointer>
        </Error>
        <Error>
            <ValidationCode>CDS12099</ValidationCode>
            <Pointer>
                <DocumentSectionCode>42A</DocumentSectionCode>
            </Pointer>
            <Pointer>
                <DocumentSectionCode>67A</DocumentSectionCode>
            </Pointer>
            <Pointer>
                <DocumentSectionCode>28A</DocumentSectionCode>
            </Pointer>
            <Pointer>
                <DocumentSectionCode>64A</DocumentSectionCode>
                <TagID>L016</TagID>
            </Pointer>
        </Error>
        <Declaration>
            <FunctionalReferenceID>TT_IM32b_130721_02</FunctionalReferenceID>
            <ID>21GB7OBW1EXFJWH0R5</ID>
            <RejectionDateTime>
                <DateTimeString formatCode="304">20210713091715Z</DateTimeString>
            </RejectionDateTime>
            <VersionID>1</VersionID>
        </Declaration>
    </Response>
</MetaData>