<md:MetaData xmlns="urn:wco:datamodel:WCO:DEC-DMS:2"
           	xmlns:xsi="http://www.w3.org/2001/XMLSchema-instance"
           	xmlns:clm63055="urn:un:unece:uncefact:codelist:standard:UNECE:AgencyIdentificationCode:D12B"
           	xmlns:ds="urn:wco:datamodel:WCO:MetaData_DS-DMS:2"
           	xmlns:md="urn:wco:datamodel:WCO:DocumentMetaData-DMS:2"
           	xsi:schemaLocation="urn:wco:datamodel:WCO:DocumentMetaData-DMS:2 ../DocumentMetaData_2_DMS.xsd "
           	>
	<md:WCODataModelVersionCode>3.6</md:WCODataModelVersionCode>
	<md:WCOTypeName>DEC</md:WCOTypeName>
	<md:ResponsibleCountryCode>GB</md:ResponsibleCountryCode>
	<md:ResponsibleAgencyName>HMRC</md:ResponsibleAgencyName>
	<md:AgencyAssignedCustomizationVersionCode>v2.1</md:AgencyAssignedCustomizationVersionCode>
	<Declaration xmlns="urn:wco:datamodel:WCO:DEC-DMS:2"
           		xmlns:clm5ISO42173A="urn:un:unece:uncefact:codelist:standard:ISO:ISO3AlphaCurrencyCode:2012-08-31"
           		xmlns:clm63055="urn:un:unece:uncefact:codelist:standard:UNECE:AgencyIdentificationCode:D12B"
           		xmlns:p1="urn:wco:datamodel:WCO:Declaration_DS:DMS:2"
           		xmlns:udt="urn:un:unece:uncefact:data:standard:UnqualifiedDataType:6"
           		xmlns:xsi="http://www.w3.org/2001/XMLSchema-instance"
           		xsi:schemaLocation="urn:wco:datamodel:WCO:DEC-DMS:2 ../WCO_DEC_2_DMS.xsd " >
		<!--
			SCENARIO
			GB-NI at Risk - Suspension Procedures:
			Type Z Supplementary Declaration for goods imported to NI from GB. Goods are deemed ‘At Risk’. 
			EU Tariff is to be used to calculate the duties, which will be suspended. EU Customs duty will be suspended. EU VAT will be zero. UK VAT will be zero.
			Procedure code: 5100 Additional Procedure code: 000 
			Goods: 5209310000 (White woven cotton fabric sheet material on 10 reels. Material consisting of 86% cotton, with weight of 200g/m2, STK12345)
			Supplementary declaration: H4 additional declaration type Z
			Importer is not an AEO authorisation holder
			Self representaion declaration
			Goods presented at the port of Belfast
			Expected Notifications: DMSTAX(1), DMSACC, DMSTAX(2), DMSCLE
        -->
		<AcceptanceDateTime>
			<p1:DateTimeString formatCode="304">20210609220000Z</p1:DateTimeString>
		</AcceptanceDateTime>
		<!--Function Code of 9 to represent an original declaration-->
		<FunctionCode>9</FunctionCode>
		<!--DE 2/5: Traders own reference number: this must be unique to the transaction-->
		<FunctionalReferenceID>TT_IM40a_0906_02</FunctionalReferenceID>
		<!-- DE 1/1: Declaration Type. Mandatory field. First two characters IM to represent an import declaration.	-->
		<!-- DE 1/2: Additional Declaration Type. Mandatory field. Third character Z represents a supplementary declaration under the EIDR process. -->
		<TypeCode>IMZ</TypeCode>
		<!--DE 1/9: Total number of goods items on the declaration - single item declaration.-->
		<GoodsItemQuantity>1</GoodsItemQuantity>
		<!--6/18: Total packages - 10. Note that this matches DE 6/10 because this is a single item declaration.-->
		<TotalPackageQuantity>10</TotalPackageQuantity>
		<!--DE 3/39: An authorisation type code of EIR indicates Authorisation for the use of customs declaration through an entry of data in the declarant’s records
		(see DE 2/3 where a document code of C514 has been entered). The ID here is the EORI of the EIR authorised party.-->
		<AuthorisationHolder>
			<ID>GB025115100010</ID>
			<CategoryCode>EIR</CategoryCode>
		</AuthorisationHolder>
		<!--DE 3/39: An authorisation type code of CGU is required as CCG authorisation is being declared (see DE 2/3 where a document code of C505 has been entered).
		The ID here is the EORI of the CCG authorised party.-->
		<AuthorisationHolder>
			<ID>GB025115100010</ID>
			<CategoryCode>CGU</CategoryCode>
		</AuthorisationHolder>
		<!--DE 3/39: An authorisation type code of IPO indicates Inward processing procedure authorisation (see DE 2/3 where a document code of C601 has been entered). 
		The ID here is the EORI of the IPO authorised party.-->
		<AuthorisationHolder>
			<ID>GB025115100010</ID>
			<CategoryCode>IPO</CategoryCode>
		</AuthorisationHolder>
		<BorderTransportMeans>
			<!--DE 7/15: Country code of the nationality of the active means of transport crossing 
		the border, in this case GB.-->
			<RegistrationNationalityCode>GB</RegistrationNationalityCode>
			<!--DE 7/4: ModeCode of 1 to represent Maritime/Sea transport as the mode of transport at the border-->
			<ModeCode>1</ModeCode>
		</BorderTransportMeans>
		<!--DE 3/18: Declarant Identification Number.
			The EORI number of the agent entering the declaration. 
			The UK requires an EORI to be provided for the declarant. -->
		<Declarant>
			<ID>GB025115100010</ID>
		</Declarant>
		<!--DE 3/2: Exporter.
			The EORI number of the Exporter. 
			The UK requires a Trader that is established in the country they are exporting from, to have an EORI. -->
		<Exporter>
			<ID>GB417869120000</ID>
		</Exporter>
		<GoodsShipment>
			<!--DE 8/5: Nature of transaction: 1 to indicate transactions involving actual or intended transfer of ownership from residents 
		to non-residents against financial or other compensation.-->
			<TransactionNatureCode>1</TransactionNatureCode>
			<Consignment>
				<!--DE 7/2: Indicator to show if goods are packed in a container or not. 1 indicates that goods are transported in containers.
			Note: Unlike CHIEF this must now be completed.-->
				<ContainerCode>1</ContainerCode>
				<!--DE 7/9: Identity of the means of transport on arrival. Example number representing IMO ship identification number: '10',
			and 5 digits for the identification number: '12345'.-->
				<ArrivalTransportMeans>
					<ID>12345</ID>
					<IdentificationTypeCode>10</IdentificationTypeCode>
					<!--DE 7/5: Inland Mode of Transport - 3 to represent Road Transport. This is required as customs procedures are completed away from the border.-->
					<ModeCode>3</ModeCode>
				</ArrivalTransportMeans>
				<!--DE 5/23: The location code for Port of Belfast. Goods moved via shipping container from GB to NI via port of Belfast -->
				<GoodsLocation>
					<Name>BELBELBEL</Name>
					<!--DE 5/23: Type of Location - A in this scenario to represent that it is a designated location.-->
					<TypeCode>A</TypeCode>
					<Address>
						<!--DE 5/23: Type of ID of the Location - U in this scenario for UN/LOCODE.-->
						<TypeCode>U</TypeCode>
						<!--DE 5/23: Country code of the country where the goods may be examined, GB in this scenario.-->
						<CountryCode>GB</CountryCode>
					</Address>
				</GoodsLocation>
				<!--DE 7/10: Container identification number. This is alpha-numeric with up to 17 characters.
					   For containers covered by the standard ISO 6346, the identifier (prefix) allocated
					   by the International Bureau of Containers and Intermodal Transport (BIC) shall
					   also be provided in addition to the container identification number.
					   For swap bodies and semi-trailers the ILU (Intermodal Loading Units) code as
					   introduced by the European EN 13044 shall be used.-->
				<TransportEquipment>
					<SequenceNumeric>1</SequenceNumeric>
					<ID>DM1234</ID>
				</TransportEquipment>
			</Consignment>
			<!--DE 5/8: Country code of the destination country: GB.-->
			<Destination>
				<CountryCode>GB</CountryCode>
			</Destination>
			<GovernmentAgencyGoodsItem>
				<!--DE 1/6: Sequential number of the goods item.-->
				<SequenceNumeric>1</SequenceNumeric>
				<!--DE 8/6: Statistical Value: Enter the statistical value for the goods item in GBP, irrespective of the currency used in Invoice Currency. -->
				<StatisticalValueAmount currencyID="GBP">2500</StatisticalValueAmount>
				<!--DE 2/3: A document code of C514 indicates EIR - Authorisation for making a customs declaration through an entry in the declarant’s records.-->
				<AdditionalDocument>
					<CategoryCode>C</CategoryCode>
					<ID>GBEIR025115100010I</ID>
					<TypeCode>514</TypeCode>
				</AdditionalDocument>
				<!--DE 2/3: A document code of C601 indicates IPO - Authorisation for the use of inward 
					processing procedure (Column 8a, Annex A of Delegated regulation (EU) 2015/2446). -->
				<AdditionalDocument>
					<CategoryCode>C</CategoryCode>
					<ID>GBIPO0251/151/00</ID>
					<TypeCode>601</TypeCode>
				</AdditionalDocument>
				<!--DE 2/3: A document code of C505 indicates CGU - Authorisation for the provision
					of a comprehensive guarantee, including possible reduction or waiver.
					In this scenario, a waiver to the CCG authorisation is being used and therefore the ID also indicates 
					that a waiver is being used.
					LPCOExemptionCode: CC indicates Authorisation issued under the Community Customs Code – CCG not required. -->
				<AdditionalDocument>
					<CategoryCode>C</CategoryCode>
					<ID>GBCGUGuaranteenotrequired</ID>
					<TypeCode>505</TypeCode>
					<LPCOExemptionCode>CC</LPCOExemptionCode>
				</AdditionalDocument>
				<!--DE 2/3: A document code of N935 indicates: the invoice on the basis of which the customs value of the goods is declared.
				This is required as a Valuation Method of 1 to indicate transaction value has been declared in DE 4/16.
				Document status code of AC in this scenario indicates Document attached for certification by customs.-->
				<AdditionalDocument>
					<CategoryCode>N</CategoryCode>
					<ID>12345/09/06/2021</ID>
					<TypeCode>935</TypeCode>
					<LPCOExemptionCode>AC</LPCOExemptionCode>
				</AdditionalDocument>
				<!--DE 2/2: Additional information. 00500 - IMPORTER Indicating Self representation by the importer -->
				<AdditionalInformation>
					<StatementCode>00500</StatementCode>
					<StatementDescription>IMPORTER</StatementDescription>
				</AdditionalInformation>
				<!--DE 2/2: Additional information. ECO01 - Goods of any kind the processing of goods not listed in Annex 71-02 to 
				Delegated Regulation (EU) 2015/2446.  -->
				<AdditionalInformation>
					<StatementCode>ECO01</StatementCode>
					<StatementDescription>Goods Of Any Kind</StatementDescription>
				</AdditionalInformation>
				<!--DE 2/2: Additional information. GEN45 statement - unique reference number, allocated to the consignment/work. -->
				<AdditionalInformation>
					<StatementCode>GEN45</StatementCode>
					<StatementDescription>WHITE FABRIC 12345</StatementDescription>
				</AdditionalInformation>
				<!--DE 2/2: Additional information. NIDOM: This field is mandatory, this represents a domestic movement as the goods are 
				imported from GB into Northern Ireland. -->
				<AdditionalInformation>
					<StatementCode>NIDOM</StatementCode>
				</AdditionalInformation>
				<Commodity>
					<!--DE 6/8:  Description of the goods specific enough to enable classification – without repeating the CN code description in the Tariff.-->
					<Description>White woven cotton fabric sheet material on 10 reels. Material consisting of 86% cotton, with weight of 200g/m2, STK12345</Description>
					<Classification>
						<!--DE 6/14: Commodity code - combined nomenclature code. IdentificationTypeCode of TSP indicates that a Transitional Simplified Procedure has been used-->
						<ID>52093100</ID>
						<IdentificationTypeCode>TSP</IdentificationTypeCode>
					</Classification>
					<Classification>
						<!--DE 6/15: Commodity code - The TARIC code (two characters for the application of specific Union measures in respect of 
				formalities to be completed at destination). -->
						<ID>00</ID>
						<IdentificationTypeCode>TRC</IdentificationTypeCode>
					</Classification>
					<DutyTaxFee>
						<!--DE 4/17: Preference Type of 100 represents no preference being claimed-->
						<DutyRegimeCode>100</DutyRegimeCode>
					</DutyTaxFee>
					<GoodsMeasure>
						<!--DE 6/5: Gross mass of the goods in kilograms including packaging.-->
						<GrossMassMeasure>250</GrossMassMeasure>
						<!--DE 6/1: Net mass of the goods in kilograms without any packaging.-->
						<NetNetWeightMeasure>200</NetNetWeightMeasure>
						<!--DE 6/2: TariffQuantity - Quantity of the goods in the unit as required by Customs for tariff, statistical or fiscal purposes.-->
						<TariffQuantity>100</TariffQuantity>
					</GoodsMeasure>
					<!--DE 4/14: ItemChargeAmount - Item price amount, the invoice was issued with a value of 2500 and the currency was in GBP.-->
					<InvoiceLine>
						<ItemChargeAmount currencyID="GBP">2500</ItemChargeAmount>
					</InvoiceLine>
				</Commodity>
				<!--DE 4/16: MethodCode - Valuation method: 1 to indicate the method is transaction value of the imported goods.-->
				<CustomsValuation>
					<MethodCode>1</MethodCode>
				</CustomsValuation>
				<!--DE 5/14: Country code of the dispatch country: GB.-->
				<ExportCountry>
					<ID>GB</ID>
				</ExportCountry>
				<!--DE 1/10: Requested Procedure of 51 indicating a suspension from customs duty (and where applicable excise duty and VAT) for goods entered to an IP procedure.-->
				<!--DE 1/10: PreviousCode - Previous Procedure of 00 indicating there is no previous procedure.-->
				<GovernmentProcedure>
					<CurrentCode>51</CurrentCode>
					<PreviousCode>00</PreviousCode>
				</GovernmentProcedure>
				<!--DE 1/11: GovernmentProcedure - 000 to indicate no additional procedure.-->
				<GovernmentProcedure>
					<CurrentCode>000</CurrentCode>
				</GovernmentProcedure>
				<!--DE 5/15: TypeCode of 1 to represent non-preferential origin. Where preference in DE 4/17 begins with '1', this must be completed.
				CountryCode cotains the code for the country from which the goods originated, in this case GB.-->
				<Origin>
					<CountryCode>GB</CountryCode>
					<TypeCode>1</TypeCode>
				</Origin>
				<Packaging>
					<SequenceNumeric>1</SequenceNumeric>
					<!--DE 6/11: Shipping marks on the packages.-->
					<MarksNumbersID>TTM6SCENARIO1</MarksNumbersID>
					<!--DE 6/10: Number of packages, in this case 10.-->
					<QuantityQuantity>10</QuantityQuantity>
					<!--DE 6/9: Type of packages - RL to represent Reel.-->
					<TypeCode>RL</TypeCode>
				</Packaging>
				<!--DE 4/13: Valuation indicator - mandatory in this scenario as a
                     valuation method of 1 has been used in DE 4/16.
                     First digit: 0 = there is no price influence as a result of a
                     Party Relationship between the buyer and seller.
                     Second digit: 0 = there are no restrictions as to the disposal
                     or use of the goods by the buyer in accordance with Article 70(3)(a) of the Code.
                     Third digit: 0 = the sale or price is not subject to some condition
                     or consideration in accordance with Article 70(3)(b) of the Code.
                     Fourth digit: 0 = the sale is not subject to an arrangement under
                     which part of the proceeds of any subsequent resale, disposal or use
                     accrues directly or indirectly to the seller.-->
				<ValuationAdjustment>
					<AdditionCode>0000</AdditionCode>
				</ValuationAdjustment>
			</GovernmentAgencyGoodsItem>
			<!--DE 3/16: EORI number of the Importer.-->
			<Importer>
				<ID>GB025115100010</ID>
			</Importer>
			<!--DE 2/1: YCLE To show the date of the EIDR record(Note that this is item 1 from the EIDR record entry) -->
			<PreviousDocument>
				<CategoryCode>Y</CategoryCode>
				<ID>20210609</ID>
				<TypeCode>CLE</TypeCode>
				<LineNumeric>1</LineNumeric>
			</PreviousDocument>
			<!--DE 2/1: Previous document to show the DUCR assigned to the consignment. This is a mandatory field-->
			<PreviousDocument>
				<CategoryCode>Y</CategoryCode>
				<ID>1GB025115100010-12345</ID>
				<TypeCode>DCR</TypeCode>
			</PreviousDocument>
			<!--DE 2/1: Previous Document ZZZZ To represent the warehouse stock reference number. -->
			<PreviousDocument>
				<CategoryCode>Z</CategoryCode>
				<ID>STK12345</ID>
				<TypeCode>ZZZ</TypeCode>
				<LineNumeric>1</LineNumeric>
			</PreviousDocument>
			<!--DE 4/1: Mandatory as method 1 is being used in DE 4/16.
            CIF to indicate Cost, Insurance and Freight.
            GBBEL to represent the named port of destination: Belfast, NI.-->
			<TradeTerms>
				<ConditionCode>CIF</ConditionCode>
				<LocationID>GBBEL</LocationID>
			</TradeTerms>
		</GoodsShipment>
		<ObligationGuarantee>
			<!--DE 8/3:  Guarantee reference number.
                  Where document code C505 is declared in DE 2/3 (Document Codes)
                  and authorisation type code CGU is declared in DE 3/39
                  (Holder of the Authorisation), then this data element is mandatory
                  ID indicates that the guarantee is not required, as stated in DE 8/2-->
			<ID>Guaranteenotrequired</ID>
			<!--DE 8/2:  Guarantee type.  0 to represent that a customs
                  comprehensive guarantee is being waived for the deferment of customs duty.
                  Where document code C505 is declared in DE 2/3 (Document Codes) and
                  authorisation type code CGU is declared in DE 3/39
                  (Holder of the Authorisation), then code ‘0’ or ‘1’ must be declared
                  in this data element-->
			<SecurityDetailsCode>0</SecurityDetailsCode>
		</ObligationGuarantee>
		<!--DE 5/27: Supervising customs office. The Supervising Office Code for the
         HMRC Office overseeing the Customs Warehouse procedure. In this scenario, this is Belfast, Custom House.-->
		<SupervisingOffice>
			<ID>GBBEL003</ID>
		</SupervisingOffice>
	</Declaration>
</md:MetaData>