	<md:MetaData
      xmlns="urn:wco:datamodel:WCO:DEC-DMS:2"
      xmlns:xsi="http://www.w3.org/2001/XMLSchema-instance"
      xmlns:clm63055="urn:un:unece:uncefact:codelist:standard:UNECE:AgencyIdentificationCode:D12B"
      xmlns:ds="urn:wco:datamodel:WCO:MetaData_DS-DMS:2"
      xmlns:md="urn:wco:datamodel:WCO:DocumentMetaData-DMS:2"
      xsi:schemaLocation="urn:wco:datamodel:WCO:DocumentMetaData-DMS:2 ../DocumentMetaData_2_DMS.xsd "
    >
      <md:WCODataModelVersionCode>3.6</md:WCODataModelVersionCode>
      <md:WCOTypeName>DEC</md:WCOTypeName>
      <md:ResponsibleCountryCode>GB</md:ResponsibleCountryCode>
      <md:ResponsibleAgencyName>HMRC</md:ResponsibleAgencyName>
      <md:AgencyAssignedCustomizationVersionCode>v2.1
      </md:AgencyAssignedCustomizationVersionCode>
     <Declaration
		xmlns="urn:wco:datamodel:WCO:DEC-DMS:2"
        xmlns:clm5ISO42173A="urn:un:unece:uncefact:codelist:standard:ISO:ISO3AlphaCurrencyCode:2012-08-31"
        xmlns:clm63055="urn:un:unece:uncefact:codelist:standard:UNECE:AgencyIdentificationCode:D12B"
        xmlns:p1="urn:wco:datamodel:WCO:Declaration_DS:DMS:2"
        xmlns:udt="urn:un:unece:uncefact:data:standard:UnqualifiedDataType:6"
        xmlns:xsi="http://www.w3.org/2001/XMLSchema-instance"
        xsi:schemaLocation="urn:wco:datamodel:WCO:DEC-DMS:2 ../WCO_DEC_2_DMS.xsd " >

		<!--SCENARIO
				Inventory linked Type A declaration with a physical control, includes CSP notifications.
				This scenario demonstrates a physical control being applied on a declaration, triggering a DMSCTL notification. See DE 6/8 and 6/9

				Goods imported and declared to free-circulation and home use of non-union goods, with no previous procedure
				Procedure code 4000 Additional Procedure code 000
				Goods: Shotgun cartridges, Origin China DiT Open licence held
				Frontier declaration: H1 additional declaration type A
				Importer is not an AEO authorisation holder
				Agent employed by the importer under direct rep.
				Deferment used for payment of duty
				Goods presented at Tilsbury docks

		-->

		<!--Function Code of 9 to represent an original declaration-->
		<FunctionCode>9</FunctionCode>

		<!--DE 2/5: Traders own reference number: this must be unique to the transaction-->
        <FunctionalReferenceID>R270_TC22_2105_003</FunctionalReferenceID>

		<!--DE 1/1: IM to represent an import declaration-->
		<!--DE 1/2: A to represent an arrived frontier standard declaration-->
        <TypeCode>IMA</TypeCode>

		<!--DE 1/9: Total number of goods items on the declaration - single item declaration.-->
        <GoodsItemQuantity>1</GoodsItemQuantity>

		<!--6/18: Total packages -  200. Note that this matches DE 6/10 because this is a single item declaration.-->
        <TotalPackageQuantity>200</TotalPackageQuantity>
<!--DE 2/6: The DAN account used for deferred payment (of third country duty in this scenario)
This declared DAN belongs to the importer declared on the declaration.-->
       <AdditionalDocument>
          <CategoryCode>1</CategoryCode>
          <ID>1108654</ID>
          <TypeCode>DAN</TypeCode>
       </AdditionalDocument>
       <Agent>
		<!--DE 3/20: ID of the representative. When declared, the UK requires an EORI to be provided for the representative.-->
     	<ID>GB603202734852</ID>
		<!--DE 3/21: FunctionCode of 2 indicating agent acting in direct representation
		for the importer (holding written instruction to do so).-->
		<FunctionCode>2</FunctionCode>
	   </Agent>
<!--DE 3/39: An authorisation type code of DPO indicates Deferment
of payment authorisation. See DE 2/3 where a document code of C506 has been
entered. The ID here is the EORI of the DPO authorised party. -->
<AuthorisationHolder>
<ID>GB553202734852</ID>
<CategoryCode>DPO</CategoryCode>
</AuthorisationHolder>

<!--DE 3/39: An authorisation type code of CGU is required where CCG authorisation
is being declared or a waiver is being claimed. In this scenario, a waiver is being
claimed. See DE 2/3 where a document code of C505 has been entered.
The ID here is the EORI of the CCG authorised party.-->
<AuthorisationHolder>
<ID>GB553202734852</ID>
<CategoryCode>CGU</CategoryCode>
</AuthorisationHolder>
<BorderTransportMeans>
	<!--DE 7/15: Country code of the nationality of the active means of transport crossing the border, in this case NG.-->
			<RegistrationNationalityCode>CN</RegistrationNationalityCode>
			<!--DE 7/4: ModeCode of 1 to represent Maritime/Sea transport as the mode of transport at the border-->
			<ModeCode>1</ModeCode>
		</BorderTransportMeans>


        <Declarant>
			<!--DE 3/18: The EORI number of the Importer entering the declaration. The UK requires an EORI to be provided for the declarant. -->
			<ID>GB603202734852</ID>
        </Declarant>

		<Exporter>
			<!--DE 3/1: Exporter name and address is mandatory where no recognised EORI number has been entered into DE 3/2.-->
            <Name>Shotguns incorporated</Name>
            <Address>
                <CityName>Shenzhen</CityName>
                <CountryCode>CN</CountryCode>
                <Line>1 Trade Street</Line>
                <PostcodeID>SC1 234</PostcodeID>
            </Address>
        </Exporter>

        <GoodsShipment>
			<!--DE 8/5: Nature of transaction: 1 to indicate transactions involving actual or intended
						transfer of ownership from residents to non-residents against financial or other compensation.-->
			<TransactionNatureCode>1</TransactionNatureCode>

			<Consignment>
				<!--DE 7/2: Indicator to show if goods are packed in a container or not.
							1 indicates that goods are transported in containers.
							Note: Unlike CHIEF this must now be completed.-->
				<ContainerCode>1</ContainerCode>

				<!--DE 7/9: Identity of the means of transport on arrival.
							Example number representing IMO ship identification number: '10',
							and 5 digits for the identification number: '12345'.-->
                <ArrivalTransportMeans>
                    <ID>12345</ID>
                    <IdentificationTypeCode>10</IdentificationTypeCode>
                </ArrivalTransportMeans>

					<!-- DE 5/23: The location code for Tilbury docks-->
                <GoodsLocation>
                    <!--DE 5/23: ID to give a unique position of the location.-->
                    <Name>TILLONTIL</Name>
					<!--DE 5/23: Type of Location - A in this scenario to represent that it is a designated location.-->
                    <TypeCode>A</TypeCode>
                    <Address>
                           <!--DE 5/23: Type of ID of the Location - U in this scenario for UN/LOCODE.-->
                           <TypeCode>U</TypeCode>
                           <!--DE 5/23: Country code of the country where the goods may be examined, GB in this scenario.-->
                           <CountryCode>GB</CountryCode>
                        </Address>
                </GoodsLocation>

				<!--DE 7/10: Container identification number. This is alpha-numeric with up to 17 characters.
                     For containers covered by the standard ISO 6346, the identifier (prefix) allocated
                     by the International Bureau of Containers and Intermodal Transport (BIC) shall
                     also be provided in addition to the container identification number.
                     For swap bodies and semi-trailers the ILU (Intermodal Loading Units) code as
                     introduced by the European EN 13044 shall be used.-->
                <TransportEquipment>
                    <SequenceNumeric>1</SequenceNumeric>
					<ID>AD12345</ID>
                </TransportEquipment>

			</Consignment>

            <!--DE 5/8: Country code of the destination country: GB.-->
            <Destination>
              <CountryCode>GB</CountryCode>
            </Destination>

			<!--DE 5/14: Country code of the dispatch country: CN.-->
			<ExportCountry>
				<ID>CN</ID>
			</ExportCountry>

			<GovernmentAgencyGoodsItem>
				<!--DE 1/6: Sequential number of the goods item-->
				<SequenceNumeric>1</SequenceNumeric>
				<!--DE 8/6: Statistical Value: Enter the statistical value for the goods item in GBP,
							irrespective of the currency used in Invoice Currency. -->
				<StatisticalValueAmount currencyID="GBP">10000</StatisticalValueAmount>


<!--DE 2/3: A document code of C505 indicates a CGU - Authorisation for the provision of a
comprehensive guarantee, including possible reduction or waiver.-->
				<AdditionalDocument>
					<CategoryCode>C</CategoryCode>
					<ID>GBCGU55320273485220191113093459</ID>
					<TypeCode>505</TypeCode>
				</AdditionalDocument>

<!-- DE 2/3: A document code of C506 indicates DPO - Authorisation for the deferment of payment.  Provide the authorisation decision number
for the deferment of payment authorisation in the format:
- 2 digit code identifying the member state of authorisation, for example, GB
- 3 digit code indicating that a deferment of payment authorisation is held, that is, DPO
- followed by the authorisation reference number. No document status code is required.-->
				<AdditionalDocument>
					<CategoryCode>C</CategoryCode>
					<ID>GBDPO1108654</ID>
					<TypeCode>506</TypeCode>
				</AdditionalDocument>

				<!--DE 2/3: A document code of N935 indicates: the invoice on the basis of which
							the customs value of the goods is declared.
							This is required as a Valuation Method of 1 to indicate transaction value has been declared in DE 4/16.-->
				<AdditionalDocument>
					<CategoryCode>N</CategoryCode>
					<ID>12345/01.12.2019</ID>
					<TypeCode>935</TypeCode>
					<LPCOExemptionCode>AC</LPCOExemptionCode>
				</AdditionalDocument>

				<!-- DE 2/3:	A document code of 9120 indicates: Importation of animal pathogens Licence under the Importation of Animal pathogens Order 1980 (IAPO).
					Document code of XA in this scenario indicates Electronic or paper document to be advised -->
				<AdditionalDocument>
					<CategoryCode>9</CategoryCode>
					<ID>GBOIL1234567L-0001</ID>
					<TypeCode>100</TypeCode>
					<LPCOExemptionCode>ES</LPCOExemptionCode>
					<WriteOff>
					   <QuantityQuantity unitCode="KGM#G">1000</QuantityQuantity>
					</WriteOff>
				</AdditionalDocument>

<!--DE 2/3: Document code of 1207 to indicate  Authorisation for Representative
to use DAN account. Date and location from the C1207S form are entered as the ID
Document code of AG in this scenario indicates 	Document attached ? exhausted by (or only applies to) this entry (document retained)-->
				<AdditionalDocument>
					<CategoryCode>1</CategoryCode>
					<ID>20191201Tillsbury</ID>
					<TypeCode>207</TypeCode>
					<LPCOExemptionCode>AG</LPCOExemptionCode>
				</AdditionalDocument>

	<!--DE 2/2: Additional information. PAL02 - indicates Temporary Admission relief for Pallets. -->
                <AdditionalInformation>
                    <StatementCode>PAL02</StatementCode>
                    <StatementDescription>TA Pallets</StatementDescription>
                </AdditionalInformation>

				<Commodity>
					<!--DE 6/8: Description of the goods specific enough to enable classification
                          - without repeating the CN code description in the Tariff
					        for this scenario.  However, to trigger risk in testing we do this by entering
							ttimportphysical in description indicating a Physical control task, triggering a DMSCTL notification.-->

					<Description>ttimportphysical</Description>
					<Classification>
						<!--DE 6/14: Commodity code - combined nomenclature code.-->
						<ID>93062100</ID>
						<IdentificationTypeCode>TSP</IdentificationTypeCode>
					</Classification>

					<Classification>
						<!--DE 6/15: Commodity code - The TARIC code (two characters for the application of specific Union measures in respect of formalities to be completed at destination).-->
						<ID>00</ID>
						<IdentificationTypeCode>TRC</IdentificationTypeCode>
					</Classification>


					<DutyTaxFee>
						<!--DE 4/17: Preference Type of 100 represents Normal third country tariff duty (including ceilings).-->
						<DutyRegimeCode>100</DutyRegimeCode>

						<!--DE 4/8: MethodCode of E to indicate Deferment-->
						<Payment>
							<MethodCode>E</MethodCode>
						</Payment>

					</DutyTaxFee>
					<DutyTaxFee>
            <!-- DE 4/3: Calculation of taxes - Cusotms Duty -->
						<TypeCode>A00</TypeCode>
						<!--DE 4/8: MethodCode of E to indicate Deferment-->
						<Payment>
							<MethodCode>E</MethodCode>
						</Payment>

					</DutyTaxFee>

					<DutyTaxFee>
            <!-- DE 4/3: Calculation of taxes - VAT -->
						<TypeCode>B00</TypeCode>
						<!--DE 4/8: MethodCode of E to indicate Deferment-->
						<Payment>
							<MethodCode>E</MethodCode>
						</Payment>

					</DutyTaxFee>

					<GoodsMeasure>
						<!--DE 6/5: Gross mass of the goods in kilograms including packaging.-->
						<GrossMassMeasure>110</GrossMassMeasure>
						<!--DE 6/1: Net mass of the goods in kilograms without any packaging.-->
						<NetNetWeightMeasure>100</NetNetWeightMeasure>
						<!--DE 6/2: Quantity of the goods in the unit as required by Customs for tariff, statistical or fiscal purposes.-->
                        <TariffQuantity>4</TariffQuantity>
					</GoodsMeasure>

					<!--DE 4/14: Item price amount. The invoice was issued with a value of
								10000 and the currency was in GBP.-->
                    <InvoiceLine>
                        <ItemChargeAmount currencyID="GBP">10000</ItemChargeAmount>
                    </InvoiceLine>
				</Commodity>

				<CustomsValuation>
					<!--DE 4/16: Valuation method: 1 to indicate the method is transaction value of the imported goods.-->
					<MethodCode>1</MethodCode>
                </CustomsValuation>

				<GovernmentProcedure>
					<!--DE 1/10: Requested Procedure of 40 indicating entry for free circulation and home use of goods.-->
					<CurrentCode>40</CurrentCode>
					<!--DE 1/10: Previous Procedure of 00 indicating there is no previous procedure.-->
					<PreviousCode>00</PreviousCode>
				</GovernmentProcedure>
				<GovernmentProcedure>
					<!--DE 1/11: 000 to indicate no additional procedure.-->
					<CurrentCode>000</CurrentCode>
				</GovernmentProcedure>

				<Origin>
				<!--DE 5/15: Country of origin code. CN represents China.-->
					<CountryCode>CN</CountryCode>
					<TypeCode>1</TypeCode>
				</Origin>

				<Packaging>
				  <SequenceNumeric>1</SequenceNumeric>
				  <!--DE 6/11: Shipping marks on the packages.-->
				  <MarksNumbersID>ADRN123456123</MarksNumbersID>
				  <!--DE 6/10: Number of packages, in this case 200.-->
				  <QuantityQuantity>200</QuantityQuantity>
				  <!--DE 6/9: Type of packages - BX to represent Box Container. However to trigger the control in TradeTest it is set to PK-->
				  <TypeCode>PK</TypeCode>
				</Packaging>


				<PreviousDocument>
					<!--DE 2/1:	Previous document of Z355 to show the MRN for the entry summary declaration.
							This is a mandatory field. To denote the inventory reference number.
							Note: As this is for a single item declaration, this should all be declared at header level-->
					<CategoryCode>Z</CategoryCode>
					<ID>19GB34F7Y1O2CX8PT4</ID>
					<TypeCode>355</TypeCode>
					<LineNumeric>1</LineNumeric>
				</PreviousDocument>

				<ValuationAdjustment>
				<!--DE 4/13: Valuation indicator - mandatory in this scenario as a
							valuation method of 1 has been used in DE 4/16.
							First digit: 0 = there is no price influence as a result of a
							Party Relationship between the buyer and seller.
							Second digit: 0 = there are no restrictions as to the disposal
							or use of the goods by the buyer in accordance with Article 70(3)(a) of the Code.
							Third digit: 0 = the sale or price is not subject to some condition
							or consideration in accordance with Article 70(3)(b) of the Code.
							Fourth digit: 0 = the sale is not subject to an arrangement under
							which part of the proceeds of any subsequent resale, disposal or use
							accrues directly or indirectly to the seller.-->
                    <AdditionCode>0000</AdditionCode>
                </ValuationAdjustment>
			</GovernmentAgencyGoodsItem>


			<Importer>
				<!--DE 3/16: EORI number of the Importer.-->
				<ID>GB553202734852</ID>
			</Importer>
			<!-- DE 2/1: For import inventory linked locations, the Inventory Reference Number (UCN) must be declared in DE 2/1 using the Previous Document Type Code 'MCR'.-->
			    <PreviousDocument>
				<CategoryCode>Z</CategoryCode>
				<ID>GB/1234-:3333HB</ID>
				<TypeCode>MCR</TypeCode>
			</PreviousDocument>
			<!--DE 2/1: Previous document to show the DUCR assigned to the consignment. This is a mandatory field-->
			<PreviousDocument>
                    <CategoryCode>Y</CategoryCode>
                    <ID>9GB553202734852-20200509</ID>
                     <TypeCode>DCR</TypeCode>
            </PreviousDocument>

			<TradeTerms>
				<!-- DE 4/1: Mandatory as method 1 is being used in DE 4/16.  CIF to indicate Cost, Insurance and Freight.  GBTIL to represent the named port of destination: Tilbury, UK-->
                <ConditionCode>CIF</ConditionCode>
                <LocationID>GBTIL</LocationID>
            </TradeTerms>
        </GoodsShipment>
<ObligationGuarantee>
<ID>GBCGU55320273485220191113093459</ID>
<!--DE 8/2:  Guarantee type.  1 to represent that a customs
comprehensive guarantee is NOT being waived for the deferment of customs duty.
Where document code C505 is declared in DE 2/3 (Document Codes) and
authorisation type code CGU is declared in DE 3/39
(Holder of the Authorisation), then code '0' or '1' must be declared
in this data element-->
<SecurityDetailsCode>1</SecurityDetailsCode>
</ObligationGuarantee>
	</Declaration>
   </md:MetaData>
