<MetaData>
    <WCODataModelVersionCode>3.6</WCODataModelVersionCode>
    <WCOTypeName>RES</WCOTypeName>
    <ResponsibleCountryCode/>
    <ResponsibleAgencyName/>
    <AgencyAssignedCustomizationCode/>
    <AgencyAssignedCustomizationVersionCode/>
    <Response>
        <FunctionCode>02</FunctionCode>
        <FunctionalReferenceID>f0383102134e4e27bbd2b96b80b87eb9</FunctionalReferenceID>
        <IssueDateTime>
            <DateTimeString formatCode="304">20220118134425Z</DateTimeString>
        </IssueDateTime>
        <AdditionalInformation>
            <StatementCode>001</StatementCode>
            <StatementTypeCode>1</StatementTypeCode>
            <Pointer>
                <SequenceNumeric>1</SequenceNumeric>
                <DocumentSectionCode>07B</DocumentSectionCode>
            </Pointer>
            <Pointer>
                <SequenceNumeric>1</SequenceNumeric>
                <DocumentSectionCode>53A</DocumentSectionCode>
            </Pointer>
        </AdditionalInformation>
        <Error>
            <ValidationCode>CDS20001</ValidationCode>
            <Pointer>
                <DocumentSectionCode>42A</DocumentSectionCode>
            </Pointer>
            <Pointer>
                <DocumentSectionCode>67A</DocumentSectionCode>
            </Pointer>
            <Pointer>
                <DocumentSectionCode>99A</DocumentSectionCode>
            </Pointer>
        </Error>
        <Declaration>
            <FunctionalReferenceID>TT_IM03b_v2.0_1801_01</FunctionalReferenceID>
            <ID>22GB0P3UJHXYQ3NAR7</ID>
            <VersionID>1</VersionID>
        </Declaration>
    </Response>
</MetaData>