<MetaData>
    <WCODataModelVersionCode>3.6</WCODataModelVersionCode>
    <WCOTypeName>RES</WCOTypeName>
    <ResponsibleCountryCode/>
    <ResponsibleAgencyName/>
    <AgencyAssignedCustomizationCode/>
    <AgencyAssignedCustomizationVersionCode/>
    <Response>
        <FunctionCode>06</FunctionCode>
        <FunctionalReferenceID>a304ec23e2644fb7a20c667ab529c90f</FunctionalReferenceID>
        <IssueDateTime>
            <DateTimeString formatCode="304">20220118134902Z</DateTimeString>
        </IssueDateTime>
        <AdditionalInformation>
            <StatementCode>ACA</StatementCode>
            <StatementDescription/>
            <LimitDateTime>
                <DateTimeString formatCode="304">20241107134902Z</DateTimeString>
            </LimitDateTime>
            <StatementTypeCode>ACA</StatementTypeCode>
        </AdditionalInformation>
        <Declaration>
            <FunctionalReferenceID>TT_IM03b_v2.0_1801_01</FunctionalReferenceID>
            <ID>22GB0P3UJHXYQ3NAR7</ID>
            <VersionID>2</VersionID>
        </Declaration>
    </Response>
</MetaData>