<MetaData>
    <WCODataModelVersionCode>3.6</WCODataModelVersionCode>
    <WCOTypeName>RES</WCOTypeName>
    <ResponsibleCountryCode/>
    <ResponsibleAgencyName/>
    <AgencyAssignedCustomizationCode/>
    <AgencyAssignedCustomizationVersionCode/>
    <Response>
        <FunctionCode>11</FunctionCode>
        <FunctionalReferenceID>02a6caeacbb24a67bb70a674252b9014</FunctionalReferenceID>
        <IssueDateTime>
            <DateTimeString formatCode="304">20220118134901Z</DateTimeString>
        </IssueDateTime>
        <AdditionalInformation>
            <StatementTypeCode>AFB</StatementTypeCode>
        </AdditionalInformation>
        <Status>
            <NameCode>39</NameCode>
        </Status>
        <Declaration>
            <FunctionalReferenceID>TT_IM03b_v2.0_1801_01</FunctionalReferenceID>
            <ID>22GB0P3UJHXYQ3NAR7</ID>
            <VersionID>1</VersionID>
        </Declaration>
    </Response>
</MetaData>