<MetaData>
    <WCODataModelVersionCode>3.6</WCODataModelVersionCode>
    <WCOTypeName>RES</WCOTypeName>
    <ResponsibleCountryCode/>
    <ResponsibleAgencyName/>
    <AgencyAssignedCustomizationCode/>
    <AgencyAssignedCustomizationVersionCode/>
    <Response>
        <FunctionCode>02</FunctionCode>
        <FunctionalReferenceID>89ae1b244fe24a48b464ca04a025210d</FunctionalReferenceID>
        <IssueDateTime>
            <DateTimeString formatCode="304">20220118135320Z</DateTimeString>
        </IssueDateTime>
        <Declaration>
            <FunctionalReferenceID>B5dhyqEVRluschlX0spDcw</FunctionalReferenceID>
            <ID>22GB0P3UJHXYQ3NAR7</ID>
            <VersionID>2</VersionID>
        </Declaration>
    </Response>
</MetaData>