<MetaData>
    <WCODataModelVersionCode>3.6</WCODataModelVersionCode>
    <WCOTypeName>RES</WCOTypeName>
    <ResponsibleCountryCode/>
    <ResponsibleAgencyName/>
    <AgencyAssignedCustomizationCode/>
    <AgencyAssignedCustomizationVersionCode/>
    <Response>
        <FunctionCode>01</FunctionCode>
        <FunctionalReferenceID>d1d28f1259c94eda89271fadae51b3d7</FunctionalReferenceID>
        <IssueDateTime>
            <DateTimeString formatCode="304">20220118135603Z</DateTimeString>
        </IssueDateTime>
        <Declaration>
            <AcceptanceDateTime>
                <DateTimeString formatCode="304">20220118135320Z</DateTimeString>
            </AcceptanceDateTime>
            <FunctionalReferenceID>TT_IM03b_v2.0_1801_01</FunctionalReferenceID>
            <ID>22GB0P3UJHXYQ3NAR7</ID>
            <VersionID>3</VersionID>
        </Declaration>
    </Response>
</MetaData>