<MetaData>
    <WCODataModelVersionCode>3.6</WCODataModelVersionCode>
    <WCOTypeName>RES</WCOTypeName>
    <ResponsibleCountryCode/>
    <ResponsibleAgencyName/>
    <AgencyAssignedCustomizationCode/>
    <AgencyAssignedCustomizationVersionCode/>
    <Response>
        <FunctionCode>07</FunctionCode>
        <FunctionalReferenceID>5bb6871e106d43b2b3bfc6c78110c1d2</FunctionalReferenceID>
        <IssueDateTime>
            <DateTimeString formatCode="304">20220118135603Z</DateTimeString>
        </IssueDateTime>
        <AdditionalInformation>
            <StatementDescription>First Amendment - Net Mass</StatementDescription>
            <StatementTypeCode>AES</StatementTypeCode>
            <Pointer>
                <SequenceNumeric>1</SequenceNumeric>
                <DocumentSectionCode>07B</DocumentSectionCode>
            </Pointer>
            <Pointer>
                <SequenceNumeric>1</SequenceNumeric>
                <DocumentSectionCode>06A</DocumentSectionCode>
            </Pointer>
        </AdditionalInformation>
        <AdditionalInformation>
            <StatementDescription>Second Amendment - Gross Mass</StatementDescription>
            <StatementTypeCode>AES</StatementTypeCode>
            <Pointer>
                <SequenceNumeric>1</SequenceNumeric>
                <DocumentSectionCode>07B</DocumentSectionCode>
            </Pointer>
            <Pointer>
                <SequenceNumeric>2</SequenceNumeric>
                <DocumentSectionCode>06A</DocumentSectionCode>
            </Pointer>
        </AdditionalInformation>
        <Amendment>
            <ChangeReasonCode>28</ChangeReasonCode>
            <Pointer>
                <DocumentSectionCode>42A</DocumentSectionCode>
            </Pointer>
            <Pointer>
                <DocumentSectionCode>67A</DocumentSectionCode>
            </Pointer>
            <Pointer>
                <SequenceNumeric>1</SequenceNumeric>
                <DocumentSectionCode>68A</DocumentSectionCode>
            </Pointer>
            <Pointer>
                <DocumentSectionCode>23A</DocumentSectionCode>
            </Pointer>
            <Pointer>
                <DocumentSectionCode>65A</DocumentSectionCode>
                <TagID>128</TagID>
            </Pointer>
        </Amendment>
        <Amendment>
            <ChangeReasonCode>28</ChangeReasonCode>
            <Pointer>
                <DocumentSectionCode>42A</DocumentSectionCode>
            </Pointer>
            <Pointer>
                <DocumentSectionCode>67A</DocumentSectionCode>
            </Pointer>
            <Pointer>
                <SequenceNumeric>1</SequenceNumeric>
                <DocumentSectionCode>68A</DocumentSectionCode>
            </Pointer>
            <Pointer>
                <DocumentSectionCode>23A</DocumentSectionCode>
            </Pointer>
            <Pointer>
                <DocumentSectionCode>65A</DocumentSectionCode>
                <TagID>126</TagID>
            </Pointer>
        </Amendment>
        <Declaration>
            <FunctionalReferenceID>TT_IM03b_v2.0_1801_01</FunctionalReferenceID>
            <ID>22GB0P3UJHXYQ3NAR7</ID>
            <VersionID>3</VersionID>
        </Declaration>
        <Declaration>
            <FunctionCode>9</FunctionCode>
            <GoodsShipment>
                <GovernmentAgencyGoodsItem>
                    <SequenceNumeric>1</SequenceNumeric>
                    <Commodity>
                        <GoodsMeasure>
                            <GrossMassMeasure>1501.000000</GrossMassMeasure>
                            <NetNetWeightMeasure>1001.000000</NetNetWeightMeasure>
                        </GoodsMeasure>
                    </Commodity>
                </GovernmentAgencyGoodsItem>
            </GoodsShipment>
        </Declaration>
    </Response>
</MetaData>