<MetaData>
    <WCODataModelVersionCode>3.6</WCODataModelVersionCode>
    <WCOTypeName>RES</WCOTypeName>
    <ResponsibleCountryCode/>
    <ResponsibleAgencyName/>
    <AgencyAssignedCustomizationCode/>
    <AgencyAssignedCustomizationVersionCode/>
    <Response>
        <FunctionCode>03</FunctionCode>
        <FunctionalReferenceID>5bb5eea39d404eb9a361657e25768f9b</FunctionalReferenceID>
        <IssueDateTime>
            <DateTimeString formatCode="304">20210621130234Z</DateTimeString>
        </IssueDateTime>
        <Error>
            <ValidationCode>CDS12144</ValidationCode>
            <Pointer>
                <DocumentSectionCode>42A</DocumentSectionCode>
            </Pointer>
            <Pointer>
                <DocumentSectionCode>67A</DocumentSectionCode>
            </Pointer>
            <Pointer>
                <SequenceNumeric>1</SequenceNumeric>
                <DocumentSectionCode>68A</DocumentSectionCode>
            </Pointer>
            <Pointer>
                <DocumentSectionCode>23A</DocumentSectionCode>
            </Pointer>
            <Pointer>
                <SequenceNumeric>2</SequenceNumeric>
                <DocumentSectionCode>50A</DocumentSectionCode>
                <TagID>401</TagID>
            </Pointer>
        </Error>
        <Declaration>
            <FunctionalReferenceID>TT_IM07a_v1.7_2106_001</FunctionalReferenceID>
            <ID>21GB6T491J31000WR4</ID>
            <RejectionDateTime>
                <DateTimeString formatCode="304">20210621130234Z</DateTimeString>
            </RejectionDateTime>
            <VersionID>1</VersionID>
        </Declaration>
    </Response>
</MetaData>