<MetaData>
    <WCODataModelVersionCode>3.6</WCODataModelVersionCode>
    <WCOTypeName>RES</WCOTypeName>
    <ResponsibleCountryCode/>
    <ResponsibleAgencyName/>
    <AgencyAssignedCustomizationCode/>
    <AgencyAssignedCustomizationVersionCode/>
    <Response>
        <FunctionCode>01</FunctionCode>
        <FunctionalReferenceID>8b9070cf6984461499e93e3371a34d69</FunctionalReferenceID>
        <IssueDateTime>
            <DateTimeString formatCode="304">20210714123729Z</DateTimeString>
        </IssueDateTime>
        <Declaration>
            <AcceptanceDateTime>
                <DateTimeString formatCode="304">20210714083000Z</DateTimeString>
            </AcceptanceDateTime>
            <FunctionalReferenceID>R322_E2E_TC07_CDS3</FunctionalReferenceID>
            <ID>21GB7PY67LGN7FJEA8</ID>
            <VersionID>2</VersionID>
        </Declaration>
    </Response>
</MetaData>