<MetaData>
    <WCODataModelVersionCode>3.6</WCODataModelVersionCode>
    <WCOTypeName>RES</WCOTypeName>
    <ResponsibleCountryCode/>
    <ResponsibleAgencyName/>
    <AgencyAssignedCustomizationCode/>
    <AgencyAssignedCustomizationVersionCode/>
    <Response>
        <FunctionCode>02</FunctionCode>
        <FunctionalReferenceID>1d2583e92b4847c38c3ca3f56e9e96df</FunctionalReferenceID>
        <IssueDateTime>
            <DateTimeString formatCode="304">20210714122848Z</DateTimeString>
        </IssueDateTime>
        <Declaration>
            <FunctionalReferenceID>R322_E2E_TC07_CDS3</FunctionalReferenceID>
            <ID>21GB7PY67LGN7FJEA8</ID>
            <VersionID>1</VersionID>
        </Declaration>
    </Response>
</MetaData>