<md:MetaData
	  xmlns="urn:wco:datamodel:WCO:DEC-DMS:2"
	  xmlns:xsi="http://www.w3.org/2001/XMLSchema-instance"
	  xmlns:clm63055="urn:un:unece:uncefact:codelist:standard:UNECE:AgencyIdentificationCode:D12B"
	  xmlns:ds="urn:wco:datamodel:WCO:MetaData_DS-DMS:2"
	  xmlns:md="urn:wco:datamodel:WCO:DocumentMetaData-DMS:2"
	  xsi:schemaLocation="urn:wco:datamodel:WCO:DocumentMetaData-DMS:2 ../DocumentMetaData_2_DMS.xsd "    >
			<md:WCODataModelVersionCode>3.6</md:WCODataModelVersionCode>
			<md:WCOTypeName>DEC</md:WCOTypeName>
			<md:ResponsibleCountryCode>GB</md:ResponsibleCountryCode>
			<md:ResponsibleAgencyName>HMRC</md:ResponsibleAgencyName>
			<md:AgencyAssignedCustomizationVersionCode>v2.1</md:AgencyAssignedCustomizationVersionCode>
			<Declaration
			xmlns="urn:wco:datamodel:WCO:DEC-DMS:2"
			xmlns:clm5ISO42173A="urn:un:unece:uncefact:codelist:standard:ISO:ISO3AlphaCurrencyCode:2012-08-31"
			xmlns:clm63055="urn:un:unece:uncefact:codelist:standard:UNECE:AgencyIdentificationCode:D12B"
			xmlns:p1="urn:wco:datamodel:WCO:Declaration_DS:DMS:2"
			xmlns:udt="urn:un:unece:uncefact:data:standard:UnqualifiedDataType:6"
			xmlns:xsi="http://www.w3.org/2001/XMLSchema-instance"
			xsi:schemaLocation="urn:wco:datamodel:WCO:DEC-DMS:2 ../WCO_DEC_2_DMS.xsd " >
			
		<!--
			SCENARIO 
			Trader submits a Type A Frontier declaration for goods being imported from ROW (China)to NI "At Risk" that attracts Provisional Anti-Dumping Duties (PADD).
			Indicative duty is calculated and DMSTAX and DMSACC Trader Notifications are sent prior to the Dwell Timer. 
			Goods: Calcium-silicon steel alloy. 7202998030
			Category: H1 Declaration Category data set
			Goods presented at the port of Belfast.
			Expected Notifications (4): DMSACC, DMSTAX(1), DMSTAX(2) and DMSCLE
		-->
		
		<!-- Function Code of 9 to represent an original declaration -->
		<FunctionCode>9</FunctionCode>
		<!-- DE 2/5: LRN.
			Traders own reference number this must be unique to the transaction -->
		<FunctionalReferenceID>TT_IM33a_v1.5_1312_01</FunctionalReferenceID>
		<!--DE 1/1: Declaration Type.
			IM to represent an import declaration.-->
		<!--DE 1/2: Additional Declaration Tupe.
			A to represent a supplementary declaration.-->
		<TypeCode>IMA</TypeCode>
		<!--DE 1/9: Total Number of Items.
			Total number of goods items on the declaration (single item declaration). -->
		<GoodsItemQuantity>1</GoodsItemQuantity>
		<!--6/18: Total Packages.
			In this case, 10.
			Note that this matches DE 6/10 because this is a single item declaration. -->
		<TotalPackageQuantity>10</TotalPackageQuantity>
		<!--DE 2/6: Deferred Payment.
			The DAN account used for deferred payment of duty in this scenario.
			This declared DAN belongs to the importer declared on the declaration. -->
		<AdditionalDocument>
			<CategoryCode>1</CategoryCode>
			<ID>1108654</ID>
			<TypeCode>DAN</TypeCode>
		</AdditionalDocument>
		<!--DE 3/39: Holder of the Authoriation Identification Number.
			An authorisation type code of DPO indicates Deferment of Payment authorisation.
			The ID here is the EORI of the DPO authorised party. -->
		<AuthorisationHolder>
			<ID>GB553202734852</ID>
			<CategoryCode>DPO</CategoryCode>
		</AuthorisationHolder>
		<!--DE 3/39: Holder of the Authoriation Identification Number.
			An authorisation type code of CGU is required where CCG authorisation is being declared or a waiver is being claimed.
			In this scenario, a waiver is being claimed - see DE 2/3 where a document code of C505 has been entered. 
			The ID here is the EORI of the CCG authorised party. -->
		<AuthorisationHolder>
			<ID>GB553202734852</ID>
			<CategoryCode>CGU</CategoryCode>
		</AuthorisationHolder>
		<!--DE 7/15: Nationality of Active Means of Transport Crossing the Border.
			Country code GB indicating Britain. -->
		<!--DE 7/4: Mode of Transport at the Border.
			ModeCode of 1 to represent Maritime Sea transport as the mode of transport at the border. -->
		<BorderTransportMeans>
			<RegistrationNationalityCode>GB</RegistrationNationalityCode>
			<ModeCode>1</ModeCode>
		</BorderTransportMeans>
		<!--DE 3/18: Declarant Identification Number.
			The EORI number of the agent entering the declaration. 
			The UK requires an EORI to be provided for the declarant. 
			In this scenario, the same as the EORI of the Agent. -->
		<Declarant>
			<ID>GB553202734852</ID>
		</Declarant>
		<!--DE 3/1: Exporter.
			Exporter name and address is mandatory where no recognised EORI number has been entered into DE 3/2. -->
		<Exporter>
			<Name>Originals from China</Name>
			<Address>
				<CityName>Shanghai</CityName>
				<CountryCode>CN</CountryCode>
				<Line>6 The Square</Line>
				<PostcodeID>10310</PostcodeID>
			</Address>
		</Exporter>
		<!--DE 8/5: Nature of Transaction.
			1 to indicate transactions involving actual or intended transfer of ownership from residents to non-residents against financial or other compensation. -->
		<GoodsShipment>
			<TransactionNatureCode>1</TransactionNatureCode>
			<Consignment>
				<!--DE 7/2: Container.
					Indicator to show if goods are packed in a container or not. 
					1 indicates that goods are transported in containers. 
					Note: Unlike CHIEF this must now be completed. -->
				<ContainerCode>1</ContainerCode>
				<!--DE 7/9:  Identity of Means of Transport on Arrival. 
					Example number representing IMO ship identification number: 10, and 5 digits 
					for the identification number: 12345. -->
				<ArrivalTransportMeans>
					<ID>12345</ID>
					<IdentificationTypeCode>10</IdentificationTypeCode>
					<!--DE 7/5: Inland Mode of Transport.
						3 to represent Road Transport. 
						This is required as customs procedures are completed away from the border. -->
					<ModeCode>3</ModeCode>
				</ArrivalTransportMeans>
				<GoodsLocation>
					<!--DE 5/23: Location of Goods. 
						Name code BELBELBEL indicates the Port of Belfast. -->
					<Name>BELBELBEL</Name>
					<!--DE 5/23: Location of Goods.
						Type A in this scenario to represent that it is a designated location. -->
					<TypeCode>A</TypeCode>
					<Address>
						<!--DE 5/23: Location of Goods:
							Address Type U in this scenario for UN/LOCODE. -->
						<TypeCode>U</TypeCode>
						<!--DE 5/23: Location of Goods:
							Address country code for where the goods may be examined, GB in this scenario. -->
						<CountryCode>GB</CountryCode>
					</Address>
				</GoodsLocation>
				<!--DE 7/10:  Container Identification Number. 
					This is required where the container code in DE 7/2 is 1, indicating containerised traffic.
					Example container identification number: alpha numeric to a total of 17 characters. -->
				<TransportEquipment>
					<SequenceNumeric>1</SequenceNumeric>
					<ID>DM1234</ID>
				</TransportEquipment>
			</Consignment>
			<!--DE 5/8: Country of Destination Code.
				In this case, Great Britain.-->
			<Destination>
				<CountryCode>GB</CountryCode>
			</Destination> 
			<!--DE 5/14: Country of Dispatch/Export Code.
				In this case, China. -->
			<ExportCountry>
				<ID>CN</ID>
			</ExportCountry>
			<GovernmentAgencyGoodsItem>
				<!--DE 1/6: Goods Item Number.
					Sequential number of the goods item. -->
				<SequenceNumeric>1</SequenceNumeric>
				<!--DE 2/3: Documents produced, certificates and authorisations, additional references.
					C506 indicates DPO - Authorisation for the deferment of payment. 
					Provide the authorisation decision number for the deferment of payment authorisation 
					in the format:
					- 2 digit code identifying the member state of authorisation, for example, GB
					- 3 digit code indicating that a deferment of payment authorisation is held, that is, DPO
					- followed by the authorisation reference number. No document status code is required. -->
				<AdditionalDocument>
					<CategoryCode>C</CategoryCode>
					<ID>GBDPO1108654</ID>
					<TypeCode>506</TypeCode>
				</AdditionalDocument>
				<!--DE 2/3: Documents produced, certificates and authorisations, additional references. 
					This field is mandatory if the codes are required.
					A document code of C505 indicates CGU - Authorisation for the provision of a customs comprehensive guarantee, including possible reduction or waiver.
					In this scenario, a waiver to the CCG authorisation is being used (indicated by the status code of CC), and therefore the ID also indicates that a waiver is being used.
					LPCOExemptionCode: CC indicates Authorisation issued under the Community Customs Code – CCG not required. -->
				<AdditionalDocument>
					<CategoryCode>C</CategoryCode>
					<ID>GBCGUGuaranteenotrequired</ID>
					<TypeCode>505</TypeCode>
					<LPCOExemptionCode>CC</LPCOExemptionCode>
				</AdditionalDocument>
				<!--DE 2/3: Documents produced, certificates and authorisations, additional references.
					A document code of N935 indicates the invoice on the basis of which the customs value of the goods is declared. 
					This is required as a Valuation Method of 1 to indicate transaction value has been declared in DE 4/16. -->
						<AdditionalDocument>
							<CategoryCode>N</CategoryCode>
							<ID>12345/19.11.2021</ID>
							<TypeCode>935</TypeCode>
							<LPCOExemptionCode>AC</LPCOExemptionCode>
						</AdditionalDocument>
				<!--DE 2/2: Additional Information. 
					00500 - IMPORTER Indicating Self representation by the importer. -->
				<AdditionalInformation>
					<StatementCode>00500</StatementCode>
					<StatementDescription>IMPORTER</StatementDescription>
				</AdditionalInformation>
				<!--DE 2/2: Additional Information. 
					This field is mandatory, this represents goods are imported from ROW into Northern Ireland. -->
				<AdditionalInformation>
					<StatementCode>NIIMP</StatementCode>
				</AdditionalInformation>
				<Commodity>
					<!--DE 6/8: Goods Description.
						Description of the goods specific enough to enable classification without repeating the CN code description in the Tariff. -->
					<Description>Calcium-silicon steel alloy. Containing greater than 16% calcium, greater than 45% silicon and less than 14% iron. Enclosed in steel sheets</Description>
					<Classification>
						<!--DE 6/14: Commodity code - combined nomenclature code. 
							IdentificationTypeCode of TSP indicates that a Transitional Simplified Procedure has been used. -->
						<ID>72029980</ID>
						<IdentificationTypeCode>TSP</IdentificationTypeCode>
					</Classification>
					<Classification>
						<!--DE 6/15: Commodity code: TARIC code. -->
						<ID>30</ID>
						<IdentificationTypeCode>TRC</IdentificationTypeCode>
					</Classification>
					<Classification>
						<!--DE 6/16: Commodity code: TARIC Additional code. -->
						<ID>C721</ID>
						<IdentificationTypeCode>TRA</IdentificationTypeCode>
					</Classification>
					<DutyTaxFee>
						<!--DE 4/17: Preference.
							Type 100 represents no preference being claimed. -->
						<DutyRegimeCode>100</DutyRegimeCode>
						<!--DE 4/3: Tax Type.
							A50 represents EU Customs duty. -->
						<TypeCode>A50</TypeCode>
						<!--DE 4/8: Method of Payment.
							MethodCode of E to indicate deferment used for import. -->
						<Payment>
							<MethodCode>E</MethodCode>
						</Payment>
					</DutyTaxFee>
					<DutyTaxFee>
						<!--DE 4/3: Tax Type.
							B05 represents EU VAT. -->
						<TypeCode>B05</TypeCode>
						<!--DE 4/8: Method of Payment.
							MethodCode of E to indicate Deferment used for import. -->
						<Payment>
							<MethodCode>E</MethodCode>
						</Payment>
					</DutyTaxFee>
					<DutyTaxFee>
						<!--DE 4/3: Tax Type.
							B00 represents UK VAT. -->
						<TypeCode>B00</TypeCode>
						<!--DE 4/8: Method of Payment.
							MethodCode of E to indicate Deferment used for import. -->
						<Payment>
							<MethodCode>E</MethodCode>
						</Payment>
					</DutyTaxFee>
					<DutyTaxFee>
						<!--DE 4/3: Tax Type.
							A85 represents EU Provisional Anti-Dumping Dutiies PADD. -->
						<TypeCode>A85</TypeCode>
						<!--DE 4/8: Method of Payment.
							MethodCode of E to indicate Deferment used for import. -->
						<Payment>
							<MethodCode>E</MethodCode>
						</Payment>
					</DutyTaxFee>
					<GoodsMeasure>
						<!--DE 6/5: Gross Mass.
							Mass of the goods in kilograms including packaging. -->
						<GrossMassMeasure>2100</GrossMassMeasure>
						<!--DE 6/1: Net Mass.
							Mass of the goods in kilograms without any packaging. -->
						<NetNetWeightMeasure>2000</NetNetWeightMeasure>
					</GoodsMeasure>
					<!--DE 4/14:  Item Price/Amount. 
						The invoice was issued with of a value of 5000 and the currency was in GBP. -->
					<InvoiceLine>
						<ItemChargeAmount currencyID="GBP">5000</ItemChargeAmount>
					</InvoiceLine>
				</Commodity>
				<!--DE 4/16: Valuation Method.
					1 to indicate the method is the deductive value of the imported goods. -->
				<CustomsValuation>
					<MethodCode>1</MethodCode>
				</CustomsValuation>
				<GovernmentProcedure>
					<!--DE 1/10: Procedure.
						Requested Procedure of 44 indicating Release to free circulation with duty relief granted under the End Use Special Procedure.
						Previous Procedure of 00 indicating where the goods have not been subject to any previous procedure. -->
					<CurrentCode>40</CurrentCode>
					<!--DE 1/10:  -->
					<PreviousCode>00</PreviousCode>
				</GovernmentProcedure>
				<!--DE 1/11: Additional Procedure Code.
					Goods imported under the shipwork end-use procedure. -->
				<GovernmentProcedure>
					<CurrentCode>000</CurrentCode>
				</GovernmentProcedure>
				<!--DE 5/15: Country of Origin.
					TypeCode of 1 to represent non-preferential origin.
					Where preference in D.E. 4/17 begins with 1, this must be completed.
					CountryCode contains the code for the country from which the goods originated, in this case China. -->
				<Origin>
					<CountryCode>CN</CountryCode>
					<TypeCode>1</TypeCode>
				</Origin>
				<Packaging>
					<SequenceNumeric>1</SequenceNumeric>
					<!--DE 6/11: Shipping Marks.
						Any marks and numbers on transport units or packages. -->
					<MarksNumbersID>SM12345</MarksNumbersID>
					<!--DE 6/10: Number of Packages.
						In this case, 10. -->
					<QuantityQuantity>10</QuantityQuantity>
					<!--DE 6/9: Type of Packages.
						SM to represent 'Sheet metal'. -->
					<TypeCode>SM</TypeCode>
				</Packaging>
				<!--DE 4/13: Valuation Indicator.
					Mandatory in this scenario as a valuation method of 1 has been used in DE 4/16.
					The code comprises four digits, each of which being either a ‘0’ or a ‘1’: 
					 - First digit: 0 = there is no price influence as a result of a Party Relationship between the buyer and seller.
					 - Second digit: 0 = there are no restrictions as to the disposal or use of the goods by the buyer in accordance with Article 70(3)(a) of the Code.
					 - Third digit: 0 = the sale or price is not subject to some condition or consideration in accordance with Article 70(3)(b) of the Code.
					 - Fourth digit: 0 = the sale is not subject to an arrangement under which part of the proceeds of any subsequent resale,  disposal or use accrues directly or indirectly to the seller.-->
				<ValuationAdjustment>
					<AdditionCode>0000</AdditionCode>
				</ValuationAdjustment>
			</GovernmentAgencyGoodsItem>
			<!--DE 3/16: Importer Identification Number.
				EORI number of the Importer. -->
			<Importer>
				<ID>GB553202734852</ID>
			</Importer>
			<!--DE 2/1: Previous Documents.
				Previous document to show the DUCR assigned to the consignment. -->
			<PreviousDocument>
				<CategoryCode>Z</CategoryCode>
				<ID>1GB553202734852-12344</ID>
				<TypeCode>DCR</TypeCode>
			</PreviousDocument>
			<!--DE 4/1: Delivery Terms.
				Mandatory as method 1 is being used in DE 4/16. CIF to indicate Cost, Insurance and Freight. 
				GBWLA to represent the named port of destination Wallasea Island, Baltic Wharf, UK. -->
			<TradeTerms>
				<ConditionCode>CIF</ConditionCode>
				<LocationID>GBBEL</LocationID>
			</TradeTerms>
		</GoodsShipment>
		<ObligationGuarantee>
			<!--DE 8/3:  Guarantee Reference. 
				Where document code C505 is declared in DE 2/3 (Document Codes) and authorisation type code CGU is declared in DE 3/39 (Holder of the Authorisation), then this data element is mandatory ID indicates that the guarantee 
				is not required, as stated in DE 8/2. -->
			<ID>Guaranteenotrequired</ID>
			<!--DE 8/2: Guarantee Type.  
				0 to represent that a customs comprehensive guarantee is being waived for the deferment of customs duty. 
				Where document code C505 is declared in DE 2/3 (Document Codes) and authorisation type code CGU is declared in DE 3/39 (Holder of the Authorisation), then code 0 or 1 must be declared in this data element. -->
			<SecurityDetailsCode>0</SecurityDetailsCode>
		</ObligationGuarantee>
	</Declaration>
</md:MetaData>