<MetaData>
	<WCODataModelVersionCode>3.6</WCODataModelVersionCode>
	<WCOTypeName>RES</WCOTypeName>
	<ResponsibleCountryCode/>
	<ResponsibleAgencyName/>
	<AgencyAssignedCustomizationCode/>
	<AgencyAssignedCustomizationVersionCode/>
	<Response>
		<FunctionCode>01</FunctionCode>
		<FunctionalReferenceID>5ebc80a7c8284cac85d7f64b02032f5f</FunctionalReferenceID>
		<IssueDateTime>
			<DateTimeString formatCode="304">20210505154543Z</DateTimeString>
		</IssueDateTime>
		<Declaration>
			<AcceptanceDateTime>
				<DateTimeString formatCode="304">20210505154541Z</DateTimeString>
			</AcceptanceDateTime>
			<FunctionalReferenceID>TT_IM59a_v1.1_0505_02</FunctionalReferenceID>
			<ID>21GB4Y4DSISKG45GV7</ID>
			<VersionID>1</VersionID>
		</Declaration>
	</Response>
</MetaData>