<MetaData>
	<WCODataModelVersionCode>3.6</WCODataModelVersionCode>
	<WCOTypeName>RES</WCOTypeName>
	<ResponsibleCountryCode/>
	<ResponsibleAgencyName/>
	<AgencyAssignedCustomizationCode/>
	<AgencyAssignedCustomizationVersionCode/>
	<Response>
		<FunctionCode>13</FunctionCode>
		<FunctionalReferenceID>ba9d81b4fb1541e8a6e2a48188a0e237</FunctionalReferenceID>
		<IssueDateTime>
			<DateTimeString formatCode="304">20210505154542Z</DateTimeString>
		</IssueDateTime>
		<Bank>
			<ReferenceID>CITIGB2LLON</ReferenceID>
			<ID>GB25CITI08320011963155</ID>
		</Bank>
		<Status>
			<NameCode>67</NameCode>
		</Status>
		<Declaration>
			<FunctionalReferenceID>TT_IM59a_v1.1_0505_02</FunctionalReferenceID>
			<ID>21GB4Y4DSISKG45GV7</ID>
			<VersionID>1</VersionID>
			<GoodsShipment>
				<GovernmentAgencyGoodsItem>
					<SequenceNumeric>1</SequenceNumeric>
					<Commodity>
						<DutyTaxFee>
							<AdValoremTaxBaseAmount currencyID="GBP">1200.00</AdValoremTaxBaseAmount>
							<DeductAmount currencyID="GBP">0.00</DeductAmount>
							<DutyRegimeCode>300</DutyRegimeCode>
							<TaxRateNumeric>0.00</TaxRateNumeric>
							<TypeCode>A50</TypeCode>
							<Payment>
								<TaxAssessedAmount currencyID="GBP">0.00</TaxAssessedAmount>
								<PaymentAmount currencyID="GBP">0.00</PaymentAmount>
							</Payment>
						</DutyTaxFee>
						<DutyTaxFee>
							<AdValoremTaxBaseAmount currencyID="GBP">0.00</AdValoremTaxBaseAmount>
							<DeductAmount currencyID="GBP">0.00</DeductAmount>
							<DutyRegimeCode>300</DutyRegimeCode>
							<TaxRateNumeric>20.00</TaxRateNumeric>
							<TypeCode>B05</TypeCode>
							<Payment>
								<TaxAssessedAmount currencyID="GBP">0.00</TaxAssessedAmount>
								<PaymentAmount currencyID="GBP">0.00</PaymentAmount>
							</Payment>
						</DutyTaxFee>
						<DutyTaxFee>
							<AdValoremTaxBaseAmount currencyID="GBP">1200.00</AdValoremTaxBaseAmount>
							<DeductAmount currencyID="GBP">0.00</DeductAmount>
							<DutyRegimeCode>300</DutyRegimeCode>
							<TaxRateNumeric>20.00</TaxRateNumeric>
							<TypeCode>B00</TypeCode>
							<Payment>
								<TaxAssessedAmount currencyID="GBP">240.00</TaxAssessedAmount>
								<PaymentAmount currencyID="GBP">240.00</PaymentAmount>
							</Payment>
						</DutyTaxFee>
					</Commodity>
				</GovernmentAgencyGoodsItem>
			</GoodsShipment>
		</Declaration>
	</Response>
</MetaData>