<MetaData>
	<WCODataModelVersionCode>3.6</WCODataModelVersionCode>
	<WCOTypeName>RES</WCOTypeName>
	<ResponsibleCountryCode/>
	<ResponsibleAgencyName/>
	<AgencyAssignedCustomizationCode/>
	<AgencyAssignedCustomizationVersionCode/>
	<Response>
		<FunctionCode>09</FunctionCode>
		<FunctionalReferenceID>7d4afaf8079e4900a04c725f4578cfe5</FunctionalReferenceID>
		<IssueDateTime>
			<DateTimeString formatCode="304">20210505154545Z</DateTimeString>
		</IssueDateTime>
		<AdditionalInformation>
			<StatementCode>A2</StatementCode>
			<StatementTypeCode>AFB</StatementTypeCode>
		</AdditionalInformation>
		<Declaration>
			<FunctionalReferenceID>TT_IM59a_v1.1_0505_02</FunctionalReferenceID>
			<ID>21GB4Y4DSISKG45GV7</ID>
			<VersionID>1</VersionID>
		</Declaration>
	</Response>
</MetaData>