  <MetaData><WCODataModelVersionCode>3.6</WCODataModelVersionCode><WCOTypeName>RES</WCOTypeName><ResponsibleCountryCode/><ResponsibleAgencyName/><AgencyAssignedCustomizationCode/><AgencyAssignedCustomizationVersionCode/><Response>
      <FunctionCode>16</FunctionCode>
      <FunctionalReferenceID>801eed3bfa534cb4af44280580f912df</FunctionalReferenceID>
      <IssueDateTime>
        <DateTimeString formatCode="304">20200128113511Z</DateTimeString>
      </IssueDateTime>
      <AdditionalInformation>
        <StatementCode></StatementCode>
        <StatementDescription>GB000290</StatementDescription>
        <StatementTypeCode>CEX</StatementTypeCode>
      </AdditionalInformation>
      <Status>
        <EffectiveDateTime>
          <DateTimeString formatCode="304">20200128000000Z</DateTimeString>
        </EffectiveDateTime>
        <NameCode>A1</NameCode>
      </Status>
      <Declaration>
        <FunctionalReferenceID>EX_3.6_TC02B_2801R01</FunctionalReferenceID>
        <ID>20GB139LA1E9CX8PA9</ID>
        <VersionID>2</VersionID>
      </Declaration>
    </Response></MetaData>
