<?xml version="1.0" encoding="UTF-8"?>
<inv:InventoryLinkingImportsValidateMovementResponse xmlns:inv="http://gov.uk/customs/inventoryLinkingImport/v1">
	<!--ID of the declaration assigned by Customs, being a specific customs ID or a Movement Reference Number (MRN). -->
	<inv:entryNumber>21GBBVQ43R8WDFAP07</inv:entryNumber>
	<!--Version number of the declaration before processing the amendment. -->
	<inv:entryVersionNumber>1</inv:entryVersionNumber>
	<!--Inventory Consignment Reference number which matches that within the declaration payload MUCR. -->
	<inv:inventoryConsignmentReference>2GB553202734852-20220215</inv:inventoryConsignmentReference>
	<!--000 indicates that the consignment has been matched to the declaration which should allow CDS to continue processing the declaration further. -->
	<inv:irc>000</inv:irc>
</inv:InventoryLinkingImportsValidateMovementResponse>