  <MetaData><WCODataModelVersionCode>3.6</WCODataModelVersionCode><WCOTypeName>RES</WCOTypeName><ResponsibleCountryCode/><ResponsibleAgencyName/><AgencyAssignedCustomizationCode/><AgencyAssignedCustomizationVersionCode/><Response>
  <!-- This is an example of a DMSCLE, when the declaration have been cleared and the submitter has been informed. Function code 09 indicates this clearance -->
      <FunctionCode>09</FunctionCode>
      <FunctionalReferenceID>c8d84498935f432bbb63543a4ec03710</FunctionalReferenceID>
      <IssueDateTime>
        <DateTimeString formatCode="304">20191107153945Z</DateTimeString>
      </IssueDateTime>
      <AdditionalInformation>
        <StatementCode>A1</StatementCode>
        <StatementTypeCode>AFB</StatementTypeCode>
      </AdditionalInformation>
      <Declaration>
        <FunctionalReferenceID>R251_TC05_1710_007</FunctionalReferenceID>
        <ID>19GBCBVIYEAA2X8PR2</ID>
        <VersionID>3</VersionID>
      </Declaration>
    </Response></MetaData>
