  <MetaData><WCODataModelVersionCode>3.6</WCODataModelVersionCode><WCOTypeName>RES</WCOTypeName><ResponsibleCountryCode/><ResponsibleAgencyName/><AgencyAssignedCustomizationCode/><AgencyAssignedCustomizationVersionCode/><Response>
      <FunctionCode>02</FunctionCode>
      <FunctionalReferenceID>3538b4db2edc4df4a970e5c62d2883bb</FunctionalReferenceID>
      <IssueDateTime>
        <DateTimeString formatCode="304">20191107153128Z</DateTimeString>
      </IssueDateTime>
      <Declaration>
        <FunctionalReferenceID>R251_TC05_1610_003</FunctionalReferenceID>
        <ID>19GBCBVIYEAA2X8PR2</ID>
        <VersionID>1</VersionID>
      </Declaration>
    </Response></MetaData>
