  <MetaData><WCODataModelVersionCode>3.6</WCODataModelVersionCode><WCOTypeName>RES</WCOTypeName><ResponsibleCountryCode/><ResponsibleAgencyName/><AgencyAssignedCustomizationCode/><AgencyAssignedCustomizationVersionCode/><Response>
      <FunctionCode>02</FunctionCode>
      <FunctionalReferenceID>ece694d8315a428a80659c3f2586bab6</FunctionalReferenceID>
      <IssueDateTime>
        <DateTimeString formatCode="304">20191107152654Z</DateTimeString>
      </IssueDateTime>
      <AdditionalInformation>
        <StatementCode>001</StatementCode>
        <StatementTypeCode>1</StatementTypeCode>
        <Pointer>
          <SequenceNumeric>1</SequenceNumeric>
          <DocumentSectionCode>07B</DocumentSectionCode>
        </Pointer>
        <Pointer>
          <SequenceNumeric>1</SequenceNumeric>
          <DocumentSectionCode>53A</DocumentSectionCode>
        </Pointer>
      </AdditionalInformation>
      <Error>
        <ValidationCode>EMSV0001</ValidationCode>
        <Pointer>
          <DocumentSectionCode>42A</DocumentSectionCode>
        </Pointer>
        <Pointer>
          <DocumentSectionCode>67A</DocumentSectionCode>
        </Pointer>
        <Pointer>
          <DocumentSectionCode>99A</DocumentSectionCode>
        </Pointer>
      </Error>
      <Declaration>
        <FunctionalReferenceID>R251_TC05_1710_007</FunctionalReferenceID>
        <ID>19GBCBVIYEAA2X8PR2</ID>
        <VersionID>1</VersionID>
      </Declaration>
    </Response></MetaData>
