<MetaData>
    <WCODataModelVersionCode>3.6</WCODataModelVersionCode>
    <WCOTypeName>RES</WCOTypeName>
    <ResponsibleCountryCode/>
    <ResponsibleAgencyName/>
    <AgencyAssignedCustomizationCode/>
    <AgencyAssignedCustomizationVersionCode/>
    <Response>
        <FunctionCode>01</FunctionCode>
        <FunctionalReferenceID>4335918c8f3e4ed1b3247aaa9f02f350</FunctionalReferenceID>
        <IssueDateTime>
            <DateTimeString formatCode="304">20211210141405Z</DateTimeString>
        </IssueDateTime>
        <Declaration>
            <AcceptanceDateTime>
                <DateTimeString formatCode="304">20211210141404Z</DateTimeString>
            </AcceptanceDateTime>
            <FunctionalReferenceID>NIP488_TC1_v0.1_1012_1</FunctionalReferenceID>
            <ID>21GBDMYJJO7XLPEA02</ID>
            <VersionID>1</VersionID>
        </Declaration>
    </Response>
</MetaData>