<MetaData>
    <WCODataModelVersionCode>3.6</WCODataModelVersionCode>
    <WCOTypeName>RES</WCOTypeName>
    <ResponsibleCountryCode/>
    <ResponsibleAgencyName/>
    <AgencyAssignedCustomizationCode/>
    <AgencyAssignedCustomizationVersionCode/>
    <Response>
        <FunctionCode>02</FunctionCode>
        <FunctionalReferenceID>c2672447a2ea420d8624036702f4da6b</FunctionalReferenceID>
        <IssueDateTime>
            <DateTimeString formatCode="304">20220118164025Z</DateTimeString>
        </IssueDateTime>
        <Declaration>
            <FunctionalReferenceID>TT_IM34a_v1.4_1801_01</FunctionalReferenceID>
            <ID>22GB0P9YTPF0U9HAR8</ID>
            <VersionID>1</VersionID>
        </Declaration>
    </Response>
</MetaData>