<MetaData>
    <WCODataModelVersionCode>3.6</WCODataModelVersionCode>
    <WCOTypeName>RES</WCOTypeName>
    <ResponsibleCountryCode/>
    <ResponsibleAgencyName/>
    <AgencyAssignedCustomizationCode/>
    <AgencyAssignedCustomizationVersionCode/>
    <Response>
        <FunctionCode>50</FunctionCode>
        <FunctionalReferenceID>1deebf9509f442478a136618b9206bb8</FunctionalReferenceID>
        <IssueDateTime>
            <DateTimeString formatCode="304">20220118164125Z</DateTimeString>
        </IssueDateTime>
        <AdditionalInformation>
            <StatementCode>H01</StatementCode>
            <StatementDescription>Awaiting Decision</StatementDescription>
            <StatementTypeCode>ALV</StatementTypeCode>
            <Pointer>
                <SequenceNumeric>1</SequenceNumeric>
                <DocumentSectionCode>07B</DocumentSectionCode>
            </Pointer>
            <Pointer>
                <SequenceNumeric>1</SequenceNumeric>
                <DocumentSectionCode>53A</DocumentSectionCode>
            </Pointer>
        </AdditionalInformation>
        <Error>
            <ValidationCode>CDS50000</ValidationCode>
            <Pointer>
                <DocumentSectionCode>42A</DocumentSectionCode>
            </Pointer>
            <Pointer>
                <DocumentSectionCode>67A</DocumentSectionCode>
            </Pointer>
            <Pointer>
                <SequenceNumeric>1</SequenceNumeric>
                <DocumentSectionCode>68A</DocumentSectionCode>
            </Pointer>
        </Error>
        <Declaration>
            <FunctionalReferenceID>TT_IM34a_v1.4_1801_01</FunctionalReferenceID>
            <ID>22GB0P9YTPF0U9HAR8</ID>
            <VersionID>1</VersionID>
        </Declaration>
    </Response>
</MetaData>