<MetaData>
    <WCODataModelVersionCode>3.6</WCODataModelVersionCode>
    <WCOTypeName>RES</WCOTypeName>
    <ResponsibleCountryCode/>
    <ResponsibleAgencyName/>
    <AgencyAssignedCustomizationCode/>
    <AgencyAssignedCustomizationVersionCode/>
    <Response>
        <FunctionCode>02</FunctionCode>
        <FunctionalReferenceID>ca7b4032538d47808de85dcc68ead5fa</FunctionalReferenceID>
        <IssueDateTime>
            <DateTimeString formatCode="304">20220118164911Z</DateTimeString>
        </IssueDateTime>
        <Declaration>
            <FunctionalReferenceID>qwxC4GI1SjCit4rL1RRTUg</FunctionalReferenceID>
            <ID>22GB0P9YTPF0U9HAR8</ID>
            <VersionID>1</VersionID>
        </Declaration>
    </Response>
</MetaData>