<MetaData>
    <WCODataModelVersionCode>3.6</WCODataModelVersionCode>
    <WCOTypeName>RES</WCOTypeName>
    <ResponsibleCountryCode/>
    <ResponsibleAgencyName/>
    <AgencyAssignedCustomizationCode/>
    <AgencyAssignedCustomizationVersionCode/>
    <Response>
        <FunctionCode>01</FunctionCode>
        <FunctionalReferenceID>9cbaa532c163436b9c77e4017ee0d0d9</FunctionalReferenceID>
        <IssueDateTime>
            <DateTimeString formatCode="304">20220118165526Z</DateTimeString>
        </IssueDateTime>
        <Declaration>
            <AcceptanceDateTime>
                <DateTimeString formatCode="304">20220118164910Z</DateTimeString>
            </AcceptanceDateTime>
            <FunctionalReferenceID>TT_IM34a_v1.4_1801_01</FunctionalReferenceID>
            <ID>22GB0P9YTPF0U9HAR8</ID>
            <VersionID>2</VersionID>
        </Declaration>
    </Response>
</MetaData>