  <MetaData><WCODataModelVersionCode>3.6</WCODataModelVersionCode><WCOTypeName>RES</WCOTypeName><ResponsibleCountryCode/><ResponsibleAgencyName/><AgencyAssignedCustomizationCode/><AgencyAssignedCustomizationVersionCode/><Response>
      <FunctionCode>09</FunctionCode>
      <FunctionalReferenceID>34cc38d405cf4ef9b971e285c553b0de</FunctionalReferenceID>
      <IssueDateTime>
        <DateTimeString formatCode="304">20200406150027Z</DateTimeString>
      </IssueDateTime>
      <AdditionalInformation>
        <StatementCode>A2</StatementCode>
        <StatementTypeCode>AFB</StatementTypeCode>
      </AdditionalInformation>
      <Declaration>
        <FunctionalReferenceID>TT_IM05a_060420_005</FunctionalReferenceID>
        <ID>20GB3U22TLK8DFGV02</ID>
        <VersionID>2</VersionID>
      </Declaration>
    </Response></MetaData>
