<md:MetaData xmlns="urn:wco:datamodel:WCO:DEC-DMS:2"
             xmlns:xsi="http://www.w3.org/2001/XMLSchema-instance"
             xmlns:clm63055="urn:un:unece:uncefact:codelist:standard:UNECE:AgencyIdentificationCode:D12B"
             xmlns:ds="urn:wco:datamodel:WCO:MetaData_DS-DMS:2"
             xmlns:md="urn:wco:datamodel:WCO:DocumentMetaData-DMS:2"
             xsi:schemaLocation="urn:wco:datamodel:WCO:DocumentMetaData-DMS:2 ../DocumentMetaData_2_DMS.xsd ">
	<md:WCODataModelVersionCode>3.6</md:WCODataModelVersionCode>
	<md:WCOTypeName>DEC</md:WCOTypeName>
	<md:ResponsibleCountryCode>GB</md:ResponsibleCountryCode>
	<md:ResponsibleAgencyName>HMRC</md:ResponsibleAgencyName>
	<md:AgencyAssignedCustomizationVersionCode>v2.1
			</md:AgencyAssignedCustomizationVersionCode>
	<Declaration xmlns="urn:wco:datamodel:WCO:DEC-DMS:2"
	             xmlns:clm5ISO42173A="urn:un:unece:uncefact:codelist:standard:ISO:ISO3AlphaCurrencyCode:2012-08-31"
	             xmlns:clm63055="urn:un:unece:uncefact:codelist:standard:UNECE:AgencyIdentificationCode:D12B"
	             xmlns:p1="urn:wco:datamodel:WCO:Declaration_DS:DMS:2"
	             xmlns:udt="urn:un:unece:uncefact:data:standard:UnqualifiedDataType:6"
	             xmlns:xsi="http://www.w3.org/2001/XMLSchema-instance"
	             xsi:schemaLocation="urn:wco:datamodel:WCO:DEC-DMS:2 ../WCO_DEC_2_DMS.xsd ">
		<!--
			SCENARIO
			Allowing low value consignments to be declared on an ROW-NI journey between private individuals on the Super Reduced Data Set (SRDS) and admitted free of customs duty without declaring 'C07'.
			
			A trader submits a ROW-NI Type A declaration with Procedure Code 4000 to derive the SRDS dataset.
			The trader declares:
			• Additional Procedure Codes '1H7' + 'C08' in DE 1/11 at item level.
			• Additional Information code 'NIIMP' in DE 2/2 to signify that the items are being imported into NI from ROW.
			• Postal charges in DE 4/19 at header level of £9. 
			• Item Price in DE 4/18 at item level that does not exceed £39.
			• Commodity Code 97020000 (Antiques - Original engravings, prints and lithographs).
			The Declaration is Accepted and Cleared.
			No duty is calculated as per BAU processing for SRDS declarations.
			The following Trader Notifications are displayed: DMSACC, DMSCLE.
		-->
		<!--Function Code of 9 to represent an original declaration. -->
		<FunctionCode>9</FunctionCode>
		<!--DE 2/5: LRN. 
			Mandatory field. 
			Traders own reference number this must be unique to the transaction. -->
		<FunctionalReferenceID>NIP488_TC1_v0.1_1012_1</FunctionalReferenceID>
		<!--DE 1/1: Declaration Type. 
			Mandatory field. 
			IM to represent an import declaration. -->
		<!--DE 1/2: Additional Declaration Type. 
			Mandatory field. 
			A to represent a Frontier declaration. -->
		<TypeCode>IMA</TypeCode>
		<!--DE 1/9: Total number of items. 
			Mandatory field. 
			1 to represent a single item declaration. -->
		<GoodsItemQuantity>1</GoodsItemQuantity>
		<Agent>
			<!--DE 3/21: Representative Status Code.
				FunctionCode of 2 indicating agent acting in direct representation for the importer (holding written instruction to do so).-->
			<FunctionCode>2</FunctionCode>
		</Agent>
		<BorderTransportMeans>
			<!--DE 7/4: Mode of transport at the border. 
				ModeCode of 5 to represent Postal Consignments. 
				Note that data elements 5/23 and 7/4 are required for Risk and must therefore be added. -->
			<ModeCode>5</ModeCode>
		</BorderTransportMeans>
		<!--DE 3/18: Declarant Identification Number. 
			Mandatory only when a recognised ID number is available.
			The EORI number of the declarant. 
			UK requires an EORI to be provided for the declarant. -->
		<Declarant>
			<ID>GB603202734852</ID>
		</Declarant>
		<!--DE 3/1: Exporter. 
			This data element can be declared at a header or item level, depending on the scenario.
			Exporter name and address is mandatory where no recognised EORI number has been entered into DE 3/2. -->
		<Exporter>
			<Name>Invaluable Fine Arts Inc</Name>
			<Address>
				<CityName>Sydney</CityName>
				<CountryCode>AU</CountryCode>
				<Line>26 Broadway Ave.</Line>
				<PostcodeID>SY1 4NY</PostcodeID>
			</Address>
		</Exporter>
		<GoodsShipment>
			<Consignment>
				<!--DE 5/23: Location of goods. 
					Mandatory field. 
					Not included in the H7 data set but required for GVMS.
					Note that data elements 5/23 and 7/4 are required for Risk and must therefore be added. 
					ID to give a unique position of the location where the goods are located at the time they are declared.
					The location code is entered using the following components:
					• Name: An alphanumeric identifier to give a unique position of the location, in this case BELBFSBEL indicating goods arriving at Belfast Airport, Northern Ireland, UK. 
					• TypeCode: Type of Location, A indicates frontier or frontier linked location.
					• Address TypeCode: Type of ID of the Location, U in this scenario for UN/LOCODE.
					• Address CountryCode: Country code of the country where the goods may be examined, GB in this scenario. -->
				<GoodsLocation>
					<Name>BELBFSBEL</Name>
					<TypeCode>A</TypeCode>
					<Address>
						<TypeCode>U</TypeCode>
						<CountryCode>GB</CountryCode>
					</Address>
				</GoodsLocation>
			</Consignment>
			<!--DE 4/19: Postal Charges. 
				In this case £9. -->
			<CustomsValuation>
				<FreightChargeAmount currencyID="GBP">9</FreightChargeAmount>
			</CustomsValuation>
			<GovernmentAgencyGoodsItem>
				<!--DE 4/18: Value.
					SRDS Mandatory field.
					In this case £39. -->
				<CustomsValueAmount currencyID="GBP">39</CustomsValueAmount>
				<!--DE 1/6: Goods item number. 
					Mandatory field. 
					Sequential number of the goods item. -->
				<SequenceNumeric>1</SequenceNumeric>
				<!--DE 2/2: Additional Information. 
					This field is mandatory, and represents that the goods are imported from ROW into Northern Ireland. -->
				<AdditionalInformation>
					<StatementCode>NIIMP</StatementCode>
				</AdditionalInformation>
				<Commodity>
					<!--DE 6/8: Description of goods. 
						Mandatory item. 
						Description of the goods specific enough to enable classification - without repeating the CN code description in the Tariff. -->
					<Description>Antiques - Original engravings, prints and lithographs</Description>
					<Classification>
						<!--DE 6/14: Commodity code - Combined Nomenclature Code. 
							Mandatory field.
							IdentificationTypeCode of TSP indicates that a Transitional Simplified Procedure has been used. -->
						<ID>97020000</ID>
						<IdentificationTypeCode>TSP</IdentificationTypeCode>
					</Classification>
					<GoodsMeasure>
						<!--DE 6/5: Gross Mass.
							Mass of the goods in kilograms including packaging. -->
						<GrossMassMeasure unitCode="KGM">2</GrossMassMeasure>
					</GoodsMeasure>
				</Commodity>
				<!--DE 1/10: Procedure. 
					Mandatory field.
					CurrentCode: 40 indicating entry for free circulation and home use of non-union goods.
					PreviousCode: 00 indicating where the goods have not been subject to any previous procedure. -->
				<GovernmentProcedure>
					<CurrentCode>40</CurrentCode>
					<PreviousCode>00</PreviousCode>
				</GovernmentProcedure>
				<!--DE 1/11: Additional Procedure Code.
					'1H7' at item level to derive the SRDS dataset. -->
				<GovernmentProcedure>
					<CurrentCode>1H7</CurrentCode>
				</GovernmentProcedure>
				<!--DE 1/11: Additional Procedure Code.
					'C08' at item level to indicate, goods in small consignments of a non-commercial nature sent by one private individual to another private individual not exceeding £39 to be admitted free of customs duty. -->
				<GovernmentProcedure>
					<CurrentCode>C08</CurrentCode>
				</GovernmentProcedure>
			</GovernmentAgencyGoodsItem>
			<!--DE 3/16: Importer Identification Number.
				EORI number of the Importer. -->
			<Importer>
				<ID>GB553202734852</ID>
			</Importer>
			<!--DE 2/1 : Previous Documents. 
				Mandatory field.
				Z271 represents a "Packing List". -->
			<PreviousDocument>
				<CategoryCode>Z</CategoryCode>
				<ID>PL20210630-281-284</ID>
				<TypeCode>271</TypeCode>
			</PreviousDocument>
		</GoodsShipment>
	</Declaration>
</md:MetaData>