<?xml version="1.0" encoding="UTF-8" standalone="yes"?>
<ns2:inventoryLinkingDeclarationSend xmlns="http://gov.uk/customs/inventoryLinking/gatewayHeader/v1" xmlns:ns2="http://gov.uk/customs/inventoryLinking/v1">
	<ns2:header>
		<badgeIdentifier>DHL123</badgeIdentifier>
		<submitter>GB025115166433</submitter>
		<clientID>ea8cf080-7a21-4c80-93fd-38bae65ea440</clientID>
		<conversationID>de3843da-0d3d-49b8-92fe-5d9fad0084ed</conversationID>
		<correlationID>2cb15607-70bd-4c4f-b89a-4c9eb5115345</correlationID>
		<dateTimeStamp>2020-04-07T10:36:29.446Z</dateTimeStamp>
	</ns2:header>
	<ns2:inventoryLinkingMovementTotalsResponse>
		<!-- This is an example of a EMR message, the output response from ILE for a MUCR -->
		<ns2:messageCode>EMR</ns2:messageCode>
		<ns2:crc>000</ns2:crc>
		<!-- ID to give a unique position of the location. DVRDOVDVR Indicating Dover -->
    <ns2:goodsLocation>GBAUDVRDOVDVR</ns2:goodsLocation>
		<ns2:masterUCR>GB/123456789012-0704M2</ns2:masterUCR>
		<ns2:declarationCount>1</ns2:declarationCount>
		<ns2:goodsArrivalDateTime>2020-04-07T08:00:00.000Z</ns2:goodsArrivalDateTime>
		<ns2:movementReference>Movement14</ns2:movementReference>
		<ns2:masterROE>6</ns2:masterROE>
		<ns2:masterSOE>0</ns2:masterSOE>
		<ns2:entry>
			<ns2:ucrBlock>
				<ns2:ucr>0GB427168118378-0704D2</ns2:ucr>
				<ns2:ucrType>D</ns2:ucrType>
			</ns2:ucrBlock>
			<ns2:goodsItem>
				<ns2:commodityCode>46021910</ns2:commodityCode>
				<ns2:totalPackages>10</ns2:totalPackages>
				<ns2:totalNetMass>5</ns2:totalNetMass>
			</ns2:goodsItem>
			<ns2:entryStatus>
				<ns2:roe>6</ns2:roe>
				<ns2:soe>14</ns2:soe>
			</ns2:entryStatus>
		</ns2:entry>
	</ns2:inventoryLinkingMovementTotalsResponse>
</ns2:inventoryLinkingDeclarationSend>
