<md:MetaData xmlns="urn:wco:datamodel:WCO:DEC-DMS:2"
           	xmlns:xsi="http://www.w3.org/2001/XMLSchema-instance"
           	xmlns:clm63055="urn:un:unece:uncefact:codelist:standard:UNECE:AgencyIdentificationCode:D12B"
           	xmlns:ds="urn:wco:datamodel:WCO:MetaData_DS-DMS:2"
           	xmlns:md="urn:wco:datamodel:WCO:DocumentMetaData-DMS:2"
           	xsi:schemaLocation="urn:wco:datamodel:WCO:DocumentMetaData-DMS:2 ../DocumentMetaData_2_DMS.xsd "
           	>
	<md:WCODataModelVersionCode>3.6</md:WCODataModelVersionCode>
	<md:WCOTypeName>DEC</md:WCOTypeName>
	<md:ResponsibleCountryCode>GB</md:ResponsibleCountryCode>
	<md:ResponsibleAgencyName>HMRC</md:ResponsibleAgencyName>
	<md:AgencyAssignedCustomizationVersionCode>v2.1</md:AgencyAssignedCustomizationVersionCode>
	<Declaration xmlns="urn:wco:datamodel:WCO:DEC-DMS:2"
           		xmlns:clm5ISO42173A="urn:un:unece:uncefact:codelist:standard:ISO:ISO3AlphaCurrencyCode:2012-08-31"
           		xmlns:clm63055="urn:un:unece:uncefact:codelist:standard:UNECE:AgencyIdentificationCode:D12B"
           		xmlns:p1="urn:wco:datamodel:WCO:Declaration_DS:DMS:2"
           		xmlns:udt="urn:un:unece:uncefact:data:standard:UnqualifiedDataType:6"
           		xmlns:xsi="http://www.w3.org/2001/XMLSchema-instance"
           		xsi:schemaLocation="urn:wco:datamodel:WCO:DEC-DMS:2 ../WCO_DEC_2_DMS.xsd "
           		>
		<!--
			SCENARIO
			To show that CDS can process an import Declaration for inherited goods, when using additional procedure C04.

			A trader submits an Imports Type F declaration importing goods from ROW to GB, declaring:
			• Procedure Code: 4000 in D.E. 1/10.
			• Additional Procedure Code: C04 in D.E 1/11.
			• Commodity code 7113110000 importing goods from the country Switzerland.

			The Goods Arrival Notification is submitted, the declaration becomes a Type C and CDS processes the declaration:
			• No Customs Duty, Excise or VAT will be calculated using the UK Tariff.
			• DMS will generate trader notifications.
			-->
		<FunctionCode>9</FunctionCode>
		<!--DE 2/5: LRN.
			Traders own reference number - this must be unique to the transaction-->
		<FunctionalReferenceID>CDSP_9778_03_1602_00</FunctionalReferenceID>
		<!--DE 1/1: Declaration Type.
			IM to represent an import declaration. -->
		<!--DE 1/2: Additional Declaration Type.
			F to represent a pre-lodged simplified declaration. -->
		<TypeCode>IMF</TypeCode>
		<!--DE 1/9: Total Number of Items.
			Total number of goods items on the declaration. -->
		<GoodsItemQuantity>1</GoodsItemQuantity>
		<!--DE 6/18: Total Packages.
			Total number of packages making up the consignment covered by the declaration.  
			As this is an Inventory Linked Import declaration, the total packages must match the consignment details 
			held by the inventory system.  
			Note that this matches DE 6/10 because this is a single item declaration.-->
		<TotalPackageQuantity>1</TotalPackageQuantity>
		<!--DE 3/20: ID of the representative. 
			When declared, the UK requires an EORI to be provided for the representative.
			DE 3/21: FunctionCode of 2 indicating agent acting in direct representation for the importer 
			(holding written instruction to do so).-->
		<Agent>
			<FunctionCode>2</FunctionCode>
		</Agent>
		<!--DE 3/39: Holder of the Authorisation Identification Number.
			An authorisation type code of SDE is required for authorisation to make a simplified declaration (see DE 2/3 where a document code of C512 has been entered). -->
		<AuthorisationHolder>
			<ID>GB575456994000</ID>
			<CategoryCode>SDE</CategoryCode>
		</AuthorisationHolder>
		<!--DE 3/18: Declarant Identification Number.
			The EORI number of the agent entering the declaration. 
			The UK requires an EORI to be provided for the declarant. -->
		<Declarant>
			<ID>GB603202734852</ID>
		</Declarant>
		<!--DE 3/1: Exporter. 
			Exporter name and address is mandatory where no recognised EORI number has been 
			entered into DE 3/2.-->
		<Exporter>
			<Name>Inheritance Made Easy</Name>
			<Address>
				<CityName>Geneva</CityName>
				<CountryCode>CH</CountryCode>
				<Line>8 Jewelled Avenue</Line>
				<PostcodeID>CH1 234</PostcodeID>
			</Address>
		</Exporter>
		<GoodsShipment>
			<Consignment>
				<!--DE 7/2: Container.
					Indicator to show if goods are packed in a container or not.  
					1 indicates that goods are transported in containers.  
					Note: unlike CHIEF this must now be completed. -->
				<ContainerCode>1</ContainerCode>
				<!--DE 5/23: Location of goods. Mandatory.
					The location code for Wallasea Island, a non-inventory linked location. -->
				<GoodsLocation>
					<!--DE 5/23: Location of Goods - Identification of location.
						The location code for Wallasea Island, Baltic Wharf, a non-inventory linked location. -->
					<Name>WLALONBTW</Name>
					<!--DE 5/23: Location of Goods - Type of location.
						ID to give a unique position of the location. -->
					<TypeCode>A</TypeCode>
					<Address>
						<!--DE 5/23: Location of Goods - Qualifier of the identification.
							Type of ID of the Location - U in this scenario for UN/LOCODE. -->
						<TypeCode>U</TypeCode>
						<!--DE 5/23: Location of Goods - Country.
							Country code of the country where the goods may be examined, GB in this scenario. -->
						<CountryCode>GB</CountryCode>
					</Address>
				</GoodsLocation>
				<!--DE 7/10: Container Identification Number.  
					Example container identification number: alpha numeric to a total of 17 characters. -->
				<TransportEquipment>
					<SequenceNumeric>1</SequenceNumeric>
					<ID>DM1234</ID>
				</TransportEquipment>
			</Consignment>
			<!-- DE 5/14: Country of Dispatch/Export Code.
				Country code of the dispatch country is CH. -->
			<ExportCountry>
				<ID>CH</ID>
			</ExportCountry>
			<GovernmentAgencyGoodsItem>
				<!--DE 1/6: Good Item Number.
					Sequential number of the goods item. -->
				<SequenceNumeric>1</SequenceNumeric>
				<!--DE 2/3: Documents produced, certificates and authorisations, additional references. 
					A document code C512 indicates an authorisation to use a simplified declaration. -->
				<AdditionalDocument>
					<CategoryCode>C</CategoryCode>
					<ID>GBSDE575456994000I</ID>
					<TypeCode>512</TypeCode>
				</AdditionalDocument>
				<!--DE 2/3: Documents produced, certificates and authorisations, additional references. 
					A document code C1421 indicates Importing inherited goods free of duty and VAT. -->
				<AdditionalDocument>
					<CategoryCode>1</CategoryCode>
					<ID>20394857</ID>
					<TypeCode>421</TypeCode>
					<LPCOExemptionCode>GE</LPCOExemptionCode>
				</AdditionalDocument>
				<!--DE 2/3: Documents produced, certificates and authorisations, additional references. 
					This field is mandatory if the codes are required.
					A document code of C400 indicates Other certificates: Presentation of the required "CITES" certificate. -->
				<AdditionalDocument>
					<CategoryCode>C</CategoryCode>
					<ID>GBICP54321</ID>
					<TypeCode>400</TypeCode>
					<LPCOExemptionCode>AC</LPCOExemptionCode>
				</AdditionalDocument>
				<!--DE 2/3: Documents produced, certificates and authorisations, additional references. 
					This field is mandatory if the codes are required.
					C679 indicates Import control on seal products for All countries.	Other certificates: Attesting Document 
					(seal product), issued by a recognised body in accordance with UK regulations [Regulation (EU) 2015/1850 as retained in UK law]. -->
				<AdditionalDocument>
					<CategoryCode>C</CategoryCode>
					<ID>0112368</ID>
					<TypeCode>679</TypeCode>
					<LPCOExemptionCode>AE</LPCOExemptionCode>
				</AdditionalDocument>
				<!--DE 2/3: Documents produced, certificates and authorisations, additional references. 
					This field is mandatory if the codes are required.
					9120 indicates Importation of animal pathogens Licence under the Importation of Animal pathogens Order 1980 (IAPO). -->
				<AdditionalDocument>
					<CategoryCode>9</CategoryCode>
					<ID>GBAHC686867</ID>
					<TypeCode>120</TypeCode>
					<LPCOExemptionCode>AE</LPCOExemptionCode>
				</AdditionalDocument>
				<!--DE 2/3: Documents produced, certificates and authorisations, additional references. 
					This field is mandatory if the codes are required.
					N271 indicates Packing list/Goods manifest/Goods Manifest where not available on an electronic inventory. -->
				<AdditionalDocument>
					<CategoryCode>N</CategoryCode>
					<ID>1726394</ID>
					<TypeCode>271</TypeCode>
					<LPCOExemptionCode>AE</LPCOExemptionCode>
				</AdditionalDocument>
				<Commodity>
					<!--DE 6/8: Description of Goods.
						Description	specific enough to enable classification - without repeating the CN code description in the Tariff for this scenario.
						Jewellery of silver, whether or not plated or clad with other precious metal. -->
					<Description>Silver jewellery, not plated or clad with other precious metal</Description>
					<!--DE 6/14: Commodity Code - Combined Nomenclature Code. -->
					<Classification>
						<ID>71131100</ID>
						<IdentificationTypeCode>TSP</IdentificationTypeCode>
					</Classification>
					<!--DE 6/15: Commodity Code: TARIC Code. -->
					<Classification>
						<ID>00</ID>
						<IdentificationTypeCode>TRC</IdentificationTypeCode>
					</Classification>
					<DutyTaxFee>
						<!--DE 4/17: Preference.
							Type of 100 represents no preference being claimed. -->
						<DutyRegimeCode>100</DutyRegimeCode>
					</DutyTaxFee>
					<GoodsMeasure>
						<!--DE 6/5: Gross Mass. 
							Weight of the goods in kilograms including packaging. -->
						<GrossMassMeasure>5</GrossMassMeasure>
						<!--DE 6/1: Net Mass.
							Mass of the goods in kilograms without any packaging. -->
						<NetNetWeightMeasure>0.5</NetNetWeightMeasure>
						<!--DE 6/2: Supplementary Units.
							Quantity of the goods in the unit as required by Customs for tariff, statistical or fiscal purposes. -->
						<TariffQuantity>500</TariffQuantity>
					</GoodsMeasure>
					<InvoiceLine>
						<!--DE 4/14: Item Price/ Amount. 
							The invoice was issued with a value of 2000 and the currency was in GBP. -->
						<ItemChargeAmount currencyID="GBP">2000</ItemChargeAmount>
					</InvoiceLine>
				</Commodity>
				<!--DE 1/10: Procedure.
					Requested Procedure of 40 indicating entry for free circulation and home use of goods. 
					Previous Procedure of 00 indicating that there is no previous procedure. -->
				<GovernmentProcedure>
					<CurrentCode>40</CurrentCode>
					<PreviousCode>00</PreviousCode>
				</GovernmentProcedure>
				<!--DE 1/11: Additional Procedure Code.
					C04 to indicate personal property acquired by inheritance. -->
				<GovernmentProcedure>
					<CurrentCode>C04</CurrentCode>
				</GovernmentProcedure>
				<!--DE 5/15: Country of Origin.
					TypeCode of 1 to represent non-preferential origin.  
					Where preference in DE 4/17 begins with '1', this must be completed.  
					CountryCode contains the code for the country from which the goods originated, in this case Switzerland. -->
				<Origin>
					<CountryCode>CH</CountryCode>
					<TypeCode>1</TypeCode>
				</Origin>
				<Packaging>
					<SequenceNumeric>1</SequenceNumeric>
					<!--DE 6/11: Shipping Marks.
						Marks on the packages. -->
					<MarksNumbersID>CDSTRADETEST1I</MarksNumbersID>
					<!--DE 6/10: Number of Packages.
						In this case 1. -->
					<QuantityQuantity>1</QuantityQuantity>
					<!--DE 6/9: Type of Packages.
						QP to represent Box, wooden, natural wood, ordinary. -->
					<TypeCode>QP</TypeCode>
				</Packaging>
			</GovernmentAgencyGoodsItem>
			<!--DE 3/16: Importer Identification Number.
				EORI number of the importer. -->
			<Importer>
				<ID>GB575456994000</ID>
			</Importer>
			<!--DE 2/1: Previous Documents.
				Previous document to show the DUCR assigned to the consignment.
				This is a mandatory field. -->
			<PreviousDocument>
				<CategoryCode>Z</CategoryCode>
				<ID>2GB575456994000-12345</ID>
				<TypeCode>DCR</TypeCode>
			</PreviousDocument>
		</GoodsShipment>
	</Declaration>
</md:MetaData>
