<n1:InventoryLinkingExportsInboundRequest
xmlns:inv="http://gov.uk/customs/inventoryLinking/v1"
xmlns:xsi="http://www.w3.org/2001/XMLSchema-instance"
xmlns:gw="http://gov.uk/customs/inventoryLinking/gatewayHeader/v1"
xmlns:n1="http://www.hmrc.gov.uk/cds/inventorylinking/exportmovement"
xsi:schemaLocation="http://www.hmrc.gov.uk/cds/inventorylinking/exportmovement DEC39_Root.xsd">
	<n1:requestCommon>
		<!--   <gw:badgeIdentifier>FCP127</gw:badgeIdentifier>  -->
		<gw:submitter>GB239355053000</gw:submitter>
		<gw:clientID>${#TestCase#clientID}</gw:clientID>
		<gw:conversationID>${#TestCase#conversationID}</gw:conversationID>
		<gw:correlationID>${#TestCase#correlationID}</gw:correlationID>
		<gw:dateTimeStamp>${#TestCase#dateAndTime}</gw:dateTimeStamp>
	</n1:requestCommon>
	<n1:requestDetail>
		<inv:inventoryLinkingMovementRequest>
			<inv:messageCode>EDL</inv:messageCode>               				  
			<inv:ucrBlock>
				<inv:ucr>1GB225456994000-2309R1</inv:ucr>
				<inv:ucrType>D</inv:ucrType>
			</inv:ucrBlock>
			<inv:goodsLocation>GBAUFXTFXTFXT</inv:goodsLocation>
			<!-- <inv:goodsArrivalDateTime>${#TestCase#dateAndTime}</inv:goodsArrivalDateTime> -->
			<inv:goodsDepartureDateTime>${#TestCase#dateAndTime}</inv:goodsDepartureDateTime>                
			<inv:movementReference>${#TestCase#movementReference}</inv:movementReference>                     
			<inv:transportDetails>
				<inv:transportID>11CSCLGLOBE</inv:transportID>
				<inv:transportMode>1</inv:transportMode>
				<inv:transportNationality>GB</inv:transportNationality>
			</inv:transportDetails>			  				   
		</inv:inventoryLinkingMovementRequest>  
	</n1:requestDetail>
</n1:InventoryLinkingExportsInboundRequest>