<md:MetaData xmlns="urn:wco:datamodel:WCO:DEC-DMS:2"
             xmlns:xsi="http://www.w3.org/2001/XMLSchema-instance"
             xmlns:clm63055="urn:un:unece:uncefact:codelist:standard:UNECE:AgencyIdentificationCode:D12B"
             xmlns:ds="urn:wco:datamodel:WCO:MetaData_DS-DMS:2"
             xmlns:md="urn:wco:datamodel:WCO:DocumentMetaData-DMS:2"
             xsi:schemaLocation="urn:wco:datamodel:WCO:DocumentMetaData-DMS:2 ../DocumentMetaData_2_DMS.xsd ">
	<md:WCODataModelVersionCode>3.6</md:WCODataModelVersionCode>
	<md:WCOTypeName>DEC</md:WCOTypeName>
	<md:ResponsibleCountryCode>GB</md:ResponsibleCountryCode>
	<md:ResponsibleAgencyName>HMRC</md:ResponsibleAgencyName>
	<md:AgencyAssignedCustomizationVersionCode>v2.1</md:AgencyAssignedCustomizationVersionCode>
	<Declaration xmlns="urn:wco:datamodel:WCO:DEC-DMS:2"
	             xmlns:clm5ISO42173A="urn:un:unece:uncefact:codelist:standard:ISO:ISO3AlphaCurrencyCode:2012-08-31"
	             xmlns:clm63055="urn:un:unece:uncefact:codelist:standard:UNECE:AgencyIdentificationCode:D12B"
	             xmlns:p1="urn:wco:datamodel:WCO:Declaration_DS:DMS:2"
	             xmlns:udt="urn:un:unece:uncefact:data:standard:UnqualifiedDataType:6"
	             xmlns:xsi="http://www.w3.org/2001/XMLSchema-instance"
	             xsi:schemaLocation="urn:wco:datamodel:WCO:DEC-DMS:2 ../WCO_DEC_2_DMS.xsd ">
		<!--
			SCENARIO
			Procedure code 4000 Additional Procedure code C28
			Goods: Fresh Plantain Bananas
			Frontier declaration: H1 additional declaration type A
			Self-Representation
			Method of Payment - S
			General Gurantee Account being used but does not have sufficient funds so trader receives a DMSCPI notification
			Goods presented at Baltic Wharf, Wallasea Island (NILP)
			
			Note that this declaration uses a frontier declaration at Wallasea Island, Baltic Wharf (NILP) for test purposes only: for business use a pre-lodged declaration must be submitted because Baltic Wharf is listed as an 'Other listed location'. 
		-->
		
		<!--Function Code of 9 to represent an original declaration -->
		<FunctionCode>9</FunctionCode>
		<!-- DE 2/5: Traders own reference number : this must be unique to the transaction -->
		<FunctionalReferenceID>TT5_131020_004</FunctionalReferenceID>
		<!--DE 1/1: IM to represent an import declaration.-->
		<!--DE 1/2: A to represent a pre-lodged standard declaration-->
		<TypeCode>IMA</TypeCode>
		<!--DE 1/9: Total number of goods items on the declaration - single item declaration.-->
		<GoodsItemQuantity>1</GoodsItemQuantity>
		<!--DE 4/11: Invoice Amount 1000, this is the total amount for the declaration. -->
		<InvoiceAmount currencyID="GBP">1000</InvoiceAmount>
		<!--6/18: Total packages -  250. Note that this matches DE 6/10 because this is a single item declaration.-->
		<TotalPackageQuantity>250</TotalPackageQuantity>
		<BorderTransportMeans>
			<!--DE 7/15: Country code of the nationality of the active means of transport crossing the border, in this case GB.-->
			<RegistrationNationalityCode>GB</RegistrationNationalityCode>
			<!--DE 7/4: ModeCode of 1 to represent Maritime/Sea transport as the mode of transport at the border-->
			<ModeCode>1</ModeCode>
		</BorderTransportMeans>
		<!--DE 3/18: Declarant Identification Number.
			The EORI number of the Importer entering the declaration.
			The UK requires an EORI to be provided for the declarant. -->
		<Declarant>
			<ID>GB021111237000</ID>
		</Declarant>
		<!--DE 3/1: Exporter.
			Exporter name and address is mandatory where no recognised EORI number has been entered into DE 3/2. -->
		<Exporter>
			<Name>BW Trading Commodities Inc.</Name>
			<Address>
				<CityName>Gaborone</CityName>
				<CountryCode>BW</CountryCode>
				<Line>1 Trade Street</Line>
				<PostcodeID>12345</PostcodeID>
			</Address>
		</Exporter>
		<GoodsShipment>
			<Consignment>
				<!--DE 7/2: Indicator to show if goods are packed in a container or not.
					1 indicates that goods are transported in containers
					Note: Unlike CHIEF this must now be completed-->
				<ContainerCode>1</ContainerCode>
				<ArrivalTransportMeans>
					<!--DE 7/9:  Identity of means of transport on arrival.
						Example number representing IMO ship identification number:
						10, and 5 digits for the identification number: 12345.-->
					<ID>12345</ID>
					<IdentificationTypeCode>10</IdentificationTypeCode>
				</ArrivalTransportMeans>
				<GoodsLocation>
					<!--DE 5/23: Location of Goods - Identification of location. 
						The location code for Wallasea Island, Baltic Wharf, a non-inventory linked location.
						Note that this declaration uses a frontier declaration at Wallasea Island, Baltic Wharf (NILP) for test purposes only: for business use a pre-lodged declaration must be submitted because Baltic Wharf is listed as an 'Other listed location'. -->
					<Name>WLALONBTW</Name>
					<!--DE 5/23: Location of Goods - Type of location.
						A in this scenario to represent that it is a designated location. -->
					<TypeCode>A</TypeCode>
					<Address>
						<!--DE 5/23: Location of Goods - Qualifier of the identification. 
							Type of ID of the Location - U in this scenario for UN/LOCODE-->
						<TypeCode>U</TypeCode>
						<!--DE 5/23: Location of Goods - Country.
							Country code of the country where the goods may be examined,
							GB in this scenario.-->
						<CountryCode>GB</CountryCode>
					</Address>
				</GoodsLocation>
			</Consignment>
			<Destination>
				<!--DE 5/8: Country code of the destination country, in this case GB.-->
				<CountryCode>GB</CountryCode>
			</Destination>
			<ExportCountry>
				<!--DE 5/14: Country code for the country from which the goods were originally dispatched.
					In this case BW - BOTSWANA. -->
				<ID>BW</ID>
			</ExportCountry>
			<GovernmentAgencyGoodsItem>
				<!--DE 1/6: Sequential number of the goods item.-->
				<SequenceNumeric>1</SequenceNumeric>
				<!--DE 8/5: Nature of transaction
					1 to indicate transactions involving actual or intended transfer of ownership from residents to non-residents against financial or other compensation. -->
				<TransactionNatureCode>1</TransactionNatureCode>
				<!--DE 2/3: A document code of N935 indicates Invoice/order reference (valuation Method 1 used).
					Document code of AC in this scenario indicates 	Document attached for certification by customs. -->
				<AdditionalDocument>
					<CategoryCode>N</CategoryCode>
					<ID>0054037-0054047</ID>
					<TypeCode>935</TypeCode>
					<LPCOExemptionCode>AC</LPCOExemptionCode>
				</AdditionalDocument>
				<!--DE 2/3: A document code of C644 indicates Certificate of inspection for organic products.
					Document code of GE in this scenario indicates document with the goods  exhausted by this entry-->
				<AdditionalDocument>
					<CategoryCode>C</CategoryCode>
					<ID>0054037-0054047</ID>
					<TypeCode>644</TypeCode>
					<LPCOExemptionCode>GE</LPCOExemptionCode>
				</AdditionalDocument>
				<!--DE 2/3: A document code of 9AID Evidence required by Procedure or Additional Procedure Code (D.E. 1/10 and D.E. 1/11) instructions for claiming relief from all charges except VAT.
					Document code of UP in this scenario indicates evidence required is unavailable  part use-->
				<AdditionalDocument>
					<CategoryCode>9</CategoryCode>
					<ID>GBAID356297392118</ID>
					<Name>Relief from all charges except VAT</Name>
					<TypeCode>AID</TypeCode>
					<LPCOExemptionCode>UP</LPCOExemptionCode>
				</AdditionalDocument>
				<Commodity>
					<Description>Fresh Plantain Bananas</Description>
					<!--DE 6/14: Commodity code - combined nomenclature code.-->
					<Classification>
						<ID>08031010</ID>
						<IdentificationTypeCode>TSP</IdentificationTypeCode>
					</Classification>
					<Classification>
						<!--DE 6/15: Commodity code - TARIC code.-->
						<ID>00</ID>
						<IdentificationTypeCode>TRC</IdentificationTypeCode>
					</Classification>
					<!-- DE 6/17: Commodity code, national additional codes. VATZ to represent VAT 0% duty rate.-->
					<Classification>
						<ID>VATZ</ID>
						<IdentificationTypeCode>GN</IdentificationTypeCode>
					</Classification>
					<DutyTaxFee>
						<!--DE 4/17: Preference Type of 100 represents Normal third country tariff duty (including ceilings).-->
						<DutyRegimeCode>100</DutyRegimeCode>
						<!--DE 4/3: Calculation of taxes - Tax type. In this scenario, A00 indicating Customs duties. -->
						<TypeCode>A00</TypeCode>
						<Payment>
							<!--DE 4/8: MethodCode of S to indicate General Guarantee payment for Tax Type A00 .-->
							<MethodCode>S</MethodCode>
						</Payment>
					</DutyTaxFee>
					<GoodsMeasure>
						<!--DE 6/5: Gross mass of the goods in kilograms including packaging.-->
						<GrossMassMeasure>600</GrossMassMeasure>
						<!-- DE 6/1: Net mass of the goods in kilograms without any packaging. -->
						<NetNetWeightMeasure>500</NetNetWeightMeasure>
						<!--DE 6/2: Supplementary units. Quantity of the goods in the unit as required by Customs for tariff, statistical or fiscal purposes-->
						<TariffQuantity>1000</TariffQuantity>
					</GoodsMeasure>
					<!--DE 4/14:  Item price amount. 
						The invoice was issued with a value of 1000 and the currency was in GBP. -->
					<InvoiceLine>
						<ItemChargeAmount currencyID="GBP">1000</ItemChargeAmount>
					</InvoiceLine>
					<!-- DE 7/10: Container identification number.  Example container identification number: alpha numeric to a total of 17 characters-->
					<TransportEquipment>
						<SequenceNumeric>1</SequenceNumeric>
						<ID>AD12345</ID>
					</TransportEquipment>
				</Commodity>
				<!--DE 4/16: Valuation method.
					1 to indicate the method is transaction value of the imported goods. -->
				<CustomsValuation>
					<MethodCode>1</MethodCode>
				</CustomsValuation>
				<GovernmentProcedure>
					<!--DE 1/10: Requested Procedure of 40 indicating Release to free circulation where goods are released from a customs warehouse. -->
					<CurrentCode>40</CurrentCode>
					<!--DE 1/10: Previous Procedure of 00 indicating placing of goods under the customs warehousing procedure. -->
					<PreviousCode>00</PreviousCode>
				</GovernmentProcedure>
				<!--DE 1/11: C28 to indicate simultaneous release for free circulation and home use of goods imported. -->
				<GovernmentProcedure>
					<CurrentCode>C28</CurrentCode>
				</GovernmentProcedure>
				<!--DE 5/15: BW repesenting Botswana.
					Where preference in D.E. 4/17 begins with a '1', this must be completed. -->
				<Origin>
					<CountryCode>BW</CountryCode>
					<TypeCode>1</TypeCode>
				</Origin>
				<Packaging>
					<SequenceNumeric>1</SequenceNumeric>
					<!--DE 6/11: Shipping marks on the packages-->
					<MarksNumbersID>BX-1234228/34</MarksNumbersID>
					<!--DE 6/10: Number of packages, in this case 250. 
						Note that this matches DE 6/18 because this is a single item declaration.-->
					<QuantityQuantity>250</QuantityQuantity>
					<!-- DE 6/9: Type of packages - BX to represent Box-->
					<TypeCode>BX</TypeCode>
				</Packaging>
				<!--DE 4/13. 
					First digit: 0 = there is no price influence as a result of a Party Relationship between the buyer and seller.
					Second digit: 0 = there are no restrictions as to the disposal or use of the goods by the buyer in accordance with Article 70(3)(a) of the Code.
					Third digit: 0 = the sale or price is not subject to some condition or consideration in accordance with Article 70(3)(b) of the Code.
					Fourth digit: 0 = the sale is not subject to an arrangement under which part of the proceeds of any subsequent resale, disposal or use accrues directly or indirectly to the seller
				-->
				<ValuationAdjustment>
					<AdditionCode>0000</AdditionCode>
				</ValuationAdjustment>
			</GovernmentAgencyGoodsItem>
			<!--DE 3/16: EORI number of the Importer.-->
			<Importer>
				<ID>GB021111237000</ID>
			</Importer>
			<PreviousDocument>
				<!--DE 2/1: Z355 To show the MRN for the Entry Summary Declaration. -->
				<CategoryCode>Z</CategoryCode>
				<ID>20GB34F7Y1O2CX8PT2</ID>
				<TypeCode>355</TypeCode>
				<LineNumeric>1</LineNumeric>
			</PreviousDocument>
			<!--DE 4/1: To represent the following delivery terms: CIF to Wallasea Island, UK.-->
			<TradeTerms>
				<ConditionCode>CIF</ConditionCode>
				<LocationID>GBWLA</LocationID>
			</TradeTerms>
		</GoodsShipment>
		<ObligationGuarantee>
			<!--DE 8/3: Guarantee Reference.
				Note that if this value is not declared in this sample then in Trade Test the declaration will automatically clear because the Immediate Payment Simulator is turned on, so the system will treat the declaration as an Immediate Payment and clear it automatically. -->
			<ReferenceID>GAN212082</ReferenceID>
			<!--DE 8/2:  Guarantee type. 7 to indicate that a General Guarantee Account -->
			<SecurityDetailsCode>7</SecurityDetailsCode>
		</ObligationGuarantee>
	</Declaration>
</md:MetaData>