<MetaData>
    <WCODataModelVersionCode>3.6</WCODataModelVersionCode>
    <WCOTypeName>RES</WCOTypeName>
    <ResponsibleCountryCode/>
    <ResponsibleAgencyName/>
    <AgencyAssignedCustomizationCode/>
    <AgencyAssignedCustomizationVersionCode/>
    <Response>
        <FunctionCode>01</FunctionCode>
        <FunctionalReferenceID>93c4fd0f48424e228407741d40e0c498</FunctionalReferenceID>
        <IssueDateTime>
            <DateTimeString formatCode="304">20220128092648Z</DateTimeString>
        </IssueDateTime>
        <Declaration>
            <AcceptanceDateTime>
                <DateTimeString formatCode="304">20220128092644Z</DateTimeString>
            </AcceptanceDateTime>
            <FunctionalReferenceID>TT_IM76a_v1.1_280122_1</FunctionalReferenceID>
            <ID>22GB1354USE99SDAR7</ID>
            <VersionID>1</VersionID>
        </Declaration>
    </Response>
</MetaData>
