<MetaData>
    <WCODataModelVersionCode>3.6</WCODataModelVersionCode>
    <WCOTypeName>RES</WCOTypeName>
    <ResponsibleCountryCode/>
    <ResponsibleAgencyName/>
    <AgencyAssignedCustomizationCode/>
    <AgencyAssignedCustomizationVersionCode/>
    <Response>
        <FunctionCode>09</FunctionCode>
        <FunctionalReferenceID>170f550b34ea46af9894a176f6ecc8b0</FunctionalReferenceID>
        <IssueDateTime>
            <DateTimeString formatCode="304">20220128092649Z</DateTimeString>
        </IssueDateTime>
        <AdditionalInformation>
            <StatementCode>A2</StatementCode>
            <StatementTypeCode>AFB</StatementTypeCode>
        </AdditionalInformation>
        <Declaration>
            <FunctionalReferenceID>TT_IM76a_v1.1_280122_1</FunctionalReferenceID>
            <ID>22GB1354USE99SDAR7</ID>
            <VersionID>1</VersionID>
        </Declaration>
    </Response>
</MetaData>