<MetaData>
	<WCODataModelVersionCode>3.6</WCODataModelVersionCode>
	<WCOTypeName>RES</WCOTypeName>
	<ResponsibleCountryCode/>
	<ResponsibleAgencyName/>
	<AgencyAssignedCustomizationCode/>
	<AgencyAssignedCustomizationVersionCode/>
	<Response>
		<FunctionCode>09</FunctionCode>
		<FunctionalReferenceID>16efcb2a4875434c81c8d75a09217bc0</FunctionalReferenceID>
		<IssueDateTime>
			<DateTimeString formatCode="304">20220309123954Z</DateTimeString>
		</IssueDateTime>
		<AdditionalInformation>
			<StatementCode>A2</StatementCode>
			<StatementTypeCode>AFB</StatementTypeCode>
		</AdditionalInformation>
		<Declaration>
			<FunctionalReferenceID>TT_IM76a_v1.2_0903_2</FunctionalReferenceID>
			<ID>22GB2OHN95MOXBCAR3</ID>
			<VersionID>1</VersionID>
		</Declaration>
	</Response>
</MetaData>