<md:MetaData xmlns:xsi="http://www.w3.org/2001/XMLSchema-instance" xmlns:md="urn:wco:datamodel:WCO:DocumentMetaData-DMS:2" xmlns:clm63055="urn:un:unece:uncefact:codelist:standard:UNECE:AgencyIdentificationCode:D12B" xmlns:ds="urn:wco:datamodel:WCO:MetaData_DS-DMS:2" xmlns="urn:wco:datamodel:WCO:DEC-DMS:2" xsi:schemaLocation="urn:wco:datamodel:WCO:DocumentMetaData-DMS:2 ../DocumentMetaData_2_DMS.xsd ">
<md:WCODataModelVersionCode>3.6</md:WCODataModelVersionCode>
<md:WCOTypeName>DEC</md:WCOTypeName>
<md:ResponsibleCountryCode>GB</md:ResponsibleCountryCode>
<md:ResponsibleAgencyName>HMRC</md:ResponsibleAgencyName>
<md:AgencyAssignedCustomizationVersionCode>v2.1 </md:AgencyAssignedCustomizationVersionCode>
<Declaration xmlns:xsi="http://www.w3.org/2001/XMLSchema-instance" xmlns:udt="urn:un:unece:uncefact:data:standard:UnqualifiedDataType:6" xmlns:p1="urn:wco:datamodel:WCO:Declaration_DS:DMS:2" xmlns:clm63055="urn:un:unece:uncefact:codelist:standard:UNECE:AgencyIdentificationCode:D12B" xmlns:clm5ISO42173A="urn:un:unece:uncefact:codelist:standard:ISO:ISO3AlphaCurrencyCode:2012-08-31" xmlns="urn:wco:datamodel:WCO:DEC-DMS:2" xsi:schemaLocation="urn:wco:datamodel:WCO:DEC-DMS:2 ../WCO_DEC_2_DMS.xsd ">
<!--SCENARIO Goods imported and declared to End-Use Procedure code 4400 Additional Procedure code 000 Authorisation by Declaration (AbD) used Goods: CCTV Camera Parts Frontier declaration: H1 additional declaration type A Importer is not an AEO authorisation holder Indirect Representation Deferment used for security Goods presented at Baltic Wharf, Wallasea Island (NILP)-->
<!--Function Code of 9 to represent an original declaration -->
<FunctionCode>9</FunctionCode>
<!-- DE 2/5: Traders own reference number : this must be unique to the transaction -->
<FunctionalReferenceID>R260_TC16_0903_009</FunctionalReferenceID>
<!--DE 1/1: IM to represent an import declaration.-->
<!--DE 1/2: A to represent a pre-lodged standard declaration-->
<TypeCode>IMA</TypeCode>
<!--DE 1/9: Total number of goods items on the declaration - single item declaration.-->
<GoodsItemQuantity>1</GoodsItemQuantity>
<!--DE 4/11: Invoice Amount, this is the total amount for the declaration. -->
<InvoiceAmount currencyID="GBP">2500</InvoiceAmount>
<!--6/18: Total packages - 100. Note that this matches DE 6/10 because this is a single item declaration.-->
<TotalPackageQuantity>100</TotalPackageQuantity>
<!--DE 2/6: The DAN account used for deferred payment (of third country duty in this scenario) This declared DAN belongs to the importer declared on the declaration.-->
<AdditionalDocument>
<CategoryCode>1</CategoryCode>
<ID>8078888</ID>
<TypeCode>DAN</TypeCode>
</AdditionalDocument>
<!--DE 3/20: ID of the representative. When declared, the UK requires an EORI to be provided for the representative.-->
<!--DE 3/21: FunctionCode of 3 indicating agent acting in indirect representation for the importer (holding written instruction to do so).-->
<Agent>
<ID>GB575456994000</ID>
<!--????-->
<FunctionCode>3</FunctionCode>
</Agent>
<!--DE 3/39: An authorisation type code of DPO indicates Deferment of payment authorisation. See DE 2/3 where a document code of C506 has been entered. The ID here is the EORI of the DPO authorised party. -->
<AuthorisationHolder>
<ID>GB225456994000</ID>
<CategoryCode>DPO</CategoryCode>
</AuthorisationHolder>
<!--DE 3/39: An authorisation type code of EUS indicates End Use authorisation, the EORI number entered here must be the same as the Importer's EORI number declared in DE 3/16.-->
<AuthorisationHolder>
<ID>GB225456994000</ID>
<CategoryCode>EUS</CategoryCode>
</AuthorisationHolder>
<!--DE 3/39: An authorisation type code of CGU is required where CCG authorisation is being declared or a waiver is being claimed. In this scenario, a waiver is being claimed. See DE 2/3 where a document code of C505 has been entered. The ID here is the EORI of the CCG authorised party.-->
<AuthorisationHolder>
<ID>GB225456994000</ID>
<CategoryCode>CGU</CategoryCode>
</AuthorisationHolder>
<BorderTransportMeans>
<!--DE 7/15: Country code of the nationality of the active means of transport crossing the border, in this case GB.-->
<RegistrationNationalityCode>GB</RegistrationNationalityCode>
<!--DE 7/4: ModeCode of 1 to represent Maritime/Sea transport as the mode of transport at the border-->
<ModeCode>1</ModeCode>
</BorderTransportMeans>
<!--DE 3/18: The EORI number of the Importer entering the declaration The UK requires an EORI to be provided for the declarant-->
<Declarant>
<ID>GB575456994000</ID>
</Declarant>
<!--DE 3/1: Exporter name and address is mandatory where no recognised EORI number has been entered into DE 3/2-->
<Exporter>
<Name>US Trading Commodities Inc.</Name>
<Address>
<CityName>New York</CityName>
<CountryCode>US</CountryCode>
<Line>1 Trade Street</Line>
<PostcodeID>NY1 234</PostcodeID>
</Address>
</Exporter>
<GoodsShipment>
<Consignment>
<!--DE 7/2: Indicator to show if goods are packed in a container or not. 1 indicates that goods are transported in containers Note: Unlike CHIEF this must now be completed-->
<ContainerCode>1</ContainerCode>
<ArrivalTransportMeans>
<!--DE 7/9: Identity of means of transport on arrival. Example number representing IMO ship identification number: 10, and 5 digits for the identification number: 12345.-->
<ID>12345</ID>
<IdentificationTypeCode>10</IdentificationTypeCode>
</ArrivalTransportMeans>
<GoodsLocation>
<!--DE 5/23:The location code for the Customs Warehouse. .-->
<Name>WLALONBTW</Name>
<!--DE 5/23: Type of Location - B is used to identify inland locations such as customs warehouses.-->
<TypeCode>A</TypeCode>
<Address>
<!--DE 5/23: Type of ID of the Location - Y is used where the goods location is identified by an authorisation number.-->
<TypeCode>U</TypeCode>
<!--DE 5/23: Country code of the country where the goods may be examined, GB in this scenario.-->
<CountryCode>GB</CountryCode>
</Address>
</GoodsLocation>
</Consignment>
<Destination>
<!--DE 5/8: Country code of the destination country, in this case GB.-->
<CountryCode>GB</CountryCode>
</Destination>
<ExportCountry>
<!--DE 5/14: Country code for the country from which the goods were originally dispatched, in this case US.-->
<ID>US</ID>
</ExportCountry>
<GovernmentAgencyGoodsItem>
<!--DE 1/6: Sequential number of the goods item.-->
<SequenceNumeric>1</SequenceNumeric>
<!--DE 8/6: Statistical Value: Enter the statistical value for the goods item in GBP,irrespective of the currency used in Invoice Currency. -->
<StatisticalValueAmount currencyID="GBP">2500</StatisticalValueAmount>
<!--DE 8/5: Nature of transaction: 1 to indicate transactions involving actual or intended transfer of ownership from residents to non-residents against financial or other compensation.-->
<TransactionNatureCode>1</TransactionNatureCode>
<!--C506 indicates DPO - Authorisation for the deferment of payment. Provide the authorisation decision number for the deferment of payment authorisation in the format: - 2 digit code identifying the member state of authorisation, for example, GB - 3 digit code indicating that a deferment of payment authorisation is held, that is, DPO - followed by the authorisation reference number. No document status code is required.-->
<AdditionalDocument>
<CategoryCode>C</CategoryCode>
<ID>DPO8078888</ID>
<TypeCode>506</TypeCode>
</AdditionalDocument>
<!--DE 2/3: A document code of C505 indicates a CGU - Authorisation for the provision of a comprehensive guarantee, including possible reduction or waiver.-->
<AdditionalDocument>
<CategoryCode>C</CategoryCode>
<ID>GBCGUGB225456994000</ID>
<TypeCode>505</TypeCode>
</AdditionalDocument>
<!--DE 2/3: A document code of N935 indicates Invoice/order reference (valuation Method 1 used). Document code of AC in this scenario indicates Document attached for certification by customs-->
<AdditionalDocument>
<CategoryCode>N</CategoryCode>
<ID>12345/01.12.2019</ID>
<TypeCode>935</TypeCode>
<LPCOExemptionCode>AC</LPCOExemptionCode>
</AdditionalDocument>
<!--DE 2/3: A document code of N990 indicates End-Use authorisation with Simplified Authorisation statement for AbD (N990 refers to end-use authorisation other than for ships and platforms). In this scenaria, a document code of XW indicates Waiver claimed-->
<AdditionalDocument>
<CategoryCode>N</CategoryCode>
<ID>GBEUS225456994000</ID>
<Name>Simplified Authorisation</Name>
<TypeCode>990</TypeCode>
<LPCOExemptionCode>XW</LPCOExemptionCode>
</AdditionalDocument>
<!--DE 2/3: Document code of 1207 to indicate Authorisation for Representative to use DAN account. Date and location from the C1207S form are entered as the ID Document code of AG in this scenario indicates Document attached exhausted by (or only applies to) this entry (document retained)-->
<AdditionalDocument>
<CategoryCode>1</CategoryCode>
<ID>20191211Wallasea</ID>
<TypeCode>207</TypeCode>
<LPCOExemptionCode>AG</LPCOExemptionCode>
</AdditionalDocument>
<!--DE 2/2: Additional information. GEN45 statement - unique reference number, allocated to the consignment/work -->
<AdditionalInformation>
<StatementCode>GEN45</StatementCode>
<StatementDescription>12345CCTVproject</StatementDescription>
</AdditionalInformation>
<!--DE 6/8: Description of the goods.-->
<Commodity>
<Description>CCTV digital camera lenses, 4000 40MP units.</Description>
<!--DE 6/14: Commodity code - combined nomenclature code.-->
<Classification>
<ID>85219000</ID>
<IdentificationTypeCode>TSP</IdentificationTypeCode>
</Classification>
<Classification>
<!--DE 6/15: Commodity code - TARIC code.-->
<ID>20</ID>
<IdentificationTypeCode>TRC</IdentificationTypeCode>
</Classification>
<DutyTaxFee>
<!--DE 4/17: Preference Type of 100 represents Normal third country tariff duty (including ceilings).-->
<DutyRegimeCode>115</DutyRegimeCode>
<!--DE 4/3: Calculation of taxes - Tax type. In this scenario, A00 indicating Customs duties. -->
<TypeCode>A00</TypeCode>
<Payment>
<!--DE 4/8: MethodCode of R to indicate Deferment payment for security used for import .-->
<MethodCode>R</MethodCode>
</Payment>
</DutyTaxFee>
<DutyTaxFee>
<!--DE 4/3: Calculation of taxes - Tax type. In this scenario, B00 indicating VAT. -->
<TypeCode>B00</TypeCode>
<Payment>
<!--DE 4/8: MethodCode of R to indicate Deferment payment for security used for import .-->
<MethodCode>R</MethodCode>
</Payment>
</DutyTaxFee>
<GoodsMeasure>
<GrossMassMeasure>2200</GrossMassMeasure>
<NetNetWeightMeasure>2000</NetNetWeightMeasure>
<TariffQuantity>4000</TariffQuantity>
</GoodsMeasure>
<!--DE 4/14: Item price amount. The invoice was issued with of a value of 2500 and the currency was in GBP.-->
<InvoiceLine>
<ItemChargeAmount currencyID="GBP">2500</ItemChargeAmount>
</InvoiceLine>
<!-- DE 7/10: Container identification number. Example container identification number: alpha numeric to a total of 17 characters-->
<TransportEquipment>
<SequenceNumeric>1</SequenceNumeric>
<ID>AD12345</ID>
</TransportEquipment>
</Commodity>
<CustomsValuation>
<MethodCode>1</MethodCode>
</CustomsValuation>
<GovernmentProcedure>
<!--DE 1/10: Requested Procedure of 44 indicating Release to free circulation with duty relief granted under the End Use Special Procedure.-->
<CurrentCode>44</CurrentCode>
<!--DE 1/10: Previous Procedure of 00 indicating there is no Previous Procedure a customs warehouse.-->
<PreviousCode>00</PreviousCode>
</GovernmentProcedure>
<!--DE 1/11: 000 to indicate no additional procedure.-->
<GovernmentProcedure>
<CurrentCode>000</CurrentCode>
</GovernmentProcedure>
<!--DE 5/15: US repesenting Unites States of America. Where preference in D.E. 4/17 begins with a '1', this must be completed. DE 2/3 provides Y088, a request for preferential treatment for Montenegro.-->
<Origin>
<CountryCode>US</CountryCode>
<TypeCode>1</TypeCode>
</Origin>
<Packaging>
<SequenceNumeric>1</SequenceNumeric>
<!-- DE 6/11: Shipping marks on the packages-->
<MarksNumbersID>ADRN123456123</MarksNumbersID>
<!-- DE 6/10: Number of packages, in this case 100. Note that this matches DE 6/18 because this is a single item declaration.-->
<QuantityQuantity>100</QuantityQuantity>
<!-- DE 6/9: Type of packages - BX to represent Box-->
<TypeCode>BX</TypeCode>
</Packaging>
<!--DE 4/13. First digit: 0 = there is no price influence as a result of a Party Relationship between the buyer and seller. Second digit: 0 = there are no restrictions as to the disposal or use of the goods by the buyer in accordance with Article 70(3)(a) of the Code. Third digit: 0 = the sale or price is not subject to some condition or consideration in accordance with Article 70(3)(b) of the Code. Fourth digit: 0 = the sale is not subject to an arrangement under which part of the proceeds of any subsequent resale, disposal or use accrues directly or indirectly to the seller -->
<ValuationAdjustment>
<AdditionCode>0000</AdditionCode>
</ValuationAdjustment>
</GovernmentAgencyGoodsItem>
<!--DE 3/16: EORI number of the Importer.-->
<Importer>
<ID>GB225456994000</ID>
</Importer>
<PreviousDocument>
<!--DE 2/1: Z355 To show the MRN for the Entry Summary Declaration. -->
<CategoryCode>Z</CategoryCode>
<ID>19GB34F7Y1O2CX8PT4</ID>
<TypeCode>355</TypeCode>
<LineNumeric>1</LineNumeric>
</PreviousDocument>
<!--DE 4/1: To represent the following delivery terms: CIF to Wallasea Island, UK.-->
<TradeTerms>
<ConditionCode>CIF</ConditionCode>
<LocationID>GBWLA</LocationID>
</TradeTerms>
</GoodsShipment>
<!--DE 8/3: Guarantee reference number. To refer to the CCG backing up the duty element of the DAN account, as stated in DE 8/2-->
<ObligationGuarantee>
<ID>GB896458895015</ID>
<!--DE 8/2: Guarantee type. 3 to indicate that Authorisation by customs declaration is used-->
<SecurityDetailsCode>3</SecurityDetailsCode>
</ObligationGuarantee>
<!--DE 8/3: Guarantee reference number. To refer to the DAN Account used for security, as stated in DE 8/2-->
<ObligationGuarantee>
<ID>GBCGUGB225456994000</ID>
<!--DE 8/2: Guarantee type. 1 to indicate that a CCG authorisation is held backing up the duty element of the DAN account-->
<SecurityDetailsCode>1</SecurityDetailsCode>
</ObligationGuarantee>
<SupervisingOffice>
<!--DE 5/27: Supervising customs office. The Supervising Office Code for the HMRC Office overseeing the Customs Warehouse procedure. In this scenario, this is Belfast, Dorchester House (NIRU).-->
<ID>GBBEL004</ID>
</SupervisingOffice>
</Declaration>
</md:MetaData>
