<n1:InventoryLinkingImportsDeclarationStatusNotification xmlns:n1="http://gov.uk/customs/inventoryLinkingImport/v1">
	<n1:declarationMethod>2</n1:declarationMethod>
	<n1:dateOfEntry>2022-03-03T10:30:09.000Z</n1:dateOfEntry>
	<n1:entryNumber>22GB2FSDD8A53RIA03</n1:entryNumber>
	<n1:entryVersionNumber>1</n1:entryVersionNumber>
	<n1:goodsArrivalDeclaration>Y</n1:goodsArrivalDeclaration>
	<n1:ics>3</n1:ics>
	<n1:inventoryConsignmentReference>CSPUCN123</n1:inventoryConsignmentReference>
	<n1:roe>6</n1:roe>
	<n1:traderReference>2GB427168118378-12345</n1:traderReference>
	<n1:totalPackages>0</n1:totalPackages>
</n1:InventoryLinkingImportsDeclarationStatusNotification>