<md:MetaData
      xmlns="urn:wco:datamodel:WCO:DEC-DMS:2"
      xmlns:xsi="http://www.w3.org/2001/XMLSchema-instance"
      xmlns:clm63055="urn:un:unece:uncefact:codelist:standard:UNECE:AgencyIdentificationCode:D12B"
      xmlns:ds="urn:wco:datamodel:WCO:MetaData_DS-DMS:2"
      xmlns:md="urn:wco:datamodel:WCO:DocumentMetaData-DMS:2"
      xsi:schemaLocation="urn:wco:datamodel:WCO:DocumentMetaData-DMS:2 ../DocumentMetaData_2_DMS.xsd "
    >
			<md:WCODataModelVersionCode>3.6</md:WCODataModelVersionCode>
			<md:WCOTypeName>DEC</md:WCOTypeName>
			<md:ResponsibleCountryCode>GB</md:ResponsibleCountryCode>
			<md:ResponsibleAgencyName>HMRC</md:ResponsibleAgencyName>
			<md:AgencyAssignedCustomizationVersionCode>v2.1</md:AgencyAssignedCustomizationVersionCode>
			<Declaration
        xmlns="urn:wco:datamodel:WCO:DEC-DMS:2"
        xmlns:clm5ISO42173A="urn:un:unece:uncefact:codelist:standard:ISO:ISO3AlphaCurrencyCode:2012-08-31"
        xmlns:clm63055="urn:un:unece:uncefact:codelist:standard:UNECE:AgencyIdentificationCode:D12B"
        xmlns:p1="urn:wco:datamodel:WCO:Declaration_DS:DMS:2"
        xmlns:udt="urn:un:unece:uncefact:data:standard:UnqualifiedDataType:6"
        xmlns:xsi="http://www.w3.org/2001/XMLSchema-instance"
        xsi:schemaLocation="urn:wco:datamodel:WCO:DEC-DMS:2 ../WCO_DEC_2_DMS.xsd "
      >

				<!-- SCENARIO:
      Y Type Declaration with DIT licencing. Export to ensure Declaration is accepted and cleared
       when SDP authorisation is supplied with Licensing
       Data set category: B1
       Procedure code: 1040 with 000 additional procedure code
       Goods item 1: Sniper Rifle with 27' barrel
       Goods Item 2: 50 Suppressor and thermal cover
       Exporter EORI: GB896458895015
       Declarant EORI: GB150454489082

       Expected notifications: DMSACC, DMSCLE
     -->
				<!--This should be updated to today's date.-->
				<AcceptanceDateTime>
						<p1:DateTimeString formatCode="304">20200318110000Z</p1:DateTimeString>
				</AcceptanceDateTime>
				<!--Function Code of 9 to represent an original declaration.-->
				<FunctionCode>9</FunctionCode>
				<!-- DE 2/5: The trader assigned reference to the declaration -->
				<FunctionalReferenceID>BIGBANG1.1803N03</FunctionalReferenceID>
				<!--DE 1/1: EX to represent an Export declaration.-->
				<!--DE 1/2: Y to represent a Standalone Supplementary Regular declaration-->
				<TypeCode>EXY</TypeCode>
				<!--DE 1/9: Total number of goods items on the declaration.-->
				<GoodsItemQuantity>2</GoodsItemQuantity>
				<!-- DE 4/11: Total invoice amount -->
				<InvoiceAmount currencyID="GBP">100000</InvoiceAmount>
				<!--DE 6/18: Total packages -->
				<TotalPackageQuantity>2</TotalPackageQuantity>
				<!--DE 3/20: Representative ID -->
				<!--DE 3/21: Representative status code 3 indicating Indirect Export-->
				<Agent>
					<ID>GB150454489082</ID>
					<FunctionCode>3</FunctionCode>
				</Agent>
				<!-- DE 3/39: An authorisation type code of SDE is required for authorisation to make a simplified declaration (see DE 2/3 where a document code of C512 has been entered).-->
				<AuthorisationHolder>
					<ID>GB150454489082</ID>
					<CategoryCode>SDE</CategoryCode>
				</AuthorisationHolder>
				<!--DE 7/14: Identity of active means of transport crossing the border. 11 indicating
				 Name of the seagoing vessel declared in ID -->
				<!--DE 7/15: Country code of the nationality of the active means of transport
	               	crossing the border, in this case GB.-->
				<!--	DE 7/4: ModeCode of 1 to represent Maritime/Sea transport as the mode of transport
					 at the border.-->
				<BorderTransportMeans>
					<ID>MSCSUPERGUN</ID>
					<IdentificationTypeCode>11</IdentificationTypeCode>
					<RegistrationNationalityCode>GB</RegistrationNationalityCode>
					<ModeCode>1</ModeCode>
				</BorderTransportMeans>
				<!--DE 3/18: EORI number of the Declarant. -->
				<Declarant>
					<ID>GB150454489082</ID>
				</Declarant>
				<!--DE 5/12 Customs office of exit. GB000051 indicating Felixstowe -->
				<ExitOffice>
					<ID>GB000051</ID>
				</ExitOffice>
				<!--DE 3/2: EORI number of the Exporter. -->
				<Exporter>
					<ID>GB896458895015</ID>
				</Exporter>
				<GoodsShipment>
					<!--DE 3/9: Consignee Name and Address (Mandatory when DE 3/10 is not completed) -->
					<Consignee>
						<Name>Mr Daniel Obutenrey</Name>
						<Address>
							<CityName>Khartoum</CityName>
							<CountryCode>SD</CountryCode>
							<Line>Crawford Street</Line>
							<PostcodeID>POBox 430</PostcodeID>
						</Address>
					</Consignee>
					<!--DE 7/2: 1 to indicate that the goods are transported in containers.-->
					<Consignment>
						<ContainerCode>1</ContainerCode>
						<!--DE 7/7: ID of the means of transport (e.g. MSCSUPERGUN) and
                     	identification type of the means of transport (in this scenario, 11
                     	indicating name of the seagoing vessel ).-->
						<DepartureTransportMeans>
							<ID>MSCSUPERGUN</ID>
							<IdentificationTypeCode>11</IdentificationTypeCode>
						</DepartureTransportMeans>
						<!--DE 5/23: ID to give a unique position of the location.FXTFXTFXT Indicating Felixstowe. -->
						<GoodsLocation>
							<Name>FXTFXTFXT</Name>
							<!--DE 5/23: Type of Location - A in this scenario to represent
                            that it is a designated location.-->
							<TypeCode>A</TypeCode>
							<Address>
								<!--DE 5/23: Type of ID of the Location - U in this scenario for
                            UN/LOCODE.-->
								<TypeCode>U</TypeCode>
								<!--DE 5/23: Country code of the country where the goods may be examined,
                            GB in this scenario.-->
								<CountryCode>GB</CountryCode>
							</Address>
						</GoodsLocation>
						<TransportEquipment>
							<!--DE 7/10: Container identification number.-->
							<SequenceNumeric>1</SequenceNumeric>
							<ID>CONU1234567</ID>
						</TransportEquipment>
					</Consignment>
					<!--DE 5/14: Country code for the country from which the goods were
                  	originally dispatched, in this case GB.-->
					<ExportCountry>
						<ID>GB</ID>
					</ExportCountry>
					<GovernmentAgencyGoodsItem>
						<!--DE 1/6: Sequential number of the goods item.-->
						<SequenceNumeric>1</SequenceNumeric>
						<!--DE 8/6: Enter the statistical value for the goods item in GBP, irrespective of the currency used in Invoice Currency. -->
						<StatisticalValueAmount currencyID="GBP">50000</StatisticalValueAmount>
						<!-- 8/5: Nature of Transaction - 1 Representing Transactions involving actual or intended transfer of ownership from residents to non-residents against financial or other compensation -->
						<TransactionNatureCode>1</TransactionNatureCode>
						<!-- DE 2/3: A document code C512 indicates an authorisation to use a simplified declaration-->
						<AdditionalDocument>
							<CategoryCode>C</CategoryCode>
							<ID>GBSDE150454489082E20191113093111</ID>
							<TypeCode>512</TypeCode>
						</AdditionalDocument>
						<!-- DE 2/3: A document code of Y903 indicates Declared goods are not included in the list of cultural goods.  COUNCIL REGULATION (EC) No 116/2009 on the export of cultural goods.-->
						<AdditionalDocument>
							<CategoryCode>Y</CategoryCode>
							<ID>005345680</ID>
							<Name>Not on list of cultural goods</Name>
							<TypeCode>903</TypeCode>
						</AdditionalDocument>
						<!-- DE 2/3: A document code of Y935 	Goods not covered by the provisions of Regulation (EU) 1332/2013 (OJ L 335) approving non-minor amendments to the specification for a name entered in the register of protected designations of origin and protected geographical indications-->
						<AdditionalDocument>
							<CategoryCode>Y</CategoryCode>
							<ID>005345678</ID>
							<Name>Reg 1332/2013 exempt</Name>
							<TypeCode>935</TypeCode>
						</AdditionalDocument>
						<!-- DE 2/3: A document code of Y920 indicates Goods other than those described in the footnotes linked to the measure Decision 1764/15-->
						<AdditionalDocument>
							<CategoryCode>Y</CategoryCode>
							<ID>005345682</ID>
							<Name>Not covered by footnote</Name>
							<TypeCode>920</TypeCode>
						</AdditionalDocument>
						<!--DE 2/3: A document code of E012 indicates Export licence "Cultural goods" (Regulation (EC) No 116/2009).
				In this scenario, a document code of XX is to declare that goods are not subject to any licences other than those declared.	-->
						<AdditionalDocument>
							<CategoryCode>E</CategoryCode>
							<ID>116/2009</ID>
							<Name>Cultural goods</Name>
							<TypeCode>012</TypeCode>
							<LPCOExemptionCode>XX</LPCOExemptionCode>
						</AdditionalDocument>
						<!--DE 2/3: A document code of Y901 indicates
				Product not included in the dual use list.  Commission Delegated Regulation (EU) No 1382/2014 of 22 October 2014 amending
				Council Regulation (EC) No 428/2009 setting up a Community regime for the control of exports, transfer, brokering and transit of dual-use items.-->
						<AdditionalDocument>
							<CategoryCode>Y</CategoryCode>
							<ID>1382/2014</ID>
							<Name>Export licence not required</Name>
							<TypeCode>901</TypeCode>
						</AdditionalDocument>
						<!--DE 2/3: A document code of X002 indicates Dual use export authorisation (Regulation 428/2009 and its amendments),
				setting up a Community regime for the control of exports, transfer, brokering and transit of dual-use items.
				In this scenario, a document code of EA is to declare that Electronic details on Customs Declaration Services (CDS) – already attributed on simplified declaration
				Quantity declaration is mandatory for this scenario -->
						<AdditionalDocument>
							<CategoryCode>X</CategoryCode>
							<ID>428/2009</ID>
							<Name>Dual use export authorisation </Name>
							<TypeCode>002</TypeCode>
							<LPCOExemptionCode>EA</LPCOExemptionCode>
							<WriteOff>
								<QuantityQuantity unitCode="KGM#G">10.00</QuantityQuantity>
							</WriteOff>
						</AdditionalDocument>
						<!--DE 6/8: Description of the goods.-->
						<Commodity>
							<Description>Sniper Rifle with 27' barrel</Description>
							<!--DE 6/14: Commodity code - combined nomenclature code.-->
							<Classification>
								<ID>93019000</ID>
								<IdentificationTypeCode>TSP</IdentificationTypeCode>
							</Classification>
							<!-- DE 6/16:Commodity code - TARIC additional codes, mandated by the commodity -->
							<Classification>
								<ID>4061</ID>
								<IdentificationTypeCode>TRA</IdentificationTypeCode>
							</Classification>
							<GoodsMeasure>
								<!--DE 6/5: Gross mass of the goods in kilograms including packaging.-->
								<GrossMassMeasure>20</GrossMassMeasure>
								<!--DE 6/1: Net mass of the goods in kilograms without any packaging.-->
								<NetNetWeightMeasure>15</NetNetWeightMeasure>
								<!--DE 6/2: Supplementary units. This data element is only required where the commodity code requires a supplementary unit. -->
								<TariffQuantity>20</TariffQuantity>
							</GoodsMeasure>
						</Commodity>
						<!--DE 5/8: Country code of the destination country, in this case SD representing Sudan-->
						<Destination>
							<CountryCode>SD</CountryCode>
						</Destination>
						<!--DE 1/10:  Procedure of 10 40 indicating Permanent export of goods in free circulation and home use-->
						<GovernmentProcedure>
							<CurrentCode>10</CurrentCode>
							<PreviousCode>40</PreviousCode>
						</GovernmentProcedure>
						<GovernmentProcedure>
							<!--DE 1/11: Additional Procedure. 1CG to indicate that these are controlled goods by SDP-->
							<CurrentCode>1CG</CurrentCode>
						</GovernmentProcedure>
						<Packaging>
							<!--DE 6/11: Shipping marks on the packages.-->
							<SequenceNumeric>1</SequenceNumeric>
							<MarksNumbersID>VERYDANGEROUS</MarksNumbersID>
							<!--DE 6/10: Number of packages, in this case 1.-->
							<QuantityQuantity>1</QuantityQuantity>
							<!--DE 6/9: Type of packages - 4C to represent Box, natural wood-->
							<TypeCode>4C</TypeCode>
						</Packaging>
						<PreviousDocument>
							<!--DE 2/1: Y to for Simplified procedures, SDE declared for Simplified declaration procedure , 1 to identify the first goods item-->
							<CategoryCode>Y</CategoryCode>
							<ID>19GBCDS123456789B1-1</ID>
							<TypeCode>SDE</TypeCode>
							<LineNumeric>1</LineNumeric>
						</PreviousDocument>
					</GovernmentAgencyGoodsItem>
					<GovernmentAgencyGoodsItem>
						<!-- DE 1/6: Sequential number of the goods item -->
						<SequenceNumeric>2</SequenceNumeric>
						<!--DE 8/6: Enter the statistical value for the goods item in GBP, irrespective of the currency used in Invoice Currency. -->
						<StatisticalValueAmount currencyID="GBP">50000</StatisticalValueAmount>
						<!-- 8/5: Nature of Transaction - 1 Representing Transactions involving actual or intended transfer of ownership from residents to non-residents against financial or other compensation -->
						<TransactionNatureCode>1</TransactionNatureCode>
						<!-- DE 2/3: A document code C512 indicates an authorisation to use a simplified declaration-->
						<AdditionalDocument>
							<CategoryCode>C</CategoryCode>
							<ID>GBSDE150454489082E20191113093111</ID>
							<TypeCode>512</TypeCode>
						</AdditionalDocument>
            <!-- DE 2/3: A document code of Y935 	Goods not covered by the provisions of Regulation (EU) 1332/2013 (OJ L 335) approving non-minor amendments to the specification for a name entered in the register of protected designations of origin and protected geographical indications-->
						<AdditionalDocument>
							<CategoryCode>Y</CategoryCode>
							<ID>456789012</ID>
							<Name>Reg 1332/2013 exempt</Name>
							<TypeCode>935</TypeCode>
						</AdditionalDocument>
            <!--DE 2/3: A document code of X002 indicates Dual use export authorisation (Regulation 428/2009 and its amendments),
            setting up a Community regime for the control of exports, transfer, brokering and transit of dual-use items.
            In this scenario, a document code of EA is to declare that Electronic details on Customs Declaration Services (CDS) – already attributed on simplified declaration
            Quantity declaration is mandatory for this scenario -->
						<AdditionalDocument>
							<CategoryCode>X</CategoryCode>
							<ID>GBOGE920002-00001</ID>
							<Name>Open GenExport Lic.</Name>
							<TypeCode>002</TypeCode>
							<LPCOExemptionCode>EA</LPCOExemptionCode>
							<WriteOff>
								<QuantityQuantity unitCode="KGM#G">102.00</QuantityQuantity>
							</WriteOff>
						</AdditionalDocument>
            <!-- DE 2/3: A document code of Y903 indicates Declared goods are not included in the list of cultural goods.  COUNCIL REGULATION (EC) No 116/2009 on the export of cultural goods.-->
						<AdditionalDocument>
							<CategoryCode>Y</CategoryCode>
							<ID>005345680</ID>
							<Name>Not on list of cultural goods</Name>
							<TypeCode>903</TypeCode>
						</AdditionalDocument>
						<!-- DE 2/3: A document code of Y920 indicates Goods other than those described in the footnotes linked to the measure Decision 1764/15-->
						<AdditionalDocument>
							<CategoryCode>Y</CategoryCode>
							<ID>005345682</ID>
							<Name>Not covered by footnote</Name>
							<TypeCode>920</TypeCode>
						</AdditionalDocument>
						<!--DE 6/8: Description of the goods.-->
						<Commodity>
							<Description>50 Suppressor and thermal cover</Description>
							<Classification>
								<!--DE 6/14: Commodity code - combined nomenclature code.-->
								<ID>93059100</ID>
								<IdentificationTypeCode>TSP</IdentificationTypeCode>
							</Classification>
							<Classification>
								<!-- DE 6/16:Commodity code - TARIC additional codes, mandated by the commodity -->
								<ID>4099</ID>
								<IdentificationTypeCode>TRA</IdentificationTypeCode>
							</Classification>
							<GoodsMeasure>
								<!--DE 6/5: Gross mass of the goods in kilograms including packaging.-->
								<GrossMassMeasure>15</GrossMassMeasure>
								<!--DE 6/1: Net mass of the goods in kilograms without any packaging.-->
								<NetNetWeightMeasure>11</NetNetWeightMeasure>
							</GoodsMeasure>
						</Commodity>
						<Destination>
							<CountryCode>SD</CountryCode>
						</Destination>
						<!--DE 1/10:  Procedure of 10 40 indicating Permanent export of goods in free circulation and home use-->
						<GovernmentProcedure>
							<CurrentCode>10</CurrentCode>
							<PreviousCode>40</PreviousCode>
						</GovernmentProcedure>
						<!--DE 1/11: 000 to indicate no additional procedure.-->
						<GovernmentProcedure>
							<CurrentCode>1CG</CurrentCode>
						</GovernmentProcedure>
						<Packaging>
							<SequenceNumeric>1</SequenceNumeric>
							<MarksNumbersID>VERYDANGEROUS</MarksNumbersID>
							<QuantityQuantity>1</QuantityQuantity>
							<TypeCode>4C</TypeCode>
						</Packaging>
						<!--DE 2/1: Y to for Simplified procedures, SDE declared for Simplified declaration procedure -->
						<PreviousDocument>
							<CategoryCode>Y</CategoryCode>
							<ID>19GBCDS123456789B1-2</ID>
							<TypeCode>SDE</TypeCode>
							<LineNumeric>1</LineNumeric>
						</PreviousDocument>
					</GovernmentAgencyGoodsItem>
					<PreviousDocument>
						<CategoryCode>Y</CategoryCode>
						<ID>0GB150454489082-1803N03</ID>
						<TypeCode>DCR</TypeCode>
						<LineNumeric>1</LineNumeric>
					</PreviousDocument>
				</GoodsShipment>
			</Declaration>
		</md:MetaData>
