<md:MetaData xmlns="urn:wco:datamodel:WCO:DEC-DMS:2"
           	xmlns:xsi="http://www.w3.org/2001/XMLSchema-instance"
           	xmlns:clm63055="urn:un:unece:uncefact:codelist:standard:UNECE:AgencyIdentificationCode:D12B"
           	xmlns:ds="urn:wco:datamodel:WCO:MetaData_DS-DMS:2"
           	xmlns:md="urn:wco:datamodel:WCO:DocumentMetaData-DMS:2"
           	xsi:schemaLocation="urn:wco:datamodel:WCO:DocumentMetaData-DMS:2 ../DocumentMetaData_2_DMS.xsd "    >
	<md:WCODataModelVersionCode>3.6</md:WCODataModelVersionCode>
	<md:WCOTypeName>DEC</md:WCOTypeName>
	<md:ResponsibleCountryCode>GB</md:ResponsibleCountryCode>
	<md:ResponsibleAgencyName>HMRC</md:ResponsibleAgencyName>
	<md:AgencyAssignedCustomizationVersionCode>v2.1</md:AgencyAssignedCustomizationVersionCode>
	<Declaration xmlns="urn:wco:datamodel:WCO:DEC-DMS:2"
           		xmlns:clm5ISO42173A="urn:un:unece:uncefact:codelist:standard:ISO:ISO3AlphaCurrencyCode:2012-08-31"
           		xmlns:clm63055="urn:un:unece:uncefact:codelist:standard:UNECE:AgencyIdentificationCode:D12B"
           		xmlns:p1="urn:wco:datamodel:WCO:Declaration_DS:DMS:2"
           		xmlns:udt="urn:un:unece:uncefact:data:standard:UnqualifiedDataType:6"
           		xmlns:xsi="http://www.w3.org/2001/XMLSchema-instance"
           		xsi:schemaLocation="urn:wco:datamodel:WCO:DEC-DMS:2 ../WCO_DEC_2_DMS.xsd " >
		<!--
			SCENARIO 
			CSP submits an inventory-linked Type A Frontier non-ALVS declaration where "ttphysicalW" is entered in the goods description field 
			Import of goods liable to Provisional Anti-Dumping Duties, with no previous procedure
			Goods: Heavyweight thermal paper weighing more than 65 gr/m²
			Standard frontier Declaration Type A which derives a H1 Declaration Category data set
			Goods presented at Tilbury Docks (IVL location) on arrival.
			Expected Results: 3 Control Tasks - DMSDOC Non-blocking Documentary, DSMDOC ALVS and DMSCTL Physical
			Expected Trader Notifications: DMSACC, DMSTAX, DMSDOC and DMSCTL.
		-->
		
		<!-- Function Code of 9 to represent an original declaration -->
		<FunctionCode>9</FunctionCode>
		<!-- DE 2/5: Traders own reference number this must be unique to the transaction -->
		<FunctionalReferenceID>TT_IM34b_v1.2_3009_01</FunctionalReferenceID>
		<!--DE 1/1: IM to represent an import declaration. -->
		<!--DE 1/2: A to represent a supplementary declaration. -->
		<TypeCode>IMA</TypeCode>
		<!--DE 1/9: Total number of goods items on the declaration (single item declaration). -->
		<GoodsItemQuantity>1</GoodsItemQuantity>
		<!--6/18: Total packages -  10 note that this matches DE 6/10 because this is a single item declaration. -->
		<TotalPackageQuantity>10</TotalPackageQuantity>
		<!--DE 2/6: The DAN account used for deferred payment of duty in this scenario 
			The agent has standing authority to use this DAN on behalf of the importer in this declaration. -->
		<AdditionalDocument>
			<CategoryCode>1</CategoryCode>
			<ID>1108654</ID>
			<TypeCode>DAN</TypeCode>
		</AdditionalDocument>
		<!--DE 3/21: Representative Status Code. 
			FunctionCode of 2 indicating agent acting in direct representation for the importer (holding written instruction to do so). -->
		<Agent>
			<FunctionCode>2</FunctionCode>
		</Agent>		
		<!--DE 3/39: An authorisation type code of DPO indicates Deferment of Payment authorisation.
			The ID here is the EORI of the DPO authorised party.-->
		<AuthorisationHolder>
			<ID>GB553202734852</ID>
			<CategoryCode>DPO</CategoryCode>
		</AuthorisationHolder>
		<!--DE 3/39: An authorisation type code of CGU is required where CCG authorisation is being declared 
			or a waiver is being claimed.
			In this scenario, a waiver is being claimed. See DE 2/3 where a document code of C505 has been entered. 
			The ID here is the EORI of the CCG authorised party.-->
		<AuthorisationHolder>
			<ID>GB553202734852</ID>
			<CategoryCode>CGU</CategoryCode>
		</AuthorisationHolder>
		<!--DE 7/15: Country code of the nationality of the active means of transport crossing the border. 
			RU indicating Russia. -->
		<!--DE 7/4: ModeCode of 1 to represent Maritime Sea transport as the mode of transport at the border -->
		<BorderTransportMeans>
			<RegistrationNationalityCode>GB</RegistrationNationalityCode>
			<ModeCode>1</ModeCode>
		</BorderTransportMeans>
		<!--DE 3/18: Declarant Identification Number.
			The EORI number of the agent entering the declaration. 
			The UK requires an EORI to be provided for the declarant. 
			In this scenario, the same as the EORI of the Agent. -->
		<Declarant>
			<ID>GB603202734852</ID>
		</Declarant>
		<!--DE 3/1: Exporter. 
			Exporter name and address is mandatory where no recognised EORI number has been entered into DE 3/2. -->
		<Exporter>
			<Name>Originals from Korea</Name>
			<Address>
				<CityName>Seoul</CityName>
				<CountryCode>ID</CountryCode>
				<Line>6 The Avenue</Line>
				<PostcodeID>10310</PostcodeID>
			</Address>
		</Exporter>
		<!--DE 8/5: Nature of transaction: 1 to indicate transactions involving actual or intended transfer 
			of ownership from residents to non-residents against financial or other compensation. -->
		<GoodsShipment>
			<TransactionNatureCode>1</TransactionNatureCode>
			<Consignment>
				<!--DE 7/2:  Indicator to show if goods are packed in a container or not. 
					1 indicates that goods are transported in containers. 
					Note: Unlike CHIEF this must now be completed-->
				<ContainerCode>1</ContainerCode>
				<!--DE 7/9:  Identity of means of transport on arrival. 
					Example number representing IMO ship identification number: 10, and 5 digits for the identification number: 12345.-->
				<ArrivalTransportMeans>
					<ID>12345</ID>
					<IdentificationTypeCode>10</IdentificationTypeCode>
					<!--DE 7/5: Inland Mode of Transport - 3 to represent Road Transport. 
						This is required as customs procedures are completed away from the border.-->
					<ModeCode>3</ModeCode>
				</ArrivalTransportMeans>
				<GoodsLocation>
					<!--DE 5/23: Location of Goods. Tilbury Docks which is an IVL location-->
					<Name>TILLONTIL</Name>
					<!--DE 5/23: Type of Location - A in this scenario to represent that it is a designated location.-->
					<TypeCode>A</TypeCode>
					<Address>
						<!--DE 5/23: Type of ID of the Location. U in this scenario for UN/LOCODE.-->
						<TypeCode>U</TypeCode>
						<!--DE 5/23: Country code of the country where the goods may be examined, GB in this scenario.-->
						<CountryCode>GB</CountryCode>
					</Address>
				</GoodsLocation>
				<!--DE 7/10: Container identification number. 
					This is required where the container code in DE 7/2 is 1, indicating containerised traffic.
					Example container identification number: alpha numeric to a total of 17 characters.-->
				<TransportEquipment>
					<SequenceNumeric>1</SequenceNumeric>
					<ID>DM1234</ID>
				</TransportEquipment>
			</Consignment>
			<!--DE 5/8: Country code of the destination country, in this case GB.-->
			<Destination>
				<CountryCode>GB</CountryCode>
			</Destination>
			<!--DE 5/14: Country code for the country from which the goods were originally dispatched, , in this case KR (Korea, Republic of (South Korea) -->
			<ExportCountry>
				<ID>KR</ID>
			</ExportCountry>
			<GovernmentAgencyGoodsItem>
				<!--DE 1/6: Sequential number of the goods item.-->
				<SequenceNumeric>1</SequenceNumeric>
				<!--C506 indicates DPO - Authorisation for the deferment of payment.  
					Provide the authorisation decision number for the deferment of payment authorisation in the format:
					- 2 digit code identifying the member state of authorisation, for example, GB
					- 3 digit code indicating that a deferment of payment authorisation is held, that is, DPO
					- followed by the authorisation reference number. No document status code is required.-->
				<AdditionalDocument>
					<CategoryCode>C</CategoryCode>
					<ID>GBDPO1108654</ID>
					<TypeCode>506</TypeCode>
				</AdditionalDocument>
				<!--DE 2/3: Documents produced, certificates and authorisations, additional references. This field is mandatory if the codes are required.
					A document code of C505 indicates CGU - Authorisation for the provision of a customs comprehensive guarantee, including possible reduction or waiver.
					In this scenario, a waiver to the CCG authorisation is being used (indicated by the status code of CC), and therefore the ID also indicates that a waiver is being used.
					LPCOExemptionCode: CC indicates Authorisation issued under the Community Customs Code - CCG not required. -->
				<AdditionalDocument>
					<CategoryCode>C</CategoryCode>
					<ID>GBCGUGuaranteenotrequired</ID>
					<TypeCode>505</TypeCode>
					<LPCOExemptionCode>CC</LPCOExemptionCode>
				</AdditionalDocument>
				<!--DE 2/3: A document code of N935 indicates the invoice on the basis of which the customs value of the goods is declared. 
					This is required as a Valuation Method of 1 to indicate transaction value has been declared in DE 4/16.-->
						<AdditionalDocument>
							<CategoryCode>N</CategoryCode>
							<ID>12345/19.02.2021</ID>
							<TypeCode>935</TypeCode>
							<LPCOExemptionCode>AC</LPCOExemptionCode>
						</AdditionalDocument>
				<Commodity>
					<!--DE 6/8:  Description of the goods specific enough to enable classification without repeating 
						the CN code description in the Tariff.
						However, to trigger risk in testing we do this by entering ttphysicalW in description indicating 
						to raise two controls: one physical control to NCH, one ALVS control to Port Health (DEFRA) 
						and one blocking documentary control to Trading Standards. -->
					<Description>ttphysicalW</Description>
					<Classification>
						<!--DE 6/14: Commodity code - combined nomenclature code. IdentificationTypeCode of TSP indicates 
								that a Transitional Simplified Procedure has been used-->
						<ID>48115900</ID>
						<IdentificationTypeCode>TSP</IdentificationTypeCode>
					</Classification>
					<Classification>
						<!--DE 6/15: Commodity code: TARIC code.-->
						<ID>20</ID>
						<IdentificationTypeCode>TRC</IdentificationTypeCode>
					</Classification>
					<DutyTaxFee>
						<!--DE 4/17: Preference Type of 100 represents no preference being claimed. -->
						<DutyRegimeCode>100</DutyRegimeCode>
					</DutyTaxFee>
					<DutyTaxFee>
						<!--DE 4/3: Tax Type of B00 represents UK VAT -->
						<TypeCode>B00</TypeCode>
						<!--DE 4/8: MethodCode of E to indicate Deferment used for import-->
						<Payment>
							<MethodCode>E</MethodCode>
						</Payment>
					</DutyTaxFee>
					<GoodsMeasure>
						<!--DE 6/5: Gross mass of the goods in kilograms including packaging.-->
						<GrossMassMeasure>2100</GrossMassMeasure>
						<!--DE 6/1: Net mass of the goods in kilograms without any packaging.-->
						<NetNetWeightMeasure>2000</NetNetWeightMeasure>
					</GoodsMeasure>
					<!--DE 4/14:  Item price amount. The invoice was issued with of a value of 2000 and the currency 
						was in GBP.-->
					<InvoiceLine>
						<ItemChargeAmount currencyID="GBP">5000</ItemChargeAmount>
					</InvoiceLine>
				</Commodity>
				<!--DE 4/16: Valuation method: 1 to indicate the method is the deductive value of the imported goods.-->
				<CustomsValuation>
					<MethodCode>1</MethodCode>
				</CustomsValuation>
				<GovernmentProcedure>
					<!--DE 1/10: Requested Procedure of 44 indicating Release to free circulation with duty relief 
						granted under the End Use Special Procedure -->
					<CurrentCode>40</CurrentCode>
					<!--DE 1/10: Previous Procedure of 00 indicating where the goods have not been subject to 
						any previous procedure.-->
					<PreviousCode>00</PreviousCode>
				</GovernmentProcedure>
				<!--DE 1/11: Goods imported under the shipwork end-use procedure..-->
				<GovernmentProcedure>
					<CurrentCode>000</CurrentCode>
				</GovernmentProcedure>
				<!--DE 5/15: TypeCode of 1 to represent non-preferential origin.
					Where preference in D.E. 4/17 begins with 1, this must be completed.
					CountryCode contains the code for the country from which the goods originated.
					It is a feature of DMS/CDS that requires an additional qualifier to separate DE 5/15 (from DE 5/16).
					It is not a part of the UCC or Tariff completion requirements.-->
				<Origin>
					<CountryCode>KR</CountryCode>
					<TypeCode>1</TypeCode>
				</Origin>
				<Packaging>
					<SequenceNumeric>1</SequenceNumeric>
					<!--DE 6/11: Shipping marks on the packages.-->
					<MarksNumbersID>BX12345</MarksNumbersID>
					<!--DE 6/10: Number of packages, in this case 10.-->
					<QuantityQuantity>10</QuantityQuantity>
					<!--DE 6/9: Type of packages - PK to represent 'Packages'.-->
					<TypeCode>BX</TypeCode>
				</Packaging>
				<!--DE 4/13: Valuation indicator - mandatory in this scenario as a valuation method of 1 has been used in DE 4/16.
					First digit: 0 = there is no price influence as a result of a Party Relationship between the buyer and seller.
					Second digit: 0 = there are no restrictions as to the disposal or use of the goods by the buyer in accordance with Article 70(3)(a) of the Code.
					Third digit: 0 = the sale or price is not subject to some condition or consideration in accordance with Article 70(3)(b) of the Code.
					Fourth digit: 0 = the sale is not subject to an arrangement under which part of the proceeds of 
					any subsequent resale, disposal or use accrues directly or indirectly to the seller.-->
				<ValuationAdjustment>
					<AdditionCode>0000</AdditionCode>
				</ValuationAdjustment>
			</GovernmentAgencyGoodsItem>
			<!--DE 3/16: EORI number of the Importer. -->
			<Importer>
				<ID>GB553202734852</ID>
			</Importer>
			<!--DE 2/1: For import inventory linked locations, the Inventory Reference Number (UCN) must be declared 
				in DE 2/1 using the Previous Document Type Code 'MCR'.-->
			<PreviousDocument>
				<CategoryCode>Z</CategoryCode>
				<ID>GB/1234-:3333HB</ID>
				<TypeCode>MCR</TypeCode>
			</PreviousDocument>
			<!--DE 2/1: Previous document to show the DUCR assigned to the consignment.
				This is a mandatory field. -->
			<PreviousDocument>
				<CategoryCode>Z</CategoryCode>
				<ID>1GB553202734852-12345</ID>
				<TypeCode>DCR</TypeCode>
			</PreviousDocument>
			<!--DE 4/1: Mandatory as method 1 is being used in DE 4/16. CIF to indicate Cost, Insurance and Freight. 
				GBTIL to represent the named port of destination Tilbury Docks, UK.-->
			<TradeTerms>
				<ConditionCode>CIF</ConditionCode>
				<LocationID>GBTIL</LocationID>
			</TradeTerms>
		</GoodsShipment>
		<ObligationGuarantee>
			<!--DE 8/3:  Guarantee reference number. Where document code C505 is declared in DE 2/3 (Document Codes) 
				and authorisation type code CGU is declared in DE 3/39 (Holder of the Authorisation),
				then this data element is mandatory ID indicates that the guarantee is not required, as stated in DE 8/2. -->
			<ID>Guaranteenotrequired</ID>
			<!--DE 8/2:  Guarantee type.  0 to represent that a customs comprehensive guarantee is being waived for the deferment of customs duty. 
				Where document code C505 is declared in DE 2/3 (Document Codes) and authorisation type code CGU is 
				declared in DE 3/39 (Holder of the Authorisation), then code 0 or 1 must be declared in this data element. -->
			<SecurityDetailsCode>0</SecurityDetailsCode>
		</ObligationGuarantee>
	</Declaration>
</md:MetaData>