<FileUploadResponse xmlns="hmrc:fileupload">
  <Files>
    <File>
      <Reference>11370e18-6e24-453e-b45a-76d3e32ea33d</Reference>
      <UploadRequest>
        <Href>https://bucketName.s3.eu-west-2.amazonaws.com</Href>
        <Fields>
          <Content-Type>application/xml; charset=utf-8</Content-Type>
          <x-amz-meta-callback-url>https://some-callback-url</x-amz-meta-callback-url>
          <x-amz-date>2019-03-05T11:56:34Z</x-amz-date>
          <x-amz-credential>ASIAxxxxxxxxx/20190304/eu-west-2/s3/aws4_request</x-amz-credential>
          <x-amz-meta-upscan-initiate-response>response</x-amz-meta-upscan-initiate-response>
          <x-amz-meta-upscan-initiate-received>received</x-amz-meta-upscan-initiate-received>
          <x-amz-meta-request-id>123</x-amz-meta-request-id>
          <x-amz-meta-original-filename>some-filename</x-amz-meta-original-filename>
          <x-amz-algorithm>AWS4-HMAC-SHA256</x-amz-algorithm>
          <key>xxxxxx-xxxx-xxxx-xxxx-xxxxxxxxxxxx</key>
          <acl>private</acl>
          <x-amz-signature>xxxx</x-amz-signature>
          <x-amz-meta-session-id>789</x-amz-meta-session-id>
          <x-amz-meta-consuming-service>a-service-name</x-amz-meta-consuming-service>
          <policy>xxxxxxxx==</policy>
          <success_action_redirect>https://success-redirect.com</success_action_redirect>
          <error_action_redirect>https://success-redirect.com</error_action_redirect>
        </Fields>
      </UploadRequest>
    </File>
    <File>
      <Reference>11370e18-6e24-453e-b45a-76d3e32ea33d</Reference>
      <UploadRequest>
        <Href>https://bucketName.s3.eu-west-2.amazonaws.com</Href>
        <Fields>
          <Content-Type>application/xml; charset=utf-8</Content-Type>
          <x-amz-meta-callback-url>https://some-callback-url</x-amz-meta-callback-url>
          <x-amz-date>2019-03-05T11:56:34Z</x-amz-date>
          <x-amz-credential>ASIAxxxxxxxxx/20190304/eu-west-2/s3/aws4_request</x-amz-credential>
          <x-amz-meta-upscan-initiate-response>response</x-amz-meta-upscan-initiate-response>
          <x-amz-meta-upscan-initiate-received>received</x-amz-meta-upscan-initiate-received>
          <x-amz-meta-request-id>123</x-amz-meta-request-id>
          <x-amz-meta-original-filename>some-filename</x-amz-meta-original-filename>
          <x-amz-algorithm>AWS4-HMAC-SHA256</x-amz-algorithm>
          <key>xxxxxx-xxxx-xxxx-xxxx-xxxxxxxxxxxx</key>
          <acl>private</acl>
          <x-amz-signature>xxxx</x-amz-signature>
          <x-amz-meta-session-id>789</x-amz-meta-session-id>
          <x-amz-meta-consuming-service>a-service-name</x-amz-meta-consuming-service>
          <policy>xxxxxxxx==</policy>
          <success_action_redirect>https://success-redirect.com</success_action_redirect>
          <error_action_redirect>https://success-redirect.com</error_action_redirect>
        </Fields>
      </UploadRequest>
    </File>
  </Files>
</FileUploadResponse>
