<MetaData>
    <WCODataModelVersionCode>3.6</WCODataModelVersionCode>
    <WCOTypeName>RES</WCOTypeName>
    <ResponsibleCountryCode/>
    <ResponsibleAgencyName/>
    <AgencyAssignedCustomizationCode/>
    <AgencyAssignedCustomizationVersionCode/>
    <Response>
        <FunctionCode>02</FunctionCode>
        <FunctionalReferenceID>5a65707a2bc8482b8b5390cc63d934d0</FunctionalReferenceID>
        <IssueDateTime>
            <DateTimeString formatCode="304">20210716142607Z</DateTimeString>
        </IssueDateTime>
        <Declaration>
            <FunctionalReferenceID>TT_IM16a_v1.3_1607_02</FunctionalReferenceID>
            <ID>21GB7SX81YE16TK2R1</ID>
            <VersionID>1</VersionID>
        </Declaration>
    </Response>
</MetaData>