<?xml version="1.0" encoding="UTF-8"?>
<!-- EDL – Movement message used for creating Goods Departure messages. This also covers the removal of goods back inland where an export is abandoned (Departaures) -->
<inv:inventoryLinkingMovementRequest xmlns:inv="http://gov.uk/customs/inventoryLinking/v1">
                   <inv:messageCode>EDL</inv:messageCode>
                   <inv:ucrBlock>
				   <inv:ucr>A:16035081201</inv:ucr>
                        <inv:ucrType>M</inv:ucrType>
                   </inv:ucrBlock>
				     <!--DE 5/23: ID to give a unique position of the location. LGWLGWLGW Indicating London Gatwick airport. This value has come from Declaration -->
                   <inv:goodsLocation>GBAULGWLGWLGW</inv:goodsLocation>
				   <!-- This should be today's Date -->
                   <inv:goodsDepartureDateTime>2021-12-08T10:45:00</inv:goodsDepartureDateTime>
                    <inv:movementReference>Movement14</inv:movementReference>
								<inv:transportDetails>
                      <inv:transportID>11CSCLGLOBE</inv:transportID>
                      <inv:transportMode>1</inv:transportMode>
                      <inv:transportNationality>GB</inv:transportNationality>
                   </inv:transportDetails>
</inv:inventoryLinkingMovementRequest>

