<MetaData>
	<WCODataModelVersionCode>3.6</WCODataModelVersionCode>
	<WCOTypeName>RES</WCOTypeName>
	<ResponsibleCountryCode/>
	<ResponsibleAgencyName/>
	<AgencyAssignedCustomizationCode/>
	<AgencyAssignedCustomizationVersionCode/>
	<Response>
		<FunctionCode>01</FunctionCode>
		<FunctionalReferenceID>e906b926691640efacd741ebaa3fe1a3</FunctionalReferenceID>
		<IssueDateTime>
			<DateTimeString formatCode="304">20220322161518Z</DateTimeString>
		</IssueDateTime>
		<Declaration>
			<AcceptanceDateTime>
				<DateTimeString formatCode="304">20220322161517Z</DateTimeString>
			</AcceptanceDateTime>
			<FunctionalReferenceID>TT_IM01a_v1.7_220322_1</FunctionalReferenceID>
			<ID>22GB37A2E4BW3UZAR9</ID>
			<VersionID>1</VersionID>
		</Declaration>
	</Response>
</MetaData>