<MetaData>
	<WCODataModelVersionCode>3.6</WCODataModelVersionCode>
	<WCOTypeName>RES</WCOTypeName>
	<ResponsibleCountryCode/>
	<ResponsibleAgencyName/>
	<AgencyAssignedCustomizationCode/>
	<AgencyAssignedCustomizationVersionCode/>
	<Response>
		<FunctionCode>13</FunctionCode>
		<FunctionalReferenceID>497bc072c8e049cd937b3cab3eeac5c5</FunctionalReferenceID>
		<IssueDateTime>
			<DateTimeString formatCode="304">20220322161520Z</DateTimeString>
		</IssueDateTime>
		<Bank>
			<ReferenceID>CITIGB2LLON</ReferenceID>
			<ID>GB25CITI08320011963155</ID>
		</Bank>
		<Status>
			<NameCode>4</NameCode>
		</Status>
		<Declaration>
			<FunctionalReferenceID>TT_IM01a_v1.7_220322_1</FunctionalReferenceID>
			<ID>22GB37A2E4BW3UZAR9</ID>
			<VersionID>1</VersionID>
			<GoodsShipment>
				<GovernmentAgencyGoodsItem>
					<SequenceNumeric>1</SequenceNumeric>
					<Commodity>
						<DutyTaxFee>
							<AdValoremTaxBaseAmount currencyID="GBP">1000.00</AdValoremTaxBaseAmount>
							<DeductAmount currencyID="GBP">0.00</DeductAmount>
							<DutyRegimeCode>100</DutyRegimeCode>
							<TaxRateNumeric>2.00</TaxRateNumeric>
							<TypeCode>A00</TypeCode>
							<Payment>
								<TaxAssessedAmount currencyID="GBP">20.00</TaxAssessedAmount>
								<PaymentAmount currencyID="GBP">20.00</PaymentAmount>
							</Payment>
						</DutyTaxFee>
						<DutyTaxFee>
							<AdValoremTaxBaseAmount currencyID="GBP">1020.00</AdValoremTaxBaseAmount>
							<DeductAmount currencyID="GBP">0.00</DeductAmount>
							<DutyRegimeCode>100</DutyRegimeCode>
							<TaxRateNumeric>20.00</TaxRateNumeric>
							<TypeCode>B00</TypeCode>
							<Payment>
								<TaxAssessedAmount currencyID="GBP">204.00</TaxAssessedAmount>
								<PaymentAmount currencyID="GBP">204.00</PaymentAmount>
							</Payment>
						</DutyTaxFee>
					</Commodity>
				</GovernmentAgencyGoodsItem>
			</GoodsShipment>
		</Declaration>
	</Response>
</MetaData>