<MetaData>
    <WCODataModelVersionCode>3.6</WCODataModelVersionCode>
    <WCOTypeName>RES</WCOTypeName>
    <ResponsibleCountryCode/>
    <ResponsibleAgencyName/>
    <AgencyAssignedCustomizationCode/>
    <AgencyAssignedCustomizationVersionCode/>
    <Response>
        <FunctionCode>09</FunctionCode>
        <FunctionalReferenceID>679fc7419ba845dfbd8c535b1489cf50</FunctionalReferenceID>
        <IssueDateTime>
            <DateTimeString formatCode="304">20210622151826Z</DateTimeString>
        </IssueDateTime>
        <AdditionalInformation>
            <StatementCode>A2</StatementCode>
            <StatementTypeCode>AFB</StatementTypeCode>
        </AdditionalInformation>
        <Declaration>
            <FunctionalReferenceID>TT_IM01a_v1.4_2206_05</FunctionalReferenceID>
            <ID>21GB6UOJKKKCP7GGR4</ID>
            <VersionID>1</VersionID>
        </Declaration>
    </Response>
</MetaData>