<MetaData>
	<WCODataModelVersionCode>3.6</WCODataModelVersionCode>
	<WCOTypeName>RES</WCOTypeName>
	<ResponsibleCountryCode/>
	<ResponsibleAgencyName/>
	<AgencyAssignedCustomizationCode/>
	<AgencyAssignedCustomizationVersionCode/>
	<Response>
		<FunctionCode>09</FunctionCode>
		<FunctionalReferenceID>05d0b630076f48faba3ef07cf497c984</FunctionalReferenceID>
		<IssueDateTime>
			<DateTimeString formatCode="304">20220322161520Z</DateTimeString>
		</IssueDateTime>
		<AdditionalInformation>
			<StatementCode>A2</StatementCode>
			<StatementTypeCode>AFB</StatementTypeCode>
		</AdditionalInformation>
		<Declaration>
			<FunctionalReferenceID>TT_IM01a_v1.7_220322_1</FunctionalReferenceID>
			<ID>22GB37A2E4BW3UZAR9</ID>
			<VersionID>1</VersionID>
		</Declaration>
	</Response>
</MetaData>