<MetaData xmlns:xsi="http://www.w3.org/2001/XMLSchema-instance"
          xmlns:v3="http://core.dms/TraderNotificationServiceSOAP/v3/"
          xmlns:soapenv="http://schemas.xmlsoap.org/soap/envelope/"
          xmlns:soapenc="http://schemas.xmlsoap.org/soap/encoding/"
          xmlns:xsd="http://www.w3.org/2001/XMLSchema">
	<WCODataModelVersionCode>3.6</WCODataModelVersionCode>
	<WCOTypeName>RES</WCOTypeName>
	<ResponsibleCountryCode/>
	<ResponsibleAgencyName/>
	<AgencyAssignedCustomizationCode/>
	<AgencyAssignedCustomizationVersionCode/>
	<Response>
		<FunctionCode>09</FunctionCode>
		<FunctionalReferenceID>05d0b630076f48faba3ef07cf497c984</FunctionalReferenceID>
		<IssueDateTime>
			<DateTimeString formatCode="304">20220322161520Z</DateTimeString>
		</IssueDateTime>
		<AdditionalInformation>
			<StatementCode xsi:type="AdditionalInformationStatementCodeType">A2</StatementCode>
			<StatementTypeCode xsi:type="AdditionalInformationStatementTypeCodeType">AFB</StatementTypeCode>
		</AdditionalInformation>
		<Declaration>
			<FunctionalReferenceID>TT_IM01a_v1.7_220322_1</FunctionalReferenceID>
			<ID>22GB37A2E4BW3UZAR9</ID>
			<VersionID>1</VersionID>
		</Declaration>
	</Response>
</MetaData>