<MetaData>
	<WCODataModelVersionCode>3.6</WCODataModelVersionCode>
	<WCOTypeName>RES</WCOTypeName>
	<ResponsibleCountryCode/>
	<ResponsibleAgencyName/>
	<AgencyAssignedCustomizationCode/>
	<AgencyAssignedCustomizationVersionCode/>
	<Response>
		<FunctionCode>01</FunctionCode>
		<FunctionalReferenceID>a89347d896d845f1843efe60be14c37b</FunctionalReferenceID>
		<IssueDateTime>
			<DateTimeString formatCode="304">20220111144656Z</DateTimeString>
		</IssueDateTime>
		<Declaration>
			<AcceptanceDateTime>
				<DateTimeString formatCode="304">20220111144655Z</DateTimeString>
			</AcceptanceDateTime>
			<FunctionalReferenceID>TT_IM41a_110122_01</FunctionalReferenceID>
			<ID>22GB0F63479OB4WAR3</ID>
			<VersionID>1</VersionID>
		</Declaration>
	</Response>
</MetaData>