<MetaData>
	<WCODataModelVersionCode>3.6</WCODataModelVersionCode>
	<WCOTypeName>RES</WCOTypeName>
	<ResponsibleCountryCode/>
	<ResponsibleAgencyName/>
	<AgencyAssignedCustomizationCode/>
	<AgencyAssignedCustomizationVersionCode/>
	<Response>
		<FunctionCode>13</FunctionCode>
		<FunctionalReferenceID>29f1b5cb46c04a08990f09a507bd2384</FunctionalReferenceID>
		<IssueDateTime>
			<DateTimeString formatCode="304">20220111144657Z</DateTimeString>
		</IssueDateTime>
		<Bank>
			<ReferenceID>CITIGB2LLON</ReferenceID>
			<ID>GB25CITI08320011963155</ID>
		</Bank>
		<Status>
			<NameCode>4</NameCode>
		</Status>
		<Declaration>
			<FunctionalReferenceID>TT_IM41a_110122_01</FunctionalReferenceID>
			<ID>22GB0F63479OB4WAR3</ID>
			<VersionID>1</VersionID>
			<GoodsShipment>
				<GovernmentAgencyGoodsItem>
					<SequenceNumeric>1</SequenceNumeric>
					<Commodity>
						<DutyTaxFee>
							<AdValoremTaxBaseAmount currencyID="GBP">0.00</AdValoremTaxBaseAmount>
							<DeductAmount currencyID="GBP">0.00</DeductAmount>
							<DutyRegimeCode>100</DutyRegimeCode>
							<TaxRateNumeric>0.00</TaxRateNumeric>
							<TypeCode>B05</TypeCode>
							<Payment>
								<TaxAssessedAmount currencyID="GBP">0.00</TaxAssessedAmount>
								<PaymentAmount currencyID="GBP">0.00</PaymentAmount>
							</Payment>
						</DutyTaxFee>
						<DutyTaxFee>
							<AdValoremTaxBaseAmount currencyID="GBP">12500.00</AdValoremTaxBaseAmount>
							<DeductAmount currencyID="GBP">612.50</DeductAmount>
							<DutyRegimeCode>100</DutyRegimeCode>
							<TaxRateNumeric>4.90</TaxRateNumeric>
							<TypeCode>A50</TypeCode>
							<Payment>
								<TaxAssessedAmount currencyID="GBP">0.00</TaxAssessedAmount>
								<PaymentAmount currencyID="GBP">0.00</PaymentAmount>
							</Payment>
						</DutyTaxFee>
						<DutyTaxFee>
							<AdValoremTaxBaseAmount currencyID="GBP">12500.00</AdValoremTaxBaseAmount>
							<DeductAmount currencyID="GBP">0.00</DeductAmount>
							<DutyRegimeCode>100</DutyRegimeCode>
							<TaxRateNumeric>0.00</TaxRateNumeric>
							<TypeCode>B00</TypeCode>
							<Payment>
								<TaxAssessedAmount currencyID="GBP">0.00</TaxAssessedAmount>
								<PaymentAmount currencyID="GBP">0.00</PaymentAmount>
							</Payment>
						</DutyTaxFee>
					</Commodity>
				</GovernmentAgencyGoodsItem>
			</GoodsShipment>
		</Declaration>
	</Response>
</MetaData>