<MetaData>
	<WCODataModelVersionCode>3.6</WCODataModelVersionCode>
	<WCOTypeName>RES</WCOTypeName>
	<ResponsibleCountryCode/>
	<ResponsibleAgencyName/>
	<AgencyAssignedCustomizationCode/>
	<AgencyAssignedCustomizationVersionCode/>
	<Response>
		<FunctionCode>09</FunctionCode>
		<FunctionalReferenceID>d241c9501dba4793a5f8017db1c0c698</FunctionalReferenceID>
		<IssueDateTime>
			<DateTimeString formatCode="304">20220111144657Z</DateTimeString>
		</IssueDateTime>
		<AdditionalInformation>
			<StatementCode>A2</StatementCode>
			<StatementTypeCode>AFB</StatementTypeCode>
		</AdditionalInformation>
		<Declaration>
			<FunctionalReferenceID>TT_IM41a_110122_01</FunctionalReferenceID>
			<ID>22GB0F63479OB4WAR3</ID>
			<VersionID>1</VersionID>
		</Declaration>
	</Response>
</MetaData>