<MetaData>
    <WCODataModelVersionCode>3.6</WCODataModelVersionCode>
    <WCOTypeName>RES</WCOTypeName>
    <ResponsibleCountryCode/>
    <ResponsibleAgencyName/>
    <AgencyAssignedCustomizationCode/>
    <AgencyAssignedCustomizationVersionCode/>
    <Response>
        <FunctionCode>01</FunctionCode>
        <FunctionalReferenceID>b426e83d72c64dd98333a4d159711248</FunctionalReferenceID>
        <IssueDateTime>
            <DateTimeString formatCode="304">20210909131411Z</DateTimeString>
        </IssueDateTime>
        <AdditionalInformation>
            <StatementCode>smartErrorMsg</StatementCode>
            <StatementDescription>Value per kilo appears too high for this commodity</StatementDescription>
            <StatementTypeCode>1</StatementTypeCode>
            <Pointer>
                <SequenceNumeric>1</SequenceNumeric>
                <DocumentSectionCode>07B</DocumentSectionCode>
            </Pointer>
            <Pointer>
                <SequenceNumeric>1</SequenceNumeric>
                <DocumentSectionCode>53A</DocumentSectionCode>
            </Pointer>
        </AdditionalInformation>
        <AdditionalInformation>
            <StatementCode>smartErrorMsg</StatementCode>
            <StatementDescription>Value of 1 item appears too high for this commodity</StatementDescription>
            <StatementTypeCode>1</StatementTypeCode>
            <Pointer>
                <SequenceNumeric>1</SequenceNumeric>
                <DocumentSectionCode>07B</DocumentSectionCode>
            </Pointer>
            <Pointer>
                <SequenceNumeric>2</SequenceNumeric>
                <DocumentSectionCode>53A</DocumentSectionCode>
            </Pointer>
        </AdditionalInformation>
        <AdditionalInformation>
            <StatementCode>smartErrorMsg</StatementCode>
            <StatementDescription>Weight appears too high per item</StatementDescription>
            <StatementTypeCode>1</StatementTypeCode>
            <Pointer>
                <SequenceNumeric>1</SequenceNumeric>
                <DocumentSectionCode>07B</DocumentSectionCode>
            </Pointer>
            <Pointer>
                <SequenceNumeric>3</SequenceNumeric>
                <DocumentSectionCode>53A</DocumentSectionCode>
            </Pointer>
        </AdditionalInformation>
        <Error>
            <Description>Value per kilo appears too high for this commodity</Description>
            <ValidationCode>CDS13000</ValidationCode>
            <Pointer>
                <DocumentSectionCode>42A</DocumentSectionCode>
            </Pointer>
            <Pointer>
                <DocumentSectionCode>67A</DocumentSectionCode>
            </Pointer>
            <Pointer>
                <SequenceNumeric>1</SequenceNumeric>
                <DocumentSectionCode>68A</DocumentSectionCode>
            </Pointer>
        </Error>
        <Error>
            <Description>Value of 1 item appears too high for this commodity</Description>
            <ValidationCode>CDS13000</ValidationCode>
            <Pointer>
                <DocumentSectionCode>42A</DocumentSectionCode>
            </Pointer>
            <Pointer>
                <DocumentSectionCode>67A</DocumentSectionCode>
            </Pointer>
            <Pointer>
                <SequenceNumeric>1</SequenceNumeric>
                <DocumentSectionCode>68A</DocumentSectionCode>
            </Pointer>
        </Error>
        <Error>
            <Description>Weight appears too high per item</Description>
            <ValidationCode>CDS13000</ValidationCode>
            <Pointer>
                <DocumentSectionCode>42A</DocumentSectionCode>
            </Pointer>
            <Pointer>
                <DocumentSectionCode>67A</DocumentSectionCode>
            </Pointer>
            <Pointer>
                <SequenceNumeric>1</SequenceNumeric>
                <DocumentSectionCode>68A</DocumentSectionCode>
            </Pointer>
        </Error>
        <Declaration>
            <AcceptanceDateTime>
                <DateTimeString formatCode="304">20210909131409Z</DateTimeString>
            </AcceptanceDateTime>
            <FunctionalReferenceID>TT_IM10a_v4.9_0909_04</FunctionalReferenceID>
            <ID>21GB9ZFQWALRCZNIR0</ID>
            <VersionID>2</VersionID>
        </Declaration>
    </Response>
</MetaData>