<md:MetaData xmlns:xsi="http://www.w3.org/2001/XMLSchema-instance"
           	xmlns:md="urn:wco:datamodel:WCO:DocumentMetaData-DMS:2"
           	xmlns:clm63055="urn:un:unece:uncefact:codelist:standard:UNECE:AgencyIdentificationCode:D12B"
           	xmlns:ds="urn:wco:datamodel:WCO:MetaData_DS-DMS:2"
           	xsi:schemaLocation="urn:wco:datamodel:WCO:DocumentMetaData-DMS:2 ../DocumentMetaData_2_DMS.xsd "
           	xmlns="urn:wco:datamodel:WCO:DEC-DMS:2">
	<md:WCODataModelVersionCode>3.6</md:WCODataModelVersionCode>
	<md:WCOTypeName>DEC</md:WCOTypeName>
	<md:ResponsibleCountryCode>GB</md:ResponsibleCountryCode>
	<md:ResponsibleAgencyName>HMRC</md:ResponsibleAgencyName>
	<md:AgencyAssignedCustomizationVersionCode>v2.1 </md:AgencyAssignedCustomizationVersionCode>
	<Declaration xmlns:xsi="http://www.w3.org/2001/XMLSchema-instance"
           		xmlns:udt="urn:un:unece:uncefact:data:standard:UnqualifiedDataType:6"
           		xmlns:p1="urn:wco:datamodel:WCO:Declaration_DS:DMS:2"
           		xmlns:clm63055="urn:un:unece:uncefact:codelist:standard:UNECE:AgencyIdentificationCode:D12B"
           		xmlns:clm5ISO42173A="urn:un:unece:uncefact:codelist:standard:ISO:ISO3AlphaCurrencyCode:2012-08-31"
           		xsi:schemaLocation="urn:wco:datamodel:WCO:DEC-DMS:2 ../WCO_DEC_2_DMS.xsd "
           		xmlns="urn:wco:datamodel:WCO:DEC-DMS:2">
		<!--
			SCENARIO
			Goods imported and declared to End-Use
			Procedure code 4400 Additional Procedure code 000
			Frontier declaration: H1 additional declaration type A
			Importer is not an AEO authorisation holder
			Self-Representation, VAT will be postponed 
			
			Note that this declaration uses a frontier declaration at Wallasea Island, Baltic Wharf (NILP) for test purposes only: for business use a pre-lodged declaration must be submitted because Baltic Wharf is listed as an 'Other listed location'. 
		-->
		<!--Function Code of 9 to represent an original declaration -->
		<FunctionCode>9</FunctionCode>
		<!-- DE 2/5: Traders own reference number : this must be unique to the transaction -->
		<FunctionalReferenceID>TT_PVA_TC01E_0604_02</FunctionalReferenceID>
		<!--DE 1/1: IM to represent an import declaration.-->
		<!--DE 1/2: A to represent a frontier/arrived standard declaration-->
		<TypeCode>IMA</TypeCode>
		<!--DE 1/9: Total number of goods items on the declaration - single item declaration.-->
		<GoodsItemQuantity>1</GoodsItemQuantity>
		<!--DE 4/11: Invoice Amount, this is the total amount for the declaration. -->
		<InvoiceAmount currencyID="GBP">2500</InvoiceAmount>
		<!--6/18: Total packages -  100. Note that this matches DE 6/10 because this is a single item declaration.-->
		<TotalPackageQuantity>100</TotalPackageQuantity>
		<!--DE 2/6: The DAN account used for deferred payment
			This declared DAN belongs to the importer declared on the declaration.-->
		<AdditionalDocument>
			<CategoryCode>1</CategoryCode>
			<ID>6201208</ID>
			<TypeCode>DAN</TypeCode>
		</AdditionalDocument>
		<!--DE 3/39: An authorisation type code of DPO indicates Deferment of payment authorisation. 
			See DE 2/3 where a document code of C506 has been entered. 
			The ID here is the EORI of the DPO authorised party. -->
		<AuthorisationHolder>
			<ID>GB021111236000</ID>
			<CategoryCode>DPO</CategoryCode>
		</AuthorisationHolder>
		<!--DE 3/39: An authorisation type code of EUS indicates End Use authorisation, the EORI number 
			entered here must be the same as the Importer's EORI number declared in DE 3/16. -->
		<AuthorisationHolder>
			<ID>GB021111236000</ID>
			<CategoryCode>EUS</CategoryCode>
		</AuthorisationHolder>
		<!--DE 3/39: An authorisation type code of CGU is required where CCG authorisation is being 
			declared or a waiver is being claimed. 
			In this scenario, a waiver is being claimed. 
			See DE 2/3 where a document code of C505 has been entered.
			The ID here is the EORI of the CCG authorised party. -->
		<AuthorisationHolder>
			<ID>GB021111236000</ID>
			<CategoryCode>CGU</CategoryCode>
		</AuthorisationHolder>
		<BorderTransportMeans>
			<!--DE 7/15: Country code of the nationality of the active means of transport crossing 
				the border, in this case GB.-->
			<RegistrationNationalityCode>GB</RegistrationNationalityCode>
			<!--DE 7/4: ModeCode of 1 to represent Maritime/Sea transport as the mode of transport 
				at the border. -->
			<ModeCode>1</ModeCode>
		</BorderTransportMeans>
		<!--DE 3/18: Declarant Identification Number.
			The EORI number of the Importer entering the declaration.
			The UK requires an EORI to be provided for the declarant. -->
		<Declarant>
			<ID>GB021111236000</ID>
		</Declarant>
		<!--DE 3/1: Exporter. 
			Exporter name and address is mandatory where no recognised EORI number has been entered into DE 3/2. -->
		<Exporter>
			<Name>US Trading Commodities Inc.</Name>
			<Address>
				<CityName>New York</CityName>
				<CountryCode>US</CountryCode>
				<Line>1 Trade Street</Line>
				<PostcodeID>NY1 234</PostcodeID>
			</Address>
		</Exporter>
		<GoodsShipment>
			<Consignment>
				<!--DE 7/2:  Indicator to show if goods are packed in a container or not.
					1 indicates that goods are transported in containers
					Note: Unlike CHIEF this must now be completed. -->
				<ContainerCode>1</ContainerCode>
				<ArrivalTransportMeans>
					<!--DE 7/9:  Identity of means of transport on arrival.
						Example number representing IMO ship identification number:
						10, and 5 digits for the identification number: 12345. -->
					<ID>12345</ID>
					<IdentificationTypeCode>10</IdentificationTypeCode>
				</ArrivalTransportMeans>
				<GoodsLocation>
					<!--DE 5/23: Location of Goods - Identification of location.
						The location code for Wallasea Island, Baltic Wharf, a non-inventory 
						linked location.
						Note that this declaration uses a frontier declaration at Wallasea Island, Baltic Wharf (NILP) for test purposes only: for business use a pre-lodged declaration must be submitted because Baltic Wharf is listed as an 'Other listed location'. -->
					<Name>WLALONBTW</Name>
					<!--DE 5/23: Location of Goods - Type of location.
						Type of Location - B is used to identify inland locations such as 
						customs warehouses.-->
					<TypeCode>A</TypeCode>
					<Address>
						<!--DE 5/23: Location of Goods - Qualifier of the identification.
							Type of ID of the Location - U in this scenario for UN/LOCODE. -->
						<TypeCode>U</TypeCode>
						<!--DE 5/23: Location of Goods - Country.
							Country code of the country where the goods may be examined, 
							GB in this scenario. -->
						<CountryCode>GB</CountryCode>
					</Address>
				</GoodsLocation>
			</Consignment>
			<Destination>
				<!--DE 5/8: Country code of the destination country, in this case GB.-->
				<CountryCode>GB</CountryCode>
			</Destination>
			<!--DE 3/40: VAT ID and Role code declared for Declarant/Importer for postponed VAT. -->
			<DomesticDutyTaxParty>
				<ID>GB021111236</ID>
				<RoleCode>FR1</RoleCode>
			</DomesticDutyTaxParty>
			<ExportCountry>
				<!--DE 5/14: Country code for the country from which the goods were originally dispatched, 
					in this case US.-->
				<ID>US</ID>
			</ExportCountry>
			<GovernmentAgencyGoodsItem>
				<!--DE 1/6: Sequential number of the goods item.-->
				<SequenceNumeric>1</SequenceNumeric>
				<!--DE 8/6: Statistical Value: Enter the statistical value for the goods item in GBP,
					irrespective of the currency used in Invoice Currency. -->
				<StatisticalValueAmount currencyID="GBP">2500</StatisticalValueAmount>
				<!--DE 8/5: Nature of transaction: 1 to indicate transactions involving actual or intended 
					transfer of ownership from residents to non-residents against financial or other compensation.-->
				<TransactionNatureCode>1</TransactionNatureCode>
				<!--C506 indicates DPO - Authorisation for the deferment of payment.  
					Provide the authorisation decision number for the deferment of payment authorisation 
					in the format:
					- 2 digit code identifying the member state of authorisation, for example, GB
					- 3 digit code indicating that a deferment of payment authorisation is held, that is, DPO
					- followed by the authorisation reference number. No document status code is required.-->
				<AdditionalDocument>
					<CategoryCode>C</CategoryCode>
					<ID>GBDPO6201208</ID>
					<TypeCode>506</TypeCode>
				</AdditionalDocument>
				<!--DE 2/3: A document code of C505 indicates a CGU - Authorisation for the provision of a
					comprehensive guarantee, including possible reduction or waiver.-->
				<AdditionalDocument>
					<CategoryCode>C</CategoryCode>
					<ID>GBCGU02111123600020200828141500</ID>
					<TypeCode>505</TypeCode>
				</AdditionalDocument>
				<!--DE 2/3: A document code of N935 indicates Invoice/order reference (valuation Method 1 used).
					Document code of AC in this scenario indicates 	Document attached for certification by customs-->
				<AdditionalDocument>
					<CategoryCode>N</CategoryCode>
					<ID>12345/01.03.2021</ID>
					<TypeCode>935</TypeCode>
					<LPCOExemptionCode>AC</LPCOExemptionCode>
				</AdditionalDocument>
				<!--DE 2/3: A document code of N990 indicates End-Use authorisation with Simplified Authorisation 
					statement for AbD (N990 refers to end-use authorisation other than for ships and platforms). -->
				<AdditionalDocument>
					<CategoryCode>N</CategoryCode>
					<ID>GBEUS02111123600020200828141500</ID>
					<Name>Simplified Authorisation</Name>
					<TypeCode>990</TypeCode>
				</AdditionalDocument>
				<!--DE 6/8: Description of the goods.-->
				<Commodity>
					<Description>Pin boot of a brake calliper made of vulcanized rubber</Description>
					<!--DE 6/14: Commodity code - combined nomenclature code.-->
					<Classification>
						<ID>40169957</ID>
						<IdentificationTypeCode>TSP</IdentificationTypeCode>
					</Classification>
					<Classification>
						<!--DE 6/15: Commodity code - TARIC code.-->
						<ID>30</ID>
						<IdentificationTypeCode>TRC</IdentificationTypeCode>
					</Classification>
					<DutyTaxFee>
						<!--DE 4/17: Preference Type of 100 represents Normal third country tariff duty 
							(including ceilings).-->
						<DutyRegimeCode>100</DutyRegimeCode>
						<!--DE 4/3: Calculation of taxes - Tax type. In this scenario, A00 indicating Customs duties. -->
						<TypeCode>A00</TypeCode>
						<Payment>
							<!--DE 4/8: MethodCode of E to indicate Deferment payment for duties .-->
							<MethodCode>E</MethodCode>
						</Payment>
					</DutyTaxFee>
					<GoodsMeasure>
						<!--DE 6/5: Gross mass of the goods in kilograms including packaging.-->
						<GrossMassMeasure>2200</GrossMassMeasure>
						<!--DE 6/1: Net mass of the goods in kilograms without any packaging.-->
						<NetNetWeightMeasure>2000</NetNetWeightMeasure>
					</GoodsMeasure>
					<!--DE 4/14:  Item price amount. The invoice was issued with of a value of 2500 and 
						the currency was in GBP.-->
					<InvoiceLine>
						<ItemChargeAmount currencyID="GBP">2500</ItemChargeAmount>
					</InvoiceLine>
					<!--DE 7/10: Container identification number.  
						Example container identification number: alpha numeric to a total of 17 characters. -->
					<TransportEquipment>
						<SequenceNumeric>1</SequenceNumeric>
						<ID>AD12345</ID>
					</TransportEquipment>
				</Commodity>
				<!--DE 4/16: Valuation method: 1 to indicate the method is transaction value of the 
					imported goods.-->
				<CustomsValuation>
					<MethodCode>1</MethodCode>
				</CustomsValuation>
				<GovernmentProcedure>
					<!--DE 1/10: Requested Procedure of 44 indicating Release to free circulation with 
						duty relief granted under the End Use Special Procedure. -->
					<CurrentCode>44</CurrentCode>
					<!--DE 1/10: Previous Procedure of 00 indicating there is no Previous Procedure a 
						customs warehouse.-->
					<PreviousCode>00</PreviousCode>
				</GovernmentProcedure>
				<!--DE 1/11: 000 to indicate no additional procedure.-->
				<GovernmentProcedure>
					<CurrentCode>000</CurrentCode>
				</GovernmentProcedure>
				<!--DE 5/15: US repesenting Unites States of America.
					Where preference in D.E. 4/17 begins with a '1', this must be completed.-->
				<Origin>
					<CountryCode>US</CountryCode>
					<TypeCode>1</TypeCode>
				</Origin>
				<Packaging>
					<SequenceNumeric>1</SequenceNumeric>
					<!--DE 6/11: Shipping marks on the packages-->
					<MarksNumbersID>ADRN123456123</MarksNumbersID>
					<!--DE 6/10: Number of packages, in this case 100. 
						Note that this matches DE 6/18 because this is a single item declaration.-->
					<QuantityQuantity>100</QuantityQuantity>
					<!--DE 6/9: Type of packages - BX to represent Box-->
					<TypeCode>BX</TypeCode>
				</Packaging>
				<!--DE 4/13: Valuation indicator - mandatory in this scenario as a valuation method of 1 
					has been used in DE 4/16.
					First digit: 0 = there is no price influence as a result of a Party Relationship between 
					the buyer and seller.
					Second digit: 0 = there are no restrictions as to the disposal or use of the goods by the 
					buyer in accordance with Article 70(3)(a) of the Code.
					Third digit: 0 = the sale or price is not subject to some condition or consideration in 
					accordance with Article 70(3)(b) of the Code.
					Fourth digit: 0 = the sale is not subject to an arrangement under which part of the proceeds 
					of any subsequent resale, disposal or use accrues directly or indirectly to the seller. -->
				<ValuationAdjustment>
					<AdditionCode>0000</AdditionCode>
				</ValuationAdjustment>
			</GovernmentAgencyGoodsItem>
			<!--DE 3/16: EORI number of the Importer.-->
			<Importer>
				<ID>GB021111236000</ID>
			</Importer>
			<PreviousDocument>
				<!--DE 2/1: Z355 To indicate the Entry Summary Declaration. -->
				<CategoryCode>Z</CategoryCode>
				<ID>21GB34F7Y1O2CX8PT4</ID>
				<TypeCode>355</TypeCode>
				<LineNumeric>1</LineNumeric>
			</PreviousDocument>
			<!--DE 4/1: To represent the following delivery terms: CIF to Wallasea Island, UK. -->
			<TradeTerms>
				<ConditionCode>CIF</ConditionCode>
				<LocationID>GBWLA</LocationID>
			</TradeTerms>
		</GoodsShipment>
		<!--DE 8/3:  Guarantee reference number.
			To refer to the CCG backing up the duty element of the DAN account, as stated in DE 8/2. -->
		<ObligationGuarantee>
			<ID>GBCGU02111123600020200828141500</ID>
			<SecurityDetailsCode>1</SecurityDetailsCode>
		</ObligationGuarantee>
		<SupervisingOffice>
			<!--DE 5/27: Supervising customs office. The Supervising Office Code for the HMRC Office, Belfast. -->
			<ID>GBBEL004</ID>
		</SupervisingOffice>
	</Declaration>
</md:MetaData>