<MetaData>
	<WCODataModelVersionCode>3.6</WCODataModelVersionCode>
	<WCOTypeName>RES</WCOTypeName>
	<ResponsibleCountryCode/>
	<ResponsibleAgencyName/>
	<AgencyAssignedCustomizationCode/>
	<AgencyAssignedCustomizationVersionCode/>
	<Response>
		<FunctionCode>09</FunctionCode>
		<FunctionalReferenceID>efc117ef79cf466c95d0a9cb0ec35549</FunctionalReferenceID>
		<IssueDateTime>
			<DateTimeString formatCode="304">20210923110742Z</DateTimeString>
		</IssueDateTime>
		<AdditionalInformation>
			<StatementCode>A2</StatementCode>
			<StatementTypeCode>AFB</StatementTypeCode>
		</AdditionalInformation>
		<Declaration>
			<FunctionalReferenceID>E3.4sc2.0_2309R1</FunctionalReferenceID>
			<ID>21GBAJBJD97QJDFTA1</ID>
			<VersionID>1</VersionID>
		</Declaration>
	</Response>
</MetaData>