<?xml version="1.0" encoding="UTF-8"?>
<inv:inventoryLinkingConsolidationRequest xmlns:inv="http://gov.uk/customs/inventoryLinking/v1">
<!-- EAC – A Consolidation message is used to Consolidate DUCR in to MUCR prior to departure -->
<inv:messageCode>EAC</inv:messageCode>
      <!--A unique MUCR created to consolidate DUCR-->
			<inv:masterUCR>GB/FCP1-0403CHIEFM01</inv:masterUCR>
			<inv:ucrBlock>
			  <!--DUCR assigned to the consignment. This value has come from Declaration -->
				<inv:ucr>9GB417869120000-HMUT378</inv:ucr>
				<inv:ucrType>D</inv:ucrType>
			</inv:ucrBlock>
</inv:inventoryLinkingConsolidationRequest>
