﻿<md:MetaData xmlns="urn:wco:datamodel:WCO:DEC-DMS:2"
             xmlns:xsi="http://www.w3.org/2001/XMLSchema-instance"
             xmlns:clm63055="urn:un:unece:uncefact:codelist:standard:UNECE:AgencyIdentificationCode:D12B"
             xmlns:ds="urn:wco:datamodel:WCO:MetaData_DS-DMS:2"
             xmlns:md="urn:wco:datamodel:WCO:DocumentMetaData-DMS:2"
             xsi:schemaLocation="urn:wco:datamodel:WCO:DocumentMetaData-DMS:2 ../DocumentMetaData_2_DMS.xsd ">
	<md:WCODataModelVersionCode>3.6</md:WCODataModelVersionCode>
	<md:WCOTypeName>DEC</md:WCOTypeName>
	<md:ResponsibleCountryCode>GB</md:ResponsibleCountryCode>
	<md:ResponsibleAgencyName>HMRC</md:ResponsibleAgencyName>
	<md:AgencyAssignedCustomizationVersionCode>v2.1</md:AgencyAssignedCustomizationVersionCode>
	<Declaration xmlns="urn:wco:datamodel:WCO:DEC-DMS:2"
	             xmlns:clm5ISO42173A="urn:un:unece:uncefact:codelist:standard:ISO:ISO3AlphaCurrencyCode:2012-08-31"
	             xmlns:clm63055="urn:un:unece:uncefact:codelist:standard:UNECE:AgencyIdentificationCode:D12B"
	             xmlns:p1="urn:wco:datamodel:WCO:Declaration_DS:DMS:2"
	             xmlns:udt="urn:un:unece:uncefact:data:standard:UnqualifiedDataType:6"
	             xmlns:xsi="http://www.w3.org/2001/XMLSchema-instance"
	             xsi:schemaLocation="urn:wco:datamodel:WCO:DEC-DMS:2 ../WCO_DEC_2_DMS.xsd ">
		<!--
			SCENARIO
			Goods are imported from ROW to GB (Mexico MX to GB). Goods are declared with a preferential UK quota claimed. 
			The UK quota has a Critical status and results in a partial allocation with a security deposit being reserved.
			
			Type A Import of goods liable to Customs Duty, VAT and Excise Duty.
			Goods also subject to Quota
			Type A Standard Declaration with 1 goods item.
			Procedure code 40 00, with 000 (no additional procedure code)
			Standard declaration: H1 additional declaration type A – Release for Free Circulation.
			Importer EORI number: GB553202734852
			Self-representation used by the importer.
			Commodity Code: 2009419220 - Pineapple juice, not from concentrate
			Expected Notifications (6): DMSACC, DMSTAX(1), DMSTAX(2), DMSROG, DMSTAX(3) and DMSCLE

			N.B. There are currently no Quota Id's with a '5th' digit of '6' which are 'Critical' in Tariff, therefore, a Security Deposit will not be charged at present. 
		-->
			
		<!--Function Code of 9 to represent an original declaration -->
		<FunctionCode>9</FunctionCode>
		<!-- DE 2/5: Traders own reference number – this must be unique to the transaction -->
		<FunctionalReferenceID>R310_NIP_TC15_2505_04</FunctionalReferenceID>
		<!--DE 1/1: IM to represent an import declaration.-->
		<!--DE 1/2: A to represent a standard frontier declaration-->
		<TypeCode>IMA</TypeCode>
		<!--DE 1/9: Total number of goods items on the declaration - single item declaration.-->
		<GoodsItemQuantity>1</GoodsItemQuantity>
		<!--6/18: Total packages -  100. 
			Note that this matches DE 6/10 because this is a single item declaration.-->
		<TotalPackageQuantity>100</TotalPackageQuantity>
		<!--DE 2/6: Deferred Payment.
			The DAN account used for deferred payment (for customs duty, VAT and excise duty in this scenario).
			This declared DAN belongs to the importer declared on the declaration.-->
		<AdditionalDocument>
			<CategoryCode>1</CategoryCode>
			<ID>1108654</ID>
			<TypeCode>DAN</TypeCode>
		</AdditionalDocument>
		<!--DE 3/39: Holder of the authorisation identification No.
			An authorisation type code of DPO indicates Deferment of payment authorisation. 
			See DE 2/3 where a document code of C506 has been entered. 
			The ID here is the EORI of the DPO authorised party. -->
		<AuthorisationHolder>
			<ID>GB553202734852</ID>
			<CategoryCode>DPO</CategoryCode>
		</AuthorisationHolder>
		<!--DE 3/39: Holder of the authorisation identification No.
			An authorisation type code of CGU is required where CCG authorisation is being declared or a waiver is being claimed. 
			In this scenario, a waiver is being claimed. 
			See DE 2/3 where a document code of C505 has been entered.
			The ID here is the EORI of the CCG authorised party.-->
		<AuthorisationHolder>
			<ID>GB553202734852</ID>
			<CategoryCode>CGU</CategoryCode>
		</AuthorisationHolder>
		<BorderTransportMeans>
			<!--DE 7/15: Nationality of active means of transport crossing the border.
				In this case country code GB. -->
			<RegistrationNationalityCode>GB</RegistrationNationalityCode>
			<!--DE 7/4: Mode of transport at the border.
				ModeCode of 1 to represent Maritime/Sea transport. -->
			<ModeCode>1</ModeCode>
		</BorderTransportMeans>
		<!--DE 3/18: Declarant Identification Number.
			The EORI number of the declarant entering the declaration to CDS (self rep in this scenario).
			The UK requires an EORI to be provided for the declarant even when it is the same  as DE 3/16 (Importer)-->
		<Declarant>
			<ID>GB553202734852</ID>
		</Declarant>
		<!--DE 3/1: Exporter Name and Address. 
			This is mandatory where no recognised EORI number has been entered into DE 3/2.
			Indicates the last seller of the goods prior to their importation into the EU. -->
		<Exporter>
			<Name>Mexican Tropical Fruits Inc.</Name>
			<Address>
				<CityName>Mexico City</CityName>
				<CountryCode>MX</CountryCode>
				<Line>1 Trade Street</Line>
				<PostcodeID>MX1 234</PostcodeID>
			</Address>
		</Exporter>
		<GoodsShipment>
			<Consignment>
				<!--DE 7/2: Container. 
					Indicator to show if goods are packed in a container or not.
					1 indicates that goods are transported in containers.
					Note: Unlike CHIEF this must now be completed. -->
				<ContainerCode>1</ContainerCode>
				<!--DE 7/9: Identity of the means of transport on arrival.
					Example number representing IMO ship identification number: '10', and 5 digits for the identification number: '12345'.-->
				<ArrivalTransportMeans>
					<ID>12345</ID>
					<IdentificationTypeCode>10</IdentificationTypeCode>
				</ArrivalTransportMeans>
				<GoodsLocation>
					<!--DE 5/23: Location of Goods - ID.
						ID to give a unique position of the location.
						The location code for Wallasea Island, a non-inventory linked location. -->
					<Name>WLALONBTW</Name>
					<!--DE 5/23: Location of Goods - Type of Location. 
						A in this scenario to represent that it is a designated location. -->
					<TypeCode>A</TypeCode>
					<Address>
						<!--DE 5/23: Location of Goods - Qualifier Code.
							Type of ID of the Location - U in this scenario for UN/LOCODE. -->
						<TypeCode>U</TypeCode>
						<!--DE 5/23: Location of Goods - Country code.
							Country where the goods may be examined, GB in this scenario. -->
						<CountryCode>GB</CountryCode>
					</Address>
				</GoodsLocation>
			</Consignment>
			<!--DE 5/8: Country of Destination Code.
				Country code of the destination country, in this case GB. -->
			<Destination>
				<CountryCode>GB</CountryCode>
			</Destination>
			<!--DE 5/14: Country of Dispatch/Export Code.
				Country code for the country from which the goods were originally despatched, in this case MX representing Mexico. -->
			<ExportCountry>
				<ID>MX</ID>
			</ExportCountry>
			<GovernmentAgencyGoodsItem>
				<!--DE 1/6: Sequential number of the goods item.-->
				<SequenceNumeric>1</SequenceNumeric>
				<!-- 8/5: Nature of Transaction. 
					1 Representing Transactions involving actual or intended transfer of ownership from residents to non-residents against financial or other compensation. -->
				<TransactionNatureCode>1</TransactionNatureCode>
				<!-- DE 2/3: Documents produced, certificates and authorisations, additional references. 
					A document code of C506 indicates DPO - Authorisation for the deferment of payment.  
					Provide the authorisation decision number for the deferment of payment authorisation in the format:
					- 2 digit code identifying the member state of authorisation, for example, GB
					- 3 digit code indicating that a deferment of payment authorisation is held, that is, DPO
					- followed by the authorisation reference number. No document status code is required.-->
				<AdditionalDocument>
					<CategoryCode>C</CategoryCode>
					<ID>GBDPO1108654</ID>
					<TypeCode>506</TypeCode>
				</AdditionalDocument>
				<!--DE 2/3: Documents produced, certificates and authorisations, additional references. 
					A document code of C505 indicates ‘CGU - Authorisation for the provision of a comprehensive guarantee, including possible reduction or waiver.
					In this scenario, a waiver to the CCG authorisation is being used (indicated by the status code of "CC"), and therefore the ID also indicates that a waiver is being used. -->
				<AdditionalDocument>
					<CategoryCode>C</CategoryCode>
					<ID>GBCGU55320273485220191113093459</ID>
					<TypeCode>505</TypeCode>
					<LPCOExemptionCode>CC</LPCOExemptionCode>
				</AdditionalDocument>
				<!--DE 2/3: Documents produced, certificates and authorisations, additional references. 
					A document code of N935 indicates the invoice on the basis of which the customs value of the goods is declared. 
					This is required as a Valuation Method of 1 to indicate transaction value has been declared in DE 4/16.
					LPCOExemptionCode: AC indicates Document attached for certification by customs. -->
				<AdditionalDocument>
					<CategoryCode>N</CategoryCode>
					<ID>12345/24.05.2021</ID>
					<TypeCode>935</TypeCode>
					<LPCOExemptionCode>AC</LPCOExemptionCode>
				</AdditionalDocument>
				<!--DE 2/3: Documents produced, certificates and authorisations, additional references. 
					A document code of Y929 indicates: Goods not concerned by Regulation (EC) No 834/2007 (organic products) Council Regulation (EC) No 834/2007 on organic production and labelling of organic products and repealing Regulation (EEC) No 2092/91. -->
				<AdditionalDocument>
					<CategoryCode>Y</CategoryCode>
					<ID>Excluded from Reg 834/2007</ID>
					<Name>Reason for Waiver</Name>
					<TypeCode>929</TypeCode>
				</AdditionalDocument>
				<!--DE 2/3: Documents produced, certificates and authorisations, additional references. 
					A document code of 9001 indicates declaration of preferential origin on an invoice or other commercial document bearing as appropriate an original signature or approval number of the exporter.
					LPCOExemptionCode: AE indicates Document attached – exhausted by (or only applies to) this entry (document returned to the trader).-->
				<AdditionalDocument>
					<CategoryCode>9</CategoryCode>
					<ID>0062041-0062048</ID>
					<TypeCode>001</TypeCode>
					<LPCOExemptionCode>AE</LPCOExemptionCode>
				</AdditionalDocument>
				<!--DE 2/2: Additional information. 
					A code of 00500 Indicating Self representation by the importer. -->
				<AdditionalInformation>
					<StatementCode>00500</StatementCode>
					<StatementDescription>IMPORTER</StatementDescription>
				</AdditionalInformation>
				<Commodity>
					<!--DE 6/8: Description of the goods.-->
					<Description>Pineapple juice, not from concentrate, of the genus Ananas, of a Brix value of 11 or more but not more than 16, used in the manufacture of products of drink industry</Description>
					<!--DE 6/14: Commodity code - Combined Nomenclature Code.-->
					<Classification>
						<ID>20094192</ID>
						<IdentificationTypeCode>TSP</IdentificationTypeCode>
					</Classification>
					<!--DE 6/15: Commodity code - TARIC code. -->
					<Classification>
						<ID>20</ID>
						<IdentificationTypeCode>TRC</IdentificationTypeCode>
					</Classification>
					<DutyTaxFee>
						<!--DE 4/17: Preference Type of 320 indicates Tariff quota. 
							The preferential rate is only applicable within the limits of a quota. 
							In these cases the serial number of the quota is mentioned beside the preferential duty rate in the printed version of the TARIC. -->
						<DutyRegimeCode>320</DutyRegimeCode>
						<!--DE 4/3: Calculation of taxes - Tax type. 
							In this scenario, A00 indicating UK Customs duties. -->
						<TypeCode>A00</TypeCode>
						<!--DE 4/8: MethodCode of E to indicate Deferment used for import. -->
						<Payment>
							<MethodCode>E</MethodCode>
						</Payment>
					</DutyTaxFee>
					<DutyTaxFee>
						<!--DE 4/3: Calculation of taxes - Tax type. 
							In this scenario, B00 indicating UK VAT. -->
						<TypeCode>B00</TypeCode>
						<Payment>
							<!--DE 4/8: MethodCode of E to indicate Deferment used for import. -->
							<MethodCode>E</MethodCode>
						</Payment>
					</DutyTaxFee>
					<DutyTaxFee>
						<!--DE 8/1: Quota order number. 
							This is mandatory as a quota is being claimed.
							For partial quota allocation of 20% by the quota emulator, the fifth digit of the quota ID must equal '6'. The quota definition on the Tariff will display 'Non-Critical' so no security deposit is required (and then refunded). -->
						<QuotaOrderID>051867</QuotaOrderID>
						<!--DE 4/8: MethodCode of E to indicate Deferment used for import-->
						<Payment>
							<MethodCode>E</MethodCode>
						</Payment>
					</DutyTaxFee>
					<GoodsMeasure>
						<!-- DE 6/5: Gross mass of the goods in kilograms including packaging. 
							Note, there is no need to include a unitcode indicating KG. -->
						<GrossMassMeasure>2100</GrossMassMeasure>
						<!-- DE 6/1: Net mass of the goods in kilograms without any packaging. 
							Note, there is no need to include a unitcode indicating KG. -->
						<NetNetWeightMeasure>2000</NetNetWeightMeasure>
					</GoodsMeasure>
					<!--DE 4/14:  Item price amount. 
						The invoice was issued with of a value of 6000 and the currency was in GBP. -->
					<InvoiceLine>
						<ItemChargeAmount currencyID="GBP">1400</ItemChargeAmount>
					</InvoiceLine>
					<!--DE 7/10: Container identification number.  
						Example container identification number: alpha numeric to a total of 17 characters. -->
					<TransportEquipment>
						<SequenceNumeric>1</SequenceNumeric>
						<ID>AD12345</ID>
					</TransportEquipment>
				</Commodity>
				<!-- DE 4/16: Valuation Method.
					1 - transaction value. -->
				<CustomsValuation>
					<MethodCode>1</MethodCode>
				</CustomsValuation>
				<GovernmentProcedure>
					<!--DE 1/10: Procedure - Requested Procedure Code.
						Code of 40 indicating entry for free circulation and home use of goods. -->
					<CurrentCode>40</CurrentCode>
					<!--DE 1/10: Procedure. Previous Procedure Code. 
						Code of 00 indicating there is no previous procedure-->
					<PreviousCode>00</PreviousCode>
				</GovernmentProcedure>
				<GovernmentProcedure>
					<!--DE 1/11: Additional Procedure Code. 
						Code of 000 to indicate no additional procedure.-->
					<CurrentCode>000</CurrentCode>
				</GovernmentProcedure>
				<!--DE 5/15: Country of Origin. MX representing Mexico. 
					Where preference in D.E. 4/17 begins with a number other than ‘1’, this must be completed. -->
				<Origin>
					<CountryCode>MX</CountryCode>
					<TypeCode>2</TypeCode>
				</Origin>
				<Packaging>
					<SequenceNumeric>1</SequenceNumeric>
					<!--DE 6/11: Shipping marks on the packages-->
					<MarksNumbersID>ADRN123456123</MarksNumbersID>
					<!--DE 6/10: Number of packages.
						In this case 100. 
						Note that this matches DE 6/18 because this is a single item declaration. -->
					<QuantityQuantity>100</QuantityQuantity>
					<!--DE 6/9: Type of Packaging. 
						QB to represent Steel drum with removable head.-->
					<TypeCode>QB</TypeCode>
				</Packaging>
				<!--DE 2/1: Previous Documents. 
					ZZZZ to represent any other previous reference number. -->
				<PreviousDocument>
					<CategoryCode>Z</CategoryCode>
					<ID>STK77471</ID>
					<TypeCode>ZZZ</TypeCode>
				</PreviousDocument>
				<!--DE 4/13 Valudation indicators. 
					This DE is mandatory when Method 1 is used.
					First digit: 0 = there is no price influence as a result of a Party Relationship between the buyer and seller.
					Second digit: 0 = there are no restrictions as to the disposal or use of the goods by the buyer in accordance with Article 70(3)(a) of the Code.
					Third digit: 0 = the sale or price is not subject to some condition or consideration in accordance with Article 70(3)(b) of the Code.
					Fourth digit: 0 = the sale is not subject to an arrangement under which part of the proceeds of any subsequent resale, disposal or use accrues directly or indirectly to the seller. -->
				<ValuationAdjustment>
					<AdditionCode>0000</AdditionCode>
				</ValuationAdjustment>
			</GovernmentAgencyGoodsItem>
			<!--DE 3/16: Importer Identification Number.
				EORI number of the Importer. -->
			<Importer>
				<ID>GB553202734852</ID>
			</Importer>
			<!-- DE 4/1: Delivery Terms. 
				Mandatory as method 1 is being used in DE 4/16. 
				DDPGBWLA To represent the following delivery terms: Delivered Duty Paid to Wallasea Island, UK, a non-inventory linked location. -->
			<TradeTerms>
				<ConditionCode>DDP</ConditionCode>
				<LocationID>GBWLA</LocationID>
			</TradeTerms>
		</GoodsShipment>
		<!--DE 8/3: Guarantee reference number.
			Where document code C505 is declared in DE 2/3 (Document Codes) and authorisation type code CGU is declared in DE 3/39 (Holder of the Authorisation), then this data element is mandatory ID indicates that the guarantee is not required, as stated in DE 8/2. -->
		<ObligationGuarantee>
			<ID>GBCGU55320273485220191113093459</ID>
			<!--DE 8/2: Guarantee type.  
				0 to represent that a customs comprehensive guarantee is being waived for the deferment of customs duty.
				Where document code C505 is declared in DE 2/3 (Document Codes) and authorisation type code CGU is declared in DE 3/39 (Holder of the Authorisation), then code ‘0’ or ‘1’ must be declared in this data element. -->
			<SecurityDetailsCode>1</SecurityDetailsCode>
		</ObligationGuarantee>
	</Declaration>
</md:MetaData>