﻿<MetaData>
	<WCODataModelVersionCode>3.6</WCODataModelVersionCode>
	<WCOTypeName>RES</WCOTypeName>
	<ResponsibleCountryCode/>
	<ResponsibleAgencyName/>
	<AgencyAssignedCustomizationCode/>
	<AgencyAssignedCustomizationVersionCode/>
	<Response>
		<FunctionCode>02</FunctionCode>
		<FunctionalReferenceID>9f3be4ae2aa645269d0ba6d7d035e1c4</FunctionalReferenceID>
		<IssueDateTime>
			<DateTimeString formatCode="304">20210315093042Z</DateTimeString>
		</IssueDateTime>
		<Declaration>
			<FunctionalReferenceID>TT_IM05_Amend_1503_01</FunctionalReferenceID>
			<ID>21GB2WVFAYS7K3MV06</ID>
			<VersionID>1</VersionID>
		</Declaration>
	</Response>
</MetaData>