﻿<MetaData>
	<WCODataModelVersionCode>3.6</WCODataModelVersionCode>
	<WCOTypeName>RES</WCOTypeName>
	<ResponsibleCountryCode/>
	<ResponsibleAgencyName/>
	<AgencyAssignedCustomizationCode/>
	<AgencyAssignedCustomizationVersionCode/>
	<Response>
		<FunctionCode>13</FunctionCode>
		<FunctionalReferenceID>9b59464c2077416194c656319bde5f70</FunctionalReferenceID>
		<IssueDateTime>
			<DateTimeString formatCode="304">20210315093047Z</DateTimeString>
		</IssueDateTime>
		<Bank>
			<ReferenceID>CITIGB2LLON</ReferenceID>
			<ID>GB25CITI08320011963155</ID>
		</Bank>
		<Status>
			<NameCode>67</NameCode>
		</Status>
		<Declaration>
			<FunctionalReferenceID>TTIM05a_150321_001</FunctionalReferenceID>
			<ID>21GB2WVFAYS7K3MV06</ID>
			<VersionID>2</VersionID>
			<GoodsShipment>
				<GovernmentAgencyGoodsItem>
					<SequenceNumeric>1</SequenceNumeric>
					<Commodity/>
				</GovernmentAgencyGoodsItem>
			</GoodsShipment>
		</Declaration>
	</Response>
</MetaData>