  <MetaData><WCODataModelVersionCode>3.6</WCODataModelVersionCode><WCOTypeName>RES</WCOTypeName><ResponsibleCountryCode/><ResponsibleAgencyName/><AgencyAssignedCustomizationCode/><AgencyAssignedCustomizationVersionCode/><Response>
      <FunctionCode>09</FunctionCode>
      <FunctionalReferenceID>be5dec03c30043b2b1ea6c1970deae4b</FunctionalReferenceID>
      <IssueDateTime>
        <DateTimeString formatCode="304">20200311140758Z</DateTimeString>
      </IssueDateTime>
      <AdditionalInformation>
        <StatementCode>A2</StatementCode>
        <StatementTypeCode>AFB</StatementTypeCode>
      </AdditionalInformation>
      <Declaration>
        <FunctionalReferenceID>R270_E2E_TC16_1103_002</FunctionalReferenceID>
        <ID>20GB2SV40EM6ZFGVR0</ID>
        <VersionID>1</VersionID>
      </Declaration>
    </Response></MetaData>
