<MetaData>
    <WCODataModelVersionCode>3.6</WCODataModelVersionCode>
    <WCOTypeName>RES</WCOTypeName>
    <ResponsibleCountryCode/>
    <ResponsibleAgencyName/>
    <AgencyAssignedCustomizationCode/>
    <AgencyAssignedCustomizationVersionCode/>
    <Response>
        <FunctionCode>09</FunctionCode>
        <FunctionalReferenceID>c9753b4d932243fc87d85f31bf62c5ce</FunctionalReferenceID>
        <IssueDateTime>
            <DateTimeString formatCode="304">20210510115131Z</DateTimeString>
        </IssueDateTime>
        <AdditionalInformation>
            <StatementCode>A2</StatementCode>
            <StatementTypeCode>AFB</StatementTypeCode>
        </AdditionalInformation>
        <Declaration>
            <FunctionalReferenceID>TT_IM52a_v1.4_1005_03</FunctionalReferenceID>
            <ID>21GB5517STGPMJYJR0</ID>
            <VersionID>1</VersionID>
        </Declaration>
    </Response>
</MetaData>