<MetaData>
	<WCODataModelVersionCode>3.6</WCODataModelVersionCode>
	<WCOTypeName>RES</WCOTypeName>
	<ResponsibleCountryCode/>
	<ResponsibleAgencyName/>
	<AgencyAssignedCustomizationCode/>
	<AgencyAssignedCustomizationVersionCode/>
	<Response>
		<FunctionCode>01</FunctionCode>
		<FunctionalReferenceID>b7d009b0ad8149c0834cc21393f3f524</FunctionalReferenceID>
		<IssueDateTime>
			<DateTimeString formatCode="304">20211208124506Z</DateTimeString>
		</IssueDateTime>
		<Declaration>
			<AcceptanceDateTime>
				<DateTimeString formatCode="304">20211208124501Z</DateTimeString>
			</AcceptanceDateTime>
			<FunctionalReferenceID>R3.5.0_9780_TC02_081</FunctionalReferenceID>
			<ID>21GBDJZNYFIN1NGA03</ID>
			<VersionID>2</VersionID>
		</Declaration>
	</Response>
</MetaData>