		<md:MetaData
xmlns="urn:wco:datamodel:WCO:DEC-DMS:2"
xmlns:xsi="http://www.w3.org/2001/XMLSchema-instance"
xmlns:clm63055="urn:un:unece:uncefact:codelist:standard:UNECE:AgencyIdentificationCode:D12B"
xmlns:ds="urn:wco:datamodel:WCO:MetaData_DS-DMS:2"
xmlns:md="urn:wco:datamodel:WCO:DocumentMetaData-DMS:2"
xsi:schemaLocation="urn:wco:datamodel:WCO:DocumentMetaData-DMS:2 ../DocumentMetaData_2_DMS.xsd "
>
	<md:WCODataModelVersionCode>3.6</md:WCODataModelVersionCode>
	<md:WCOTypeName>DEC</md:WCOTypeName>
	<md:ResponsibleCountryCode>GB</md:ResponsibleCountryCode>
	<md:ResponsibleAgencyName>HMRC</md:ResponsibleAgencyName>
	<md:AgencyAssignedCustomizationVersionCode>v2.1</md:AgencyAssignedCustomizationVersionCode>
	<Declaration
xmlns="urn:wco:datamodel:WCO:DEC-DMS:2"
xmlns:clm5ISO42173A="urn:un:unece:uncefact:codelist:standard:ISO:ISO3AlphaCurrencyCode:2012-08-31"
xmlns:clm63055="urn:un:unece:uncefact:codelist:standard:UNECE:AgencyIdentificationCode:D12B"
xmlns:p1="urn:wco:datamodel:WCO:Declaration_DS:DMS:2"
xmlns:udt="urn:un:unece:uncefact:data:standard:UnqualifiedDataType:6"
xmlns:xsi="http://www.w3.org/2001/XMLSchema-instance"
xsi:schemaLocation="urn:wco:datamodel:WCO:DEC-DMS:2 ../WCO_DEC_2_DMS.xsd "
> <!--
Type F pre-lodged Direct export scenario with no control. Declaration is processed including risk assessment and becomes type C

      Goods exported permanently
      Procedure code 1040 Additional procedure code 000
      Goods: waterproof footwear
      Exporter is an SDE authorisation holder
      Agent employed by the exporter under direct rep.
			Movement messages: CST, EAL, EDL
			Expected Notification: DMSACC, DMSCLE, DMSEOG, DMSRCV1, DMSRCV2, DMSRES
      Credit Card used for payment of VAT & Excise
      Goods presented at Southampton Docks -->
		<AcceptanceDateTime>
			<p1:DateTimeString formatCode="304">20200128090000+01</p1:DateTimeString>
		</AcceptanceDateTime>
		<!--Function Code of 9 to represent an original declaration.-->
		<FunctionCode>9</FunctionCode>
		<!-- DE 2/5: The trader assigned reference to the declaration -->
		<FunctionalReferenceID>EX_3.6_TC02B_2801R01</FunctionalReferenceID>
		<IssueDateTime>
			<p1:DateTimeString formatCode="304">20200128090000+01</p1:DateTimeString>
		</IssueDateTime>
		<!--DE 1/1: EX to represent an Export declaration.-->
		<!--DE 1/2: F to represent a Simplified declaration.-->
		<TypeCode>EXF</TypeCode>
		<!--DE 1/9: Total number of goods items on the declaration.-->
		<GoodsItemQuantity>1</GoodsItemQuantity>
		<!--DE 3/20: EORI number of the Representative.
                    DE 3/21: '2' Indicating direct representation. -->
		<Agent>
			<ID>GB150454489082</ID>
			<FunctionCode>2</FunctionCode>
		</Agent>
		<!--DE 3/39: Holder of the authorisation identification no and SDE CategoryCode-->
		<AuthorisationHolder>
			<ID>GB150454489082</ID>
			<CategoryCode>SDE</CategoryCode>
		</AuthorisationHolder>
		<Consignment>
			<!--DE 3/31: Carrier Name and Address including postcode  -->
			<Carrier>
				<Name>Transportation company</Name>
				<Address>
					<CityName>London</CityName>
					<CountryCode>GB</CountryCode>
					<Line>London</Line>
					<PostcodeID>SE1 7PB</PostcodeID>
				</Address>
			</Carrier>
			<!-- 4/2: Transport charges method of payment. B indicating Credit Card -->
			<Freight>
				<PaymentMethodCode>B</PaymentMethodCode>
			</Freight>
			<!-- 5/18: Countries of routing codes. Indicating GB and ZF (Great Britain, French Continental Shelf)-->
			<Itinerary>
				<SequenceNumeric>1</SequenceNumeric>
				<RoutingCountryCode>GB</RoutingCountryCode>
			</Itinerary>
			<Itinerary>
				<SequenceNumeric>2</SequenceNumeric>
				<RoutingCountryCode>ZF</RoutingCountryCode>
			</Itinerary>
		</Consignment>
		<!--DE 3/18: EORI number of the Declarant. -->
		<Declarant>
			<ID>GB150454489082</ID>
		</Declarant>
		<!-- 5/12: 'GB000290' Indicating Indicating Southampton -->
		<ExitOffice>
			<ID>GB000290</ID>
		</ExitOffice>
		<!--DE 3/2: EORI number of the Exporter. Should match the DUCR declared in DE2/1 -->
		<Exporter>
			<ID>GB427168118378</ID>
		</Exporter>
		<GoodsShipment>
			<!--DE 3/9: Consignee Name and Address -->
			<Consignee>
				<Name>French Oil Rig 1</Name>
				<Address>
					<CityName>France</CityName>
					<CountryCode>ZF</CountryCode>
					<Line>France</Line>
					<PostcodeID>150 0002</PostcodeID>
				</Address>
			</Consignee>
			<Consignment>
				<!--DE 7/2: 1 to indicate that the goods are transported in containers.-->
				<ContainerCode>1</ContainerCode>
				<!--DE 5/23: 'SOUSTNSOU' Indicating Southampton Docks-->
				<!--DE 5/23: Type of Location - A in this scenario to represent
                        		that it is a designated location.-->
				<!--DE 5/23: Type of ID of the Location - U in this scenario for
                        		UN/LOCODE.-->
				<!--DE 5/23: Country code of the country where the goods may be examined,
                           	GB in this scenario.-->
				<GoodsLocation>
					<Name>SOUSTNSOU</Name>
					<TypeCode>A</TypeCode>
					<Address>
						<TypeCode>U</TypeCode>
						<CountryCode>GB</CountryCode>
					</Address>
				</GoodsLocation>
				<!--DE 7/10: Sequence number and ID of the container.-->
				<!--DE 7/18: Seal sequence number 1, then seal number-->
				<TransportEquipment>
					<SequenceNumeric>1</SequenceNumeric>
					<ID>DHAU9384333</ID>
					<Seal>
						<SequenceNumeric>1</SequenceNumeric>
						<ID>17583753</ID>
					</Seal>
				</TransportEquipment>
			</Consignment>
			<!--DE 5/8: Country code of the destination country. ZF Indicating French Continental Shelf-->
			<Destination>
				<CountryCode>ZF</CountryCode>
			</Destination>
			<GovernmentAgencyGoodsItem>
				<!--DE 1/6: Sequential number of the goods item.-->
				<SequenceNumeric>1</SequenceNumeric>
				<!--DE 2/3: C512 indicating SDE-->
				<AdditionalDocument>
					<CategoryCode>C</CategoryCode>
					<ID>GBSDE150454489082I20191113093111</ID>
					<TypeCode>512</TypeCode>
				</AdditionalDocument>
				<Commodity>
					<!--DE 6/8: Description of the goods.-->
					<Description>Protective Footwear including metal toecap</Description>
					<!--DE 6/14: Commodity code - Indicating waterproof footwear.-->
					<Classification>
						<ID>64011000</ID>
						<IdentificationTypeCode>TSP</IdentificationTypeCode>
					</Classification>
				</Commodity>
				<!--DE 1/10: Requested Procedure of 1040 indicating Permanent export of goods in Free Circulation and Home Use -->
				<GovernmentProcedure>
					<CurrentCode>10</CurrentCode>
					<PreviousCode>40</PreviousCode>
				</GovernmentProcedure>
				<!--DE 1/11:indicating No other Additional Procedure Code applies -->
				<GovernmentProcedure>
					<CurrentCode>000</CurrentCode>
				</GovernmentProcedure>
				<!--DE 6/11: Shipping marks on the packages 'METALBOOTS123'.-->
				<!--DE 6/10: Number of packages, in this case 40.-->
				<!--DE 6/9: Type of packages - BX to indicate boxes-->
				<Packaging>
					<SequenceNumeric>1</SequenceNumeric>
					<MarksNumbersID>METALBOOTS123</MarksNumbersID>
					<QuantityQuantity>40</QuantityQuantity>
					<TypeCode>BX</TypeCode>
				</Packaging>
			</GovernmentAgencyGoodsItem>
			<!--DE 2/1: Previous document to show the DUCR assigned to the consignment.
                   This is a mandatory field-->
			<PreviousDocument>
				<CategoryCode>Y</CategoryCode>
				<ID>0GB427168118378-2801R1</ID>
				<TypeCode>DCR</TypeCode>
				<LineNumeric>1</LineNumeric>
			</PreviousDocument>
			<PreviousDocument>
				<CategoryCode>Z</CategoryCode>
				<ID>GB/427168118378-R2801</ID>
				<TypeCode>MCR</TypeCode>
			</PreviousDocument>
		</GoodsShipment>
		<!--DE 5/27: Indicating HMRC Birmingham City Centre House. -->
		<SupervisingOffice>
			<ID>GBBHM002</ID>
		</SupervisingOffice>
	</Declaration>
</md:MetaData>
