<md:MetaData xsi:schemaLocation="urn:wco:datamodel:WCO:DocumentMetaData-DMS:2 ../DocumentMetaData_2_DMS.xsd "
	xmlns="urn:wco:datamodel:WCO:DEC-DMS:2" xmlns:xsi="http://www.w3.org/2001/XMLSchema-instance"
	xmlns:clm63055="urn:un:unece:uncefact:codelist:standard:UNECE:AgencyIdentificationCode:D12B"
	xmlns:ds="urn:wco:datamodel:WCO:MetaData_DS-DMS:2"
	xmlns:md="urn:wco:datamodel:WCO:DocumentMetaData-DMS:2">
	<md:WCODataModelVersionCode>3.6</md:WCODataModelVersionCode>
	<md:WCOTypeName>DEC</md:WCOTypeName>
	<md:ResponsibleCountryCode>GB</md:ResponsibleCountryCode>
	<md:ResponsibleAgencyName>HMRC</md:ResponsibleAgencyName>
	<md:AgencyAssignedCustomizationVersionCode>v2.1</md:AgencyAssignedCustomizationVersionCode>
	<Declaration 
		xsi:schemaLocation="urn:wco:datamodel:WCO:DEC-DMS:2 ../WCO_DEC_2_DMS.xsd "
		xmlns:clm5ISO42173A="urn:un:unece:uncefact:codelist:standard:ISO:ISO3AlphaCurrencyCode:2012-08-31"
		xmlns:p1="urn:wco:datamodel:WCO:Declaration_DS:DMS:2"
		xmlns:udt="urn:un:unece:uncefact:data:standard:UnqualifiedDataType:6" >
	
		<!--
			SCENARIO RoW to NI: "At Risk"
			Import of goods liable to Customs Duty & VAT, with no previous procedure
			Goods: Shavers, hair clippers and hair-removing appliances, with self-contained electric motor
			Standard frontier Declaration Type A which derives a H1 Declaration Category data set
			Deferred Payment is used with standing authority. Importer's DAN is being used.
			Goods presented at Belfast Port on arrival.
			AI code 'NIIMP' entered at Item Level.
		-->

		<!--Function Code of 9 to represent an original declaration.-->
		<FunctionCode>9</FunctionCode>
		<!--DE 2/5: LRN.
			Trader's own reference number - this must be unique to the transaction. -->
		<FunctionalReferenceID>TT_IM76a_v1.2_0903_2</FunctionalReferenceID>
		<!--DE 1/1: Declaration Type.
			IM to represent an import declaration.-->
		<!--DE 1/2: Additional Declaration Type.
			A to represent a standard frontier declaration. -->
		<TypeCode>IMA</TypeCode>
		<!--DE 1/9: Total Number of Items.
			Number of goods items on the declaration. -->
		<GoodsItemQuantity>1</GoodsItemQuantity>
		<!--DE 6/18: Total Packages.
			In this case, 100. 
			Note that this matches DE 6/10 because this is a single item declaration. -->
		<TotalPackageQuantity>100</TotalPackageQuantity>
		<!--DE 2/6: Deferred Payment. 
			This is mandatory when deferred payment is used.
			ID is the DAN account used for deferred payment (for excise duty in this scenario).
			The agent has standing authority to use this DAN on behalf of the importer in this declaration. -->
		<AdditionalDocument>
			<CategoryCode>1</CategoryCode>
			<ID>1108654</ID>
			<TypeCode>DAN</TypeCode>
		</AdditionalDocument>
		<!--DE 3/21: Representative Status Code 
			Required if self-rep not used.
			FunctionCode of 2 indicating agent acting in direct representation for the importer (holding written instruction to do so).-->
		<Agent>
			<FunctionCode>2</FunctionCode>
		</Agent>
		<!--DE 3/39: Holder of the Authorisation Identification Number.
			An authorisation type code of CGU is required as CCG authorisation is being declared (see DE 2/3 where a document code of C505 has been entered).
			The ID here is the EORI of the CCG authorised party. -->
		<AuthorisationHolder>
			<ID>GB553202734852</ID>
			<CategoryCode>CGU</CategoryCode>
		</AuthorisationHolder>
		<!--DE 3/39: Holder of the Authorisation Identification Number.
			An authorisation type code of DPO indicates Deferment of Payment authorisation.
			The ID here is the EORI of the DPO authorised party. -->
		<AuthorisationHolder>
			<ID>GB553202734852</ID>
			<CategoryCode>DPO</CategoryCode>
		</AuthorisationHolder>
		<BorderTransportMeans>
			<!--DE 7/15: Nationality of the active means of transport crossing the border.
				In this case, AU. -->
			<RegistrationNationalityCode>AU</RegistrationNationalityCode>
			<!--DE 7/4: Mode of Transport at the Border.
			ModeCode of 1 to represent Maritime/Sea transport. -->
			<ModeCode>1</ModeCode>
		</BorderTransportMeans>
		<!--DE 3/18: Declarant Identification Number.
			The EORI number of the agent entering the declaration. 
			The UK requires an EORI to be provided for the declarant. 
			In this scenario, the same as the EORI of the importer. -->
		<Declarant>
			<ID>GB603202734852</ID>
		</Declarant>
		<!--DE 3/1: Exporter.
			Exporter name and address is mandatory where no recognised EORI number has been entered into DE 3/2. -->
		<Exporter>
			<Name>Oz Cotton Co.</Name>
			<Address>
				<CityName>Sydney</CityName>
				<CountryCode>AU</CountryCode>
				<Line>1 Cotton Street</Line>
				<PostcodeID>SD1 4NY</PostcodeID>
			</Address>
		</Exporter>
		<GoodsShipment>
			<!--DE 8/5: Nature of Transaction.
				1 to indicate transactions involving actual or intended transfer of ownership from residents to non-residents against financial or other compensation. -->
			<TransactionNatureCode>1</TransactionNatureCode>
			<Consignment>
				<!--DE 7/2: Container.
					Indicator to show if goods are packed in a container or not.
					1 indicates that goods are transported in containers.
					Note: Unlike CHIEF this must now be completed. -->
				<ContainerCode>1</ContainerCode>
				<!--DE 7/9: Identity of the means of transport on arrival. 
					Example number representing IMO ship identification number: '10', and 5 digits for the identification number: '12345'. -->
				<ArrivalTransportMeans>
					<ID>12345</ID>
					<IdentificationTypeCode>10</IdentificationTypeCode>
				</ArrivalTransportMeans>
				<GoodsLocation>
					<!--DE 5/23: Location of Goods - Identification of Location.
						ID to give a unique position of the location. 
						The location code for Port of Belfast. 
						Goods moved via shipping container from GB to NI via port of Belfast. -->
					<Name>BELBELBEL</Name>
					<!--DE 5/23: Location of Goods - Type of Location.
						A in this scenario to represent that it is a designated location. -->
					<TypeCode>A</TypeCode>
					<Address>
						<!--DE 5/23: Location of Goods - Type of ID of the Location.
							U in this scenario for UN/LOCODE. -->
						<TypeCode>U</TypeCode>
						<!--DE 5/23: Location of Goode - Country.
							Code of the country where the goods may be examined.
							GB in this scenario. -->
						<CountryCode>GB</CountryCode>
					</Address>
				</GoodsLocation>
				<!--DE 7/10: Container identification number. 
					This is alpha-numeric with up to 17 characters.
				   For containers covered by the standard ISO 6346, the identifier (prefix) allocated by the International Bureau of Containers and Intermodal Transport (BIC) shall also be provided in addition to the container identification number.
				   For swap bodies and semi-trailers the ILU (Intermodal Loading Units) code as introduced by the European EN 13044 shall be used. -->
				<TransportEquipment>
					<SequenceNumeric>1</SequenceNumeric>
					<ID>AD12345</ID>
				</TransportEquipment>
			</Consignment>
			<!--DE 5/8: Country of Desination Code.
				In this case, GB for Great Britain. -->
			<Destination>
				<CountryCode>GB</CountryCode>
			</Destination>
			<!--DE 5/14: Country of Export/Dispatch Code.
				In this case, AU for Australia. -->
			<ExportCountry>
				<ID>AU</ID>
			</ExportCountry>
			<GovernmentAgencyGoodsItem>
				<!--DE 1/6: Goods Item Number.
					Sequential number of the goods item. -->
				<SequenceNumeric>1</SequenceNumeric>
				<!--DE 2/3: Documents produced, certificates and authorisations, additional references.
					A document code of C505 indicates CGU - Authorisation for the provision of a comprehensive guarantee, including possible reduction or waiver.
					In this scenario, a waiver to the CCG authorisation is being used and therefore the ID also indicates that a waiver is being used.
					LPCOExemptionCode: CC indicates Authorisation issued under the Community Customs Code â€“ CCG not required. -->
				<AdditionalDocument>
					<CategoryCode>C</CategoryCode>
					<ID>GBCGUGuaranteenotrequired</ID>
					<TypeCode>505</TypeCode>
					<LPCOExemptionCode>CC</LPCOExemptionCode>
				</AdditionalDocument>
				<!-- DE 2/3: Documents produced, certificates and authorisations, additional references. 
					This field is mandatory if the codes are required.
					C506 indicates DPO - Authorisation for the deferment of payment.  
					Provide the authorisation decision number for the deferment of payment authorisation in the format:
					• 2 digit code identifying the member state of authorisation, for example, GB
					• 3 digit code indicating that a deferment of payment authorisation is held, that is, DPO
					• Followed by the authorisation reference number. 
					No document status code is required. -->
				<AdditionalDocument>
					<CategoryCode>C</CategoryCode>
					<ID>GBDPO1108654</ID>
					<TypeCode>506</TypeCode>
				</AdditionalDocument>
				<!--DE 2/3: Documents produced, certificates and authorisations, additional references.
					A document code of N935 indicates the invoice on the basis of which the customs value of the goods is declared. 
					This is required as a Valuation Method of 1 to indicate transaction value has been declared in DE 4/16.
					LPCOExemptionCode: AC indicates Document attached for certification by customs. -->
				<AdditionalDocument>
					<CategoryCode>N</CategoryCode>
					<ID>12345/09.01.2022</ID>
					<TypeCode>935</TypeCode>
					<LPCOExemptionCode>AC</LPCOExemptionCode>
				</AdditionalDocument>
				<!--DE 2/3: Documents produced, certificates and authorisations, additional references. 
					This field is mandatory only where codes required.
					Additional document code of 9WKS indicates Worksheet to support calculation of the customs value and/or revenue calculations. -->
					<AdditionalDocument>
						<CategoryCode>9</CategoryCode>
						<ID>See attached Worksheet1154-11012022</ID>
						<TypeCode>WKS</TypeCode>
						<LPCOExemptionCode>AE</LPCOExemptionCode>
					</AdditionalDocument>
				<!--DE 2/2: Additional Information. 
					This field is mandatory. 
					This indicates goods are imported from ROW into Northern Ireland. -->
				<AdditionalInformation>
					<StatementCode>NIIMP</StatementCode>
				</AdditionalInformation>
				<!--DE 2/2: Additional Information. 
					This field is mandatory.
					StatementCode VR177 represents that the items have variable duty rates, and use the same measurement unit. -->
				<AdditionalInformation>
					<StatementCode>VR177</StatementCode>
					<StatementDescription>Items have variable duty rates, and use the same measurement unit</StatementDescription>
				</AdditionalInformation>
				<Commodity>
					<!--DE 6/8: Description of Goods.
						Description of the goods specific enough to enable classification without repeating the CN code description in the Tariff. -->
					<Description>Cotton T-Shirts</Description>
					<Classification>
						<!--DE 6/14: Commodity Code - Combined Nomenclature Code.-->
						<ID>61091000</ID>
						<IdentificationTypeCode>TSP</IdentificationTypeCode>
					</Classification>
					<Classification>
						<!--DE 6/15: Commodity Code: TARIC code.
							Two characters for the application of specific Union measures in respect of formalities to be completed at destination. -->
						<ID>10</ID>
						<IdentificationTypeCode>TRC</IdentificationTypeCode>
					</Classification>
					<DutyTaxFee>
						<!--DE 4/17: Preference.
							Preference Type of 100 represents no preference being claimed. -->
						<DutyRegimeCode>100</DutyRegimeCode>
						<Payment>
							<!--DE 4/8: Payment Method.
								MethodCode of E to indicate Deferment used for import - Tax line 1. -->
							<MethodCode>E</MethodCode>
						</Payment>
					</DutyTaxFee>
				<DutyTaxFee>
					<!--DE 4/3: Tax Type. 
					Mandatory field if revenue to pay/secure. 
					Tax Type of A50 represents Customs duty. -->
					<TypeCode>A50</TypeCode>
					<!--DE 4/8: Payment Method.
						MethodCode - E to indicate Deferment. -->
					<Payment>
						<MethodCode>E</MethodCode>
					</Payment>
				</DutyTaxFee>
				<DutyTaxFee>
					<!--DE 4/3: Tax Type. 
						In this scenario, B00 indicating UK VAT. -->
					<TypeCode>B00</TypeCode>
					<!--DE 4/8: Payment Method.
						MethodCode - E to indicate Deferment. -->
					<Payment>
						<MethodCode>E</MethodCode>
					</Payment>
				</DutyTaxFee>
				<DutyTaxFee>
					<!--DE 4/3: Tax Type. 
						In this scenario, B05 indicating VAT on EU Liabilities. -->
					<TypeCode>B05</TypeCode>
					<!--DE 4/8: Payment Method.
						MethodCode - E to indicate Deferment. -->
					<Payment>
						<MethodCode>E</MethodCode>
					</Payment>
				</DutyTaxFee>
				<GoodsMeasure>
						<!--DE 6/5: Gross Mass.
							Weight of the goods in kilograms including packaging. -->
						<GrossMassMeasure>100</GrossMassMeasure>
						<!--DE 6/1: Net Mass
							Weight of the goods in kilograms without any packaging. -->
						<NetNetWeightMeasure>50</NetNetWeightMeasure>
						<TariffQuantity>100</TariffQuantity>
					</GoodsMeasure>
					<!--DE 4/14: Item Price/ Amount. 
						The invoice was issued with a value of 1000 and the currency was in GBP.-->
					<InvoiceLine>
						<ItemChargeAmount currencyID="GBP">1000</ItemChargeAmount>
					</InvoiceLine>
				</Commodity>
				<!--DE 4/16: Valuation Method.
					1 to indicate the method is transaction value of the imported goods. -->
				<CustomsValuation>
					<MethodCode>1</MethodCode>
				</CustomsValuation>
				<!--DE 1/10: Procedure.
					Requested Procedure of 40 indicating entry for free circulation and home use of goods.
					Previous Procedure of 00 indicating there is no previous procedure. -->
				<GovernmentProcedure>
					<CurrentCode>40</CurrentCode>
					<PreviousCode>00</PreviousCode>
				</GovernmentProcedure>
				<!--DE 1/11: Additional Procedure Code.
					F47 to indicate that different goods have been grouped on a single customs declaration. -->
				<GovernmentProcedure>
					<CurrentCode>F47</CurrentCode>
				</GovernmentProcedure>
				<!--DE 5/15: Country of Origin.
					TypeCode of 1 to represent non-preferential origin. 
					Where preference in DE 4/17 begins with '1', this must be completed.
					CountryCode cotains the code for the country from which the goods originated, in this case Au Australia. -->
				<Origin>
					<CountryCode>AU</CountryCode>
					<TypeCode>1</TypeCode>
				</Origin>
				<Packaging>
					<SequenceNumeric>1</SequenceNumeric>
					<!--DE 6/11: Shipping Marks.
						Marks on the packages. -->
					<MarksNumbersID>BX-1234228/34</MarksNumbersID>
					<!--DE 6/10: Number of Packages.
						In this case 100. -->
					<QuantityQuantity>100</QuantityQuantity>
					<!--DE 6/9: Type of Packages.
						BX to represent Box. -->
					<TypeCode>BX</TypeCode>
				</Packaging>
				<!--DE 4/13: Valuation Indicator.
					Mandatory in this scenario as a valuation method of 1 has been used in DE 4/16.
				• First digit: 0 = there is no price influence as a result of a Party Relationship between the buyer and seller.
				• Second digit: 0 = there are no restrictions as to the disposal or use of the goods by the buyer in accordance with Article 70(3)(a) of the Code.
				• Third digit: 0 = the sale or price is not subject to some condition
				or consideration in accordance with Article 70(3)(b) of the Code.
				• Fourth digit: 0 = the sale is not subject to an arrangement under which part of the proceeds of any subsequent resale, disposal or use accrues directly or indirectly to the seller. -->
				<ValuationAdjustment>
					<AdditionCode>0000</AdditionCode>
				</ValuationAdjustment>
			</GovernmentAgencyGoodsItem>
			<!--DE 3/16: Importer Idenfication Number.
				EORI number of the Importer. -->
			<Importer>
				<ID>GB553202734852</ID>
			</Importer>
			<!--DE 2/1: Simplified Declaration/ Previous Documents.
				Previous document to show the DUCR assigned to the consignment. 
				This is a mandatory field. -->
			<PreviousDocument>
				<CategoryCode>Z</CategoryCode>
				<ID>2GB553202734852-12345</ID>
				<TypeCode>DCR</TypeCode>
			</PreviousDocument>
			<!--DE 2/1: Simplified Declaration/ Previous Documents.
				Previous document of Z355 to show the MRN for the entry summary declaration. This is a mandatory field. To denote the inventory reference number. 
				Note: As this is for a single item declaration, this should all be declared at header level-->
			<PreviousDocument>
				<CategoryCode>Z</CategoryCode>
				<ID>22GB34F7Y1O2CX8PT4</ID>
				<TypeCode>355</TypeCode>
				<LineNumeric>1</LineNumeric>
			</PreviousDocument>
			<!--DE 4/1: Delivery Terms.
				Mandatory as method 1 is being used in DE 4/16.
				CIF to indicate Cost, Insurance and Freight.
				GBBEL to represent the named port of destination: Belfast Port, NI UK, a non-inventory linked location. -->
			<TradeTerms>
				<ConditionCode>CIF</ConditionCode>
				<LocationID>GBBEL</LocationID>
			</TradeTerms>
		</GoodsShipment>
		<ObligationGuarantee>
			<!--DE 8/3: Guarantee Reference Number.
				Where document code C505 is declared in DE 2/3 (Document Codes) and authorisation type code is declared in DE 3/39 (Holder of the Authorisation), then this data element is mandatory.
				ID indicates that the guarantee is not required, as stated in DE 8/2. -->
			<ID>Guaranteenotrequired</ID>
			<!--DE 8/2: Guarantee type. 
				0 to represent that a customs comprehensive Guarantee is being waived for the deferment of customs duty.
				Where document code C505 is declared in DE 2/3 (Document Codes) and authorisation type code CGU is declared in DE 3/39 (Holder of the Authorisation), then code '0' or '1' must be declared in this data element. -->
			<SecurityDetailsCode>0</SecurityDetailsCode>
		</ObligationGuarantee>
	</Declaration>
</md:MetaData>