<md:MetaData xmlns="urn:wco:datamodel:WCO:DEC-DMS:2"
			 xmlns:xsi="http://www.w3.org/2001/XMLSchema-instance"
			 xmlns:clm63055="urn:un:unece:uncefact:codelist:standard:UNECE:AgencyIdentificationCode:D12B"
			 xmlns:ds="urn:wco:datamodel:WCO:MetaData_DS-DMS:2"
			 xmlns:md="urn:wco:datamodel:WCO:DocumentMetaData-DMS:2"
			 xsi:schemaLocation="urn:wco:datamodel:WCO:DocumentMetaData-DMS:2 ../DocumentMetaData_2_DMS.xsd ">
	<md:WCODataModelVersionCode>3.6</md:WCODataModelVersionCode>
	<md:WCOTypeName>DEC</md:WCOTypeName>
	<md:ResponsibleCountryCode>GB</md:ResponsibleCountryCode>
	<md:ResponsibleAgencyName>HMRC</md:ResponsibleAgencyName>
	<md:AgencyAssignedCustomizationVersionCode>v2.1
	</md:AgencyAssignedCustomizationVersionCode>
	<Declaration xmlns="urn:wco:datamodel:WCO:DEC-DMS:2"
			xmlns:clm5ISO42173A="urn:un:unece:uncefact:codelist:standard:ISO:ISO3AlphaCurrencyCode:2012-08-31"
			xmlns:clm63055="urn:un:unece:uncefact:codelist:standard:UNECE:AgencyIdentificationCode:D12B"
			xmlns:p1="urn:wco:datamodel:WCO:Declaration_DS:DMS:2"
			xmlns:udt="urn:un:unece:uncefact:data:standard:UnqualifiedDataType:6"
			xmlns:xsi="http://www.w3.org/2001/XMLSchema-instance"
			xsi:schemaLocation="urn:wco:datamodel:WCO:DEC-DMS:2 ../WCO_DEC_2_DMS.xsd ">

		<!--SCENARIO
			Imports simplified frontier (Type C) declaration.
			A Trader chooses to utilise the Duty Calculation Manual Override functionality for this type of Declaration (Type C Simplified) where the Tax Base and Tax Payable Amount values are entered.	
			Procedure Code 44 21 has been used to claim duty (and where applicable VAT) relief under end use with simultaneous release for free circulation and home use, 
			where the goods are being re-imported following temporary export under outward processing 	
			Expected notifications (2): DMSACC and DMSCLE -->

		<!--Function Code of 9 to represent an original declaration.-->
		<FunctionCode>9</FunctionCode>
		<FunctionalReferenceID>IM50a_v1.3_0702_01</FunctionalReferenceID>
		<TypeCode>IMC</TypeCode>
		<!--DE 1/9: Total number of goods items on the declaration.
			Single item declaration. -->
		<GoodsItemQuantity>1</GoodsItemQuantity>
		<!--6/18: Total packages
			55 packages. 
			Note that this matches DE 6/10 because this is a single item declaration. -->
		<TotalPackageQuantity>55</TotalPackageQuantity>
		<!--DE 2/6: Deferred Payment. 
			The DAN account used for deferred payment. 
			This declared DAN belongs to the importer declared on the declaration. -->
		<AdditionalDocument>
			<CategoryCode>1</CategoryCode>
			<ID>1909231</ID>
			<TypeCode>DAN</TypeCode>
		</AdditionalDocument>
		<!--DE 3/39: Holder of the authorisation identification No.
			Type code of SDE is required where SDP authorisation is being declared. 
			In this scenario, a waiver is being claimed. 
			See DE 2/3 where a document code of C512 has been entered.
			The ID here is the EORI of the SDE authorised party. -->
		<AuthorisationHolder>
			<ID>GB201909013000</ID>
			<CategoryCode>SDE</CategoryCode>
		</AuthorisationHolder>
		<!--DE 3/39: Holder of the authorisation identification No.
			Type code of CGU is required where CCG authorisation is being declared or a waiver is being claimed. In this scenario, a waiver is being claimed. 
			The ID here is the EORI of the CCG authorised party. -->
		<AuthorisationHolder>
			<ID>GB201909013000</ID>
			<CategoryCode>CGU</CategoryCode>
		</AuthorisationHolder>
		<!--DE 3/39: Holder of the authorisation identification No.
			Type code of DPO indicates Deferment of Payment authorisation. 
			The ID here is the EORI of the DPO authorised party. -->
		<AuthorisationHolder>
			<ID>GB201909013000</ID>
			<CategoryCode>DPO</CategoryCode>
		</AuthorisationHolder>
		<!--DE 3/39: Holder of the authorisation identification No.
			Type code of OPO indicates outward processing procedure authorisation. 
			Mandatory if authorisation is required to declare goods to procedure. -->
		<AuthorisationHolder>
			<ID>GB201909013000</ID>
			<CategoryCode>OPO</CategoryCode>
		</AuthorisationHolder>
		<!--DE 3/39: Holder of the authorisation identification No.
			Type code of EUS indicates End Use authorisation, the EORI number entered here must be the same as the Importer's EORI number declared in DE 3/16. -->
		<AuthorisationHolder>
			<ID>GB201909013000</ID>
			<CategoryCode>EUS</CategoryCode>
		</AuthorisationHolder>
		<BorderTransportMeans>
			<!--DE 7/4: Mode of Transport at the Border.
				ModeCode of 1 to represent Maritime/Sea transport as the mode of transport at the border. -->
			<ModeCode>1</ModeCode>
		</BorderTransportMeans>
		<!--DE 3/18: Declarant Identification Number.
			The EORI number of the agent entering the declaration. The UK requires an EORI to be provided for the declarant. -->		
		<Declarant>
			<ID>GB201909013000</ID>
		</Declarant>
		<!--DE 3/1: Exporter.
			Exporter name and address is mandatory where no recognised EORI number has been entered into DE 3/2-->
		<Exporter>
			<Name>US Bicycle Co</Name>
			<Address>
				<CityName>Chicago</CityName>
				<CountryCode>US</CountryCode>
				<Line>10 Irwin Street</Line>
				<PostcodeID>H81 4RG</PostcodeID>
			</Address>
		</Exporter>
		<GoodsShipment>
			<Consignment>
				<!--DE 7/2:  Indicator to show if goods are packed in a container or not.
			1 indicates that goods are transported in containers. Note: Unlike CHIEF this must now be completed-->
				<ContainerCode>1</ContainerCode>
				<!--DE 5/23: Location of Goods. 
					ID to give a unique position of the location. -->
				<!--DE 5/23: Name.
					WLALONBTW indicates the location code for the goods as Wallasea Island - Baltic Wharf. -->
				<!--DE 5/23: Type of Location.
					A in this scenario to represent that it is a designated location.-->
				<!--DE 5/23: Type of ID of the Location - U in this scenario for UN/LOCODE.-->
				<!--DE 5/23: Country code of the country where the goods may be examined.
					GB in this scenario. -->
				<GoodsLocation>
					<Name>WLALONBTW</Name>
					<TypeCode>A</TypeCode>
					<Address>
						<TypeCode>U</TypeCode>
						<CountryCode>GB</CountryCode>
					</Address>
				</GoodsLocation>
				<!--DE 7/10: Container identification number. 
					This is required where the container code in DE 7/2 is 1, indicating containerised traffic.
					Example container identification number: alpha numeric to a total of 17 characters. -->
				<TransportEquipment>
					<SequenceNumeric>1</SequenceNumeric>
					<ID>DM1234</ID>
				</TransportEquipment>
			</Consignment>
			<GovernmentAgencyGoodsItem>
			<!--DE 1/6: Good item number. Mandatory field. Sequential number of the goods item. -->
				<SequenceNumeric>1</SequenceNumeric>
				<!--DE 2/3: Documents produced. 
					A document code of C505 indicates CGU - Authorisation for the provision of a comprehensive guarantee, including possible reduction or waiver. 
					In this scenario, a waiver to the CCG authorisation is being used (indicated by the status code of "CC" and the statement "Guaranteenotrequired") for deferment purposes, and therefore the ID also indicates that a waiver is being used. -->
				<AdditionalDocument>
					<CategoryCode>C</CategoryCode>
					<ID>GBCGUGuaranteenotrequired</ID>
					<TypeCode>505</TypeCode>
					<LPCOExemptionCode>CC</LPCOExemptionCode>
				</AdditionalDocument>
				<!--DE 2/3: Documents produced. 
					C506 indicates DPO - Authorisation for the deferment of payment.
					Provide the authorisation decision number for the deferment of payment authorisation in format:
					- 2 digit code identifying the member state of authorisation, for example, GB
					- 3 digit code indicating that a deferment of payment authorisation is held,that is, DPO
					- Followed by the authorisation reference number. No document status code is required.-->
				<AdditionalDocument>
					<CategoryCode>C</CategoryCode>
					<ID>GBDPO1909231</ID>
					<TypeCode>506</TypeCode>
				</AdditionalDocument>
				<!--DE 2/3: Documents produced. 
					A document code of C512 indicates SDE - Authorisation to use simplified declaration (Column 7a, Annex A of Delegated Regulation (EU) 2015/2446). -->
				<AdditionalDocument>
					<CategoryCode>C</CategoryCode>
					<ID>GBSDE201909013000I</ID>
					<TypeCode>512</TypeCode>
				</AdditionalDocument>
				<!--DE 2/3: Documents produced. 
					This field is mandatory only where codes required.
					Additional document code of 9WKS indicates Worksheet to support calculation of the customs value and/or revenue calculations. -->
				<AdditionalDocument>
					<CategoryCode>9</CategoryCode>
					<ID>12345/30/01/2022</ID>
					<TypeCode>WKS</TypeCode>
					<LPCOExemptionCode>JP</LPCOExemptionCode>
				</AdditionalDocument>
				<!--Documents required for Procedure Code to 44 21 -->
				<!--DE 2/3: Documents produced, certificates and authorisations, additional references. 	
					This field is mandatory only where codes required.
					Additional document code of C604 indicates INF2 form. 
					Exemption code AE indicates document attached - exhausted by (or only applies to) this entry (document returned to the trader). -->
				<AdditionalDocument>
					<CategoryCode>C</CategoryCode>
					<ID>INF2123456-2022.02.02</ID>
					<TypeCode>604</TypeCode>
					<LPCOExemptionCode>AE</LPCOExemptionCode>
				</AdditionalDocument>
				<!--DE 2/3: Documents produced, certificates and authorisations, additional references. 	
					This field is mandatory only where codes required.
					Additional document code of C019 indicates OP authorisation number valid at the time of export. -->
				<AdditionalDocument>
					<CategoryCode>C</CategoryCode>
					<ID>GBOPO1504/545/89</ID>
					<TypeCode>019</TypeCode>
				</AdditionalDocument>
				<!--DE 2/3: A document code of N990 indicates End-Use authorisation with Simplified 
					Authorisation statement for AD.
					(N990 refers to end-use authorisation other than for ships and platforms.) -->
				<AdditionalDocument>
					<CategoryCode>N</CategoryCode>
					<ID>GBEUS9531/421/24</ID>
					<TypeCode>990</TypeCode>
				</AdditionalDocument>
				<!--DE 2/3: A document code of Y926 indicates goods are not concerned by import prohibition on fluorinated greenhouse gases 
				(as retained in UK law and as applicable in Great Britain) -->
				<AdditionalDocument>
					<CategoryCode>Y</CategoryCode>
					<Name>Excluded from prohibition</Name>
					<TypeCode>926</TypeCode>
				</AdditionalDocument>
				<!--DE 2/2 Additional Information. 
					This is required when DE 4/7 is completed for a manual tax calculation.
					Statement code OVR01 indicates duty calculation override claimed. 
					In the description enter ‘Duty override claimed’ followed by a plain text description of the reason for the override. -->
				<AdditionalInformation>
					<StatementCode>OVR01</StatementCode>
					<StatementDescription>Duty override claimed - to test CDSP-8181</StatementDescription>
				</AdditionalInformation>
				<!--DE 2/2 Additional Information.
					Statement code GEN45 for Enter the unique reference number, allocated to the consignment/work by the authorisation holder. 
					Enter ‘Simplified authorisation’ in the description. -->
				<AdditionalInformation>
					<StatementCode>GEN45</StatementCode>
					<StatementDescription>Ref Number: 123456</StatementDescription>
				</AdditionalInformation>
				<Commodity>
					<!--DE 6/8: Description of goods.
						Description specific enough to enable classification – without repeating the CN code description in the Tariff. -->
					<Description>Road wheels and parts and accessories thereof for the industrial assembly of pedestrian-controlled tractors</Description>
					<!--DE 6/14: Commodity code - combined nomenclature code-->
					<Classification>
						<ID>87087010</ID>
						<IdentificationTypeCode>TSP</IdentificationTypeCode>
					</Classification>
					<!--DE 6/15: Commodity code - TARIC code-->
					<Classification>
						<ID>95</ID>
						<IdentificationTypeCode>TRC</IdentificationTypeCode>
					</Classification>
					<!--DE 6/16: Commodity Code - TARIC Additional code(s).
						Additional Code 4999 to represent Restriction on entry into free circulation. -->
					<Classification>
						<ID>4999</ID>
						<IdentificationTypeCode>TRA</IdentificationTypeCode>
					</Classification>
					<DutyTaxFee>
					<!--DE 4/17: Preference. 
						Mandatory field. 
						Preference Type of 140 indicates Exemption for end-use resulting from the Community Customs Tariff (CCT). -->
					<DutyRegimeCode>140</DutyRegimeCode>						
						<!--DE 4/4: Calculation of Taxes - Tax Base. 
							Code GBP used as a manual duty calculation is being made.
							Note where 'OVR01' is declared in D.E. 2/2 (Additional Information) on a Type C or Type F declaration, DE 4/4 (Tax Base) must be declared. -->
						<SpecificTaxBaseQuantity unitCode="GBP">20000</SpecificTaxBaseQuantity>
						<!--DE 4/3: Calculation of taxes - Tax type. 
							In this scenario, A00 indicating Customs duties. -->
						<TypeCode>A00</TypeCode>
						<Payment>
							<!--DE 4/8: MethodCode of E to indicate Deferment used for customs duty. -->
							<MethodCode>E</MethodCode>
							<!--D.E. 4/7 Total Amount -->
							<TaxAssessedAmount currencyID="GBP">400</TaxAssessedAmount>
							<!--DE 4/6: Payable Tax Amount.
								Note where 'OVR01' is declared in D.E. 2/2 (Additional Information) on a Type C or Type F declaration, DE 4/6 (Payable Tax Amount) must be declared. -->
							<PaymentAmount currencyID="GBP">400</PaymentAmount>
						</Payment>
					</DutyTaxFee>
					<DutyTaxFee>
						<!--DE 4/4: Calculation of Taxes - Tax Base. 
							Code GBP used as a manual duty calculation is being made.
							Note where 'OVR01' is declared in D.E. 2/2 (Additional Information) on a Type C or Type F declaration, DE 4/4 (Tax Base) must be declared. -->
						<SpecificTaxBaseQuantity unitCode="GBP">20400</SpecificTaxBaseQuantity>
						<!--DE 4/3: Calculation of taxes - Tax type. 
							In this scenario, B00 indicating VAT. -->
						<TypeCode>B00</TypeCode>
						<Payment>
							<!--DE 4/8: MethodCode of E to indicate Deferment used for customs duty. -->
							<MethodCode>E</MethodCode>
							<!--D.E. 4/7 Total Amount -->
							<TaxAssessedAmount currencyID="GBP">4080</TaxAssessedAmount>
							<!--DE 4/6: Payable Tax Amount.
								Note where 'OVR01' is declared in D.E. 2/2 (Additional Information) on a Type C or Type F declaration, DE 4/6 (Payable Tax Amount) must be declared. -->
							<PaymentAmount currencyID="GBP">4080</PaymentAmount>
						</Payment>
					</DutyTaxFee>
					<GoodsMeasure>
						<!--DE 6/5: Gross mass of the goods in kilograms including packaging.-->
						<GrossMassMeasure>250</GrossMassMeasure>
						<!--DE 6/1: Net mass of the goods in kilograms without any packaging.-->
						<NetNetWeightMeasure>200</NetNetWeightMeasure>
					</GoodsMeasure>
					<!--DE 4/14: Item price amount. 
						The invoice was issued with of a value of 2500 and the currency was in GBP. -->
					<InvoiceLine>
						<ItemChargeAmount currencyID="GBP">20000</ItemChargeAmount>
					</InvoiceLine>
				</Commodity>
				<ExportCountry>
				<!--DE 5/14: Country of Dispatch/Export Code. 
					This data element can be declared at a header or item level, depending on the scenario. 
					Mandatory field. 
					Dispatching country is United States. -->
					<ID>US</ID>
				</ExportCountry>
				<GovernmentProcedure>
					<!--DE 1/10: Current Procedure. 
						Mandatory field.
						Requested procedure of 44 indicating release for free circulation and home use of goods simultaneously claiming customs duty and (where applicable) VAT relief granted under end use.  -->
					<CurrentCode>44</CurrentCode>
					<!--DE 1/10: Previous Procedure. 
						Mandatory field.
						Previous procedure of 21 indicating where the goods are being re-imported following temporary export under outward processing. -->
					<PreviousCode>21</PreviousCode>
				</GovernmentProcedure>
				<GovernmentProcedure>
					<!--DE 1/11: Additional Procedure. 
						Mandatory field. 
						000 to indicate no additional procedure.-->
					<CurrentCode>000</CurrentCode>
				</GovernmentProcedure>
					<!--DE 5/15: Country of origin code. 
					Where preference in DE 4/17 begins with a number other than '1', this must be completed. -->
				<Origin>
					<CountryCode>US</CountryCode>
					<TypeCode>1</TypeCode>
				</Origin>
				<Packaging>
					<SequenceNumeric>1</SequenceNumeric>
					<!--DE 6/11: Shipping marks on the packages.-->
					<MarksNumbersID>CN-12345</MarksNumbersID>
					<!--DE 6/10: Number of packages, in this case 55.-->
					<QuantityQuantity>55</QuantityQuantity>
					<!--DE 6/9: Type of packages. 
						Mandatory field.
						Code CN indicates Container. -->
					<TypeCode>CN</TypeCode>
				</Packaging>
			</GovernmentAgencyGoodsItem>
			<!--DE 3/16: EORI number of the Importer.-->
			<Importer>
				<ID>GB201909013000</ID>
			</Importer>
			<!--DE 2/1 : Previous Documents. 
				Mandatory field. 
				The Trader's DUCR assigned to the consignment. -->
			<PreviousDocument>
				<CategoryCode>Z</CategoryCode>
				<ID>2GB201909013000-12345</ID>
				<TypeCode>DCR</TypeCode>
			</PreviousDocument>
			<!--DE 2/1 : Previous Documents.
				Mandatory field. 
				ZMRN to represent the MRN of the export declaration used to enter the goods to OP. -->
			<PreviousDocument>
				<CategoryCode>Z</CategoryCode>
				<ID>22GB34F7Y1O2CX8PT4</ID>
				<TypeCode>MRN</TypeCode>
			</PreviousDocument>
		</GoodsShipment>
		<ObligationGuarantee>
			<!--DE 8/3: Guarantee reference number.
				Where document code C505 is declared in DE 2/3 (Document Codes) and authorisation type code CGU is declared in DE 3/39 (Holder of the Authorisation), then this data element is mandatory.
				ID indicates that the guarantee is not required, as stated in DE 8/2-->
			<ID>Guaranteenotrequired</ID>
			<!--DE 8/2: Guarantee type.  
				0 to represent that a customs comprehensive guarantee is being waived for the deferment of customs duty.
				Where document code C505 is declared in DE 2/3 (Document Codes) and authorisation type code CGU is declared in DE 3/39 (Holder of the Authorisation), then code ‘0’ or ‘1’ must be declared in this data element. -->
			<SecurityDetailsCode>0</SecurityDetailsCode>
		</ObligationGuarantee>
		<!--DE 5/27: Supervising Customs Office. 
			This is a mandatory field dependant on the Procedure code.
			The ID GBSAA001 represents Southend on Sea, Alexander House. -->
		<SupervisingOffice>
			<ID>GBSAA001</ID>
		</SupervisingOffice>
	</Declaration>
</md:MetaData>