<MetaData>
    <WCODataModelVersionCode>3.6</WCODataModelVersionCode>
    <WCOTypeName>RES</WCOTypeName>
    <ResponsibleCountryCode/>
    <ResponsibleAgencyName/>
    <AgencyAssignedCustomizationCode/>
    <AgencyAssignedCustomizationVersionCode/>
    <Response>
        <FunctionCode>06</FunctionCode>
        <FunctionalReferenceID>3d3aca2c24ca4147a74e83286395fd3d</FunctionalReferenceID>
        <IssueDateTime>
            <DateTimeString formatCode="304">20210719145535Z</DateTimeString>
        </IssueDateTime>
        <AdditionalInformation>
            <StatementCode>ACA</StatementCode>
            <StatementDescription/>
            <LimitDateTime>
                <DateTimeString formatCode="304">20240508145535Z</DateTimeString>
            </LimitDateTime>
            <StatementTypeCode>ACA</StatementTypeCode>
        </AdditionalInformation>
        <Declaration>
            <FunctionalReferenceID>TT_IM17a_v1.4_1907_01</FunctionalReferenceID>
            <ID>21GB7X8M7S6NG8N6R0</ID>
            <VersionID>1</VersionID>
        </Declaration>
    </Response>
</MetaData>