<MetaData>
    <WCODataModelVersionCode>3.6</WCODataModelVersionCode>
    <WCOTypeName>RES</WCOTypeName>
    <ResponsibleCountryCode/>
    <ResponsibleAgencyName/>
    <AgencyAssignedCustomizationCode/>
    <AgencyAssignedCustomizationVersionCode/>
    <Response>
        <FunctionCode>05</FunctionCode>
        <FunctionalReferenceID>f5c456eb890e4b7b94677fc8d6c8efe5</FunctionalReferenceID>
        <IssueDateTime>
            <DateTimeString formatCode="304">20210719145535Z</DateTimeString>
        </IssueDateTime>
        <Declaration>
            <FunctionalReferenceID>TT_IM17a_v1.4_1907_01</FunctionalReferenceID>
            <ID>21GB7X8M7S6NG8N6R0</ID>
            <VersionID>1</VersionID>
        </Declaration>
    </Response>
</MetaData>