<MetaData>
    <WCODataModelVersionCode>3.6</WCODataModelVersionCode>
    <WCOTypeName>RES</WCOTypeName>
    <ResponsibleCountryCode/>
    <ResponsibleAgencyName/>
    <AgencyAssignedCustomizationCode/>
    <AgencyAssignedCustomizationVersionCode/>
    <Response>
        <FunctionCode>02</FunctionCode>
        <FunctionalReferenceID>91338dc5c9cc405a97626ca61530ca66</FunctionalReferenceID>
        <IssueDateTime>
            <DateTimeString formatCode="304">20210719145801Z</DateTimeString>
        </IssueDateTime>
        <Declaration>
            <FunctionalReferenceID>TT_IM17a_v1.4_1907_01</FunctionalReferenceID>
            <ID>21GB7X8M7S6NG8N6R0</ID>
            <VersionID>1</VersionID>
        </Declaration>
    </Response>
</MetaData>