<MetaData>
    <WCODataModelVersionCode>3.6</WCODataModelVersionCode>
    <WCOTypeName>RES</WCOTypeName>
    <ResponsibleCountryCode/>
    <ResponsibleAgencyName/>
    <AgencyAssignedCustomizationCode/>
    <AgencyAssignedCustomizationVersionCode/>
    <Response>
        <FunctionCode>11</FunctionCode>
        <FunctionalReferenceID>0384072fe6b547f7a1c7a62246fca486</FunctionalReferenceID>
        <IssueDateTime>
            <DateTimeString formatCode="304">20210719145802Z</DateTimeString>
        </IssueDateTime>
        <AdditionalInformation>
            <StatementTypeCode>AFB</StatementTypeCode>
        </AdditionalInformation>
        <Status>
            <NameCode>39</NameCode>
        </Status>
        <Declaration>
            <FunctionalReferenceID>TT_IM17a_v1.4_1907_01</FunctionalReferenceID>
            <ID>21GB7X8M7S6NG8N6R0</ID>
            <VersionID>1</VersionID>
        </Declaration>
    </Response>
</MetaData>