  <MetaData><WCODataModelVersionCode>3.6</WCODataModelVersionCode><WCOTypeName>RES</WCOTypeName><ResponsibleCountryCode/><ResponsibleAgencyName/><AgencyAssignedCustomizationCode/><AgencyAssignedCustomizationVersionCode/><Response>
      <FunctionCode>13</FunctionCode>
      <FunctionalReferenceID>0b7ceca1ef034881904858a2ee02aa84</FunctionalReferenceID>
      <IssueDateTime>
        <DateTimeString formatCode="304">20200124161942Z</DateTimeString>
      </IssueDateTime>
      <Bank>
        <ReferenceID>CITIGB2LLON</ReferenceID>
        <ID>GB25CITI08320011963155</ID>
      </Bank>
      <Status>
        <NameCode>4</NameCode>
      </Status>
      <Declaration>
        <FunctionalReferenceID>R260_TC16_108_R06</FunctionalReferenceID>
        <ID>20GB0XU4FWXU8X8PR1</ID>
        <VersionID>1</VersionID>
        <GoodsShipment>
          <GovernmentAgencyGoodsItem>
            <SequenceNumeric>1</SequenceNumeric>
            <Commodity>
              <DutyTaxFee>
                <AdValoremTaxBaseAmount currencyID="GBP">2500.00</AdValoremTaxBaseAmount>
                <DeductAmount currencyID="GBP">0.00</DeductAmount>
                <DutyRegimeCode>115</DutyRegimeCode>
                <TaxRateNumeric>0.00</TaxRateNumeric>
                <TypeCode>A00</TypeCode>
                <Payment>
                  <TaxAssessedAmount currencyID="GBP">0.00</TaxAssessedAmount>
                  <PaymentAmount currencyID="GBP">0.00</PaymentAmount>
                </Payment>
              </DutyTaxFee>
              <DutyTaxFee>
                <AdValoremTaxBaseAmount currencyID="GBP">2500.00</AdValoremTaxBaseAmount>
                <DeductAmount currencyID="GBP">0.00</DeductAmount>
                <DutyRegimeCode>115</DutyRegimeCode>
                <TaxRateNumeric>20.00</TaxRateNumeric>
                <TypeCode>B00</TypeCode>
                <Payment>
                  <TaxAssessedAmount currencyID="GBP">500.00</TaxAssessedAmount>
                  <PaymentAmount currencyID="GBP">500.00</PaymentAmount>
                </Payment>
              </DutyTaxFee>
              <DutyTaxFee>
                <TypeCode>ENU</TypeCode>
                <Payment>
                  <TaxAssessedAmount currencyID="GBP">35.00</TaxAssessedAmount>
                </Payment>
              </DutyTaxFee>
              <DutyTaxFee>
                <TypeCode>ENU</TypeCode>
                <Payment>
                  <TaxAssessedAmount currencyID="GBP">175.00</TaxAssessedAmount>
                </Payment>
              </DutyTaxFee>
            </Commodity>
          </GovernmentAgencyGoodsItem>
        </GoodsShipment>
      </Declaration>
    </Response></MetaData>
