<MetaData>
    <WCODataModelVersionCode>3.6</WCODataModelVersionCode>
    <WCOTypeName>RES</WCOTypeName>
    <ResponsibleCountryCode/>
    <ResponsibleAgencyName/>
    <AgencyAssignedCustomizationCode/>
    <AgencyAssignedCustomizationVersionCode/>
    <Response>
        <FunctionCode>09</FunctionCode>
        <FunctionalReferenceID>f8f2484d74144ab4bd5ce48e456bafaf</FunctionalReferenceID>
        <IssueDateTime>
            <DateTimeString formatCode="304">20211213170502Z</DateTimeString>
        </IssueDateTime>
        <AdditionalInformation>
            <StatementCode>A2</StatementCode>
            <StatementTypeCode>AFB</StatementTypeCode>
        </AdditionalInformation>
        <Declaration>
            <FunctionalReferenceID>TT_IM33a_v1.5_1312_01</FunctionalReferenceID>
            <ID>21GBDREYWQ4SK8DJR2</ID>
            <VersionID>1</VersionID>
        </Declaration>
    </Response>
</MetaData>