<MetaData>
	<WCODataModelVersionCode>3.6</WCODataModelVersionCode>
	<WCOTypeName>RES</WCOTypeName>
	<ResponsibleCountryCode/>
	<ResponsibleAgencyName/>
	<AgencyAssignedCustomizationCode/>
	<AgencyAssignedCustomizationVersionCode/>
	<Response>
		<FunctionCode>09</FunctionCode>
		<FunctionalReferenceID>a018fee4c0b041bfba35a9562ffbb9f8</FunctionalReferenceID>
		<IssueDateTime>
			<DateTimeString formatCode="304">20210715141631Z</DateTimeString>
		</IssueDateTime>
		<AdditionalInformation>
			<StatementCode>A2</StatementCode>
			<StatementTypeCode>AFB</StatementTypeCode>
		</AdditionalInformation>
		<Declaration>
			<FunctionalReferenceID>R322_E2E_TC01_CDS1</FunctionalReferenceID>
			<ID>21GB7RGYL1XUD4GTA3</ID>
			<VersionID>2</VersionID>
		</Declaration>
	</Response>
</MetaData>