<MetaData>
    <WCODataModelVersionCode>3.6</WCODataModelVersionCode>
    <WCOTypeName>RES</WCOTypeName>
    <ResponsibleCountryCode/>
    <ResponsibleAgencyName/>
    <AgencyAssignedCustomizationCode/>
    <AgencyAssignedCustomizationVersionCode/>
    <Response>
        <FunctionCode>01</FunctionCode>
        <FunctionalReferenceID>c50d7889cb244b778e3aab93b86c47db</FunctionalReferenceID>
        <IssueDateTime>
            <DateTimeString formatCode="304">20211215154430Z</DateTimeString>
        </IssueDateTime>
        <Declaration>
            <AcceptanceDateTime>
                <DateTimeString formatCode="304">20211215154429Z</DateTimeString>
            </AcceptanceDateTime>
            <FunctionalReferenceID>CDSP3674_TC01_1512_04</FunctionalReferenceID>
            <ID>21GBDU6Z2J0TBSUAR5</ID>
            <VersionID>1</VersionID>
        </Declaration>
    </Response>
</MetaData>