<MetaData>
	<WCODataModelVersionCode>3.6</WCODataModelVersionCode>
	<WCOTypeName>RES</WCOTypeName>
	<ResponsibleCountryCode/>
	<ResponsibleAgencyName/>
	<AgencyAssignedCustomizationCode/>
	<AgencyAssignedCustomizationVersionCode/>
	<Response>
		<FunctionCode>09</FunctionCode>
		<FunctionalReferenceID>9d37e7e3ec6e491fb74236c175706aec</FunctionalReferenceID>
		<IssueDateTime>
			<DateTimeString formatCode="304">20211215154730Z</DateTimeString>
		</IssueDateTime>
		<AdditionalInformation>
			<StatementCode>A2</StatementCode>
			<StatementTypeCode>AFB</StatementTypeCode>
		</AdditionalInformation>
		<Declaration>
			<FunctionalReferenceID>CDSP3674_TC01_1512_04</FunctionalReferenceID>
			<ID>21GBDU6Z2J0TBSUAR5</ID>
			<VersionID>1</VersionID>
		</Declaration>
	</Response>
</MetaData>