<MetaData><WCODataModelVersionCode>3.6</WCODataModelVersionCode><WCOTypeName>RES</WCOTypeName><ResponsibleCountryCode/><ResponsibleAgencyName/><AgencyAssignedCustomizationCode/><AgencyAssignedCustomizationVersionCode/><Response>
<!-- This is an example of a DMSRES notification. Function code 07 indicates that with this message the submitter is informed on corrections that have been applied to the declaration by customs as a result of inspection -->
      <FunctionCode>07</FunctionCode>
      <FunctionalReferenceID>f01bff53f1ff47c1b2fdac4bf560dfe8</FunctionalReferenceID>
      <IssueDateTime>
        <DateTimeString formatCode="304">20191113172217Z</DateTimeString>
      </IssueDateTime>
      <Amendment>
        <ChangeReasonCode>16</ChangeReasonCode>
        <Pointer>
          <DocumentSectionCode>42A</DocumentSectionCode>
        </Pointer>
        <Pointer>
          <DocumentSectionCode>67A</DocumentSectionCode>
        </Pointer>
        <Pointer>
          <DocumentSectionCode>28A</DocumentSectionCode>
        </Pointer>
        <Pointer>
          <DocumentSectionCode>64A</DocumentSectionCode>
          <TagID>L017</TagID>
        </Pointer>
      </Amendment>
      <Amendment>
        <ChangeReasonCode>16</ChangeReasonCode>
        <Pointer>
          <DocumentSectionCode>42A</DocumentSectionCode>
        </Pointer>
        <Pointer>
          <DocumentSectionCode>67A</DocumentSectionCode>
        </Pointer>
        <Pointer>
          <DocumentSectionCode>28A</DocumentSectionCode>
        </Pointer>
        <Pointer>
          <DocumentSectionCode>64A</DocumentSectionCode>
          <TagID>L016</TagID>
        </Pointer>
      </Amendment>
      <Declaration>
        <FunctionalReferenceID>3.1_P1_TT_1311RM41</FunctionalReferenceID>
        <ID>19GBCKKCQSXV2FGVA8</ID>
        <VersionID>2</VersionID>
      </Declaration>
      <Declaration>
        <FunctionCode>9</FunctionCode>
        <GoodsShipment>
          <Consignment>
            <GoodsLocation>
              <Name>LHRLHRLHR</Name>
            </GoodsLocation>
          </Consignment>
        </GoodsShipment>
      </Declaration>
    </Response></MetaData>
