<MetaData><WCODataModelVersionCode>3.6</WCODataModelVersionCode><WCOTypeName>RES</WCOTypeName><ResponsibleCountryCode/><ResponsibleAgencyName/><AgencyAssignedCustomizationCode/><AgencyAssignedCustomizationVersionCode/><Response>
<!-- This is an example of a DMSCLE notification. Function code 09 means that with this message the submitter is informed about the clearance for the procedure, and therefore also about the release of the goods (if this has not already been done) -->
      <FunctionCode>09</FunctionCode>
      <FunctionalReferenceID>33a255bb919f485681b057d74164cb00</FunctionalReferenceID>
      <IssueDateTime>
        <DateTimeString formatCode="304">20191113172217Z</DateTimeString>
      </IssueDateTime>
      <AdditionalInformation>
        <StatementCode>A2</StatementCode>
        <StatementTypeCode>AFB</StatementTypeCode>
      </AdditionalInformation>
      <Declaration>
        <FunctionalReferenceID>3.1_P1_TT_1311RM41</FunctionalReferenceID>
        <ID>19GBCKKCQSXV2FGVA8</ID>
        <VersionID>2</VersionID>
      </Declaration>
    </Response></MetaData>
