	<md:MetaData
		xmlns="urn:wco:datamodel:WCO:DEC-DMS:2"
		xmlns:xsi="http://www.w3.org/2001/XMLSchema-instance"
		xmlns:clm63055="urn:un:unece:uncefact:codelist:standard:UNECE:AgencyIdentificationCode:D12B"
		xmlns:ds="urn:wco:datamodel:WCO:MetaData_DS-DMS:2"
		xmlns:md="urn:wco:datamodel:WCO:DocumentMetaData-DMS:2"
		xsi:schemaLocation="urn:wco:datamodel:WCO:DocumentMetaData-DMS:2 ../DocumentMetaData_2_DMS.xsd " >
		<md:WCODataModelVersionCode>3.6</md:WCODataModelVersionCode>
		<md:WCOTypeName>DEC</md:WCOTypeName>
		<md:ResponsibleCountryCode>GB</md:ResponsibleCountryCode>
		<md:ResponsibleAgencyName>HMRC</md:ResponsibleAgencyName>
		<md:AgencyAssignedCustomizationVersionCode>v2.1</md:AgencyAssignedCustomizationVersionCode>
		<Declaration
			xmlns="urn:wco:datamodel:WCO:DEC-DMS:2"
			xmlns:clm5ISO42173A="urn:un:unece:uncefact:codelist:standard:ISO:ISO3AlphaCurrencyCode:2012-08-31"
			xmlns:clm63055="urn:un:unece:uncefact:codelist:standard:UNECE:AgencyIdentificationCode:D12B"
			xmlns:p1="urn:wco:datamodel:WCO:Declaration_DS:DMS:2"
			xmlns:udt="urn:un:unece:uncefact:data:standard:UnqualifiedDataType:6"
			xmlns:xsi="http://www.w3.org/2001/XMLSchema-instance"
			xsi:schemaLocation="urn:wco:datamodel:WCO:DEC-DMS:2 ../WCO_DEC_2_DMS.xsd " >
		
			<!--SCENARIO
			Type J declaration with minimum data with a single amendment made within the dwell timer
			Procedure code 0002, with 000 additional procedure code
			Goods: Documentation and printed materials
			C21i additional declaration type J
			Amendment Reason: Amend weight or quantity (Quantity will be changed)
			-->
		
			<!--Function Code of 9 to represent an original declaration.-->
			<FunctionCode>9</FunctionCode>
			<!-- DE 2/5: Trader's own reference number - this must be unique to the transaction -->
			<FunctionalReferenceID>TTIM05a_180221_002</FunctionalReferenceID>
			<!--DE 1/1: IM to represent an import declaration.-->
			<!--DE 1/2: J to represent Goods arrived C21 declaration-->
				<TypeCode>IMJ</TypeCode>
				<!--DE 1/9: Total number of goods items on the declaration.-->
				<GoodsItemQuantity>1</GoodsItemQuantity>
				<!--DE 6/18: Total packages - 50.
				Note that this matches DE 6/10 because this is a single item declaration.-->
				<TotalPackageQuantity>50</TotalPackageQuantity>
				<!--DE 7/4: Mode of transport at the border. 1 represents maritime/sea transport. This is a mandatory data element -->
				<BorderTransportMeans>
					<ModeCode>1</ModeCode>
				</BorderTransportMeans>
				<!--DE 3/18: Declarant ID no. 
					The EORI number of the agent entering the declaration. 
					The UK requires an EORI to be provided for the declarant. -->
				<Declarant>
					<ID>GB553202734852</ID>
				</Declarant>
				<!--DE 3/1: Exporter. 
					Exporter name and address is mandatory where no recognised EORI number has been entered into DE 3/2. -->
				<Exporter>
					<Name>US Mail Co</Name>
					<Address>
						<CityName>New York</CityName>
						<CountryCode>US</CountryCode>
						<Line>1 Mail Avenue</Line>
						<PostcodeID>NY2 345</PostcodeID>
					</Address>
				</Exporter>
				<GoodsShipment>
					<!--DE 7/2: Indicator to show if goods are packed in a container or not. 1
					indicates that goods are transported in containers.
					Note: Unlike CHIEF this must now be completed.-->
					<Consignment>
						<ContainerCode>1</ContainerCode>
						<!--DE 7/9: Identity of the means of transport on arrival. Example number
						representing IMO ship identification number: '10', and 5 digits for the
						identification number: '12345'.-->
						<ArrivalTransportMeans>
							<ID>12345</ID>
							<IdentificationTypeCode>10</IdentificationTypeCode>
						</ArrivalTransportMeans>
						<!--DE 5/23: The location code for Wallasea Island, Baltic Wharf, a non-inventory linked location -->
						<GoodsLocation>
							<Name>WLALONBTW</Name>
							<!--DE 5/23: Type of Location - A in this scenario to represent
							that it is a designated location.-->
							<TypeCode>A</TypeCode>
							<Address>
								<!--DE 5/23: Type of ID of the Location - U in this scenario for
								UN/LOCODE.-->
								<TypeCode>U</TypeCode>
								<!--DE 5/23: Country code of the country where the goods may be examined,
								GB in this scenario.-->
								<CountryCode>GB</CountryCode>
							</Address>
							</GoodsLocation>
							<!--DE 7/10: Container identification number. This is alpha-numeric with up to 17 characters.
							For containers covered by the standard ISO 6346, the identifier (prefix) allocated by 
							the International Bureau of Containers and Intermodal Transport (BIC) shall also be provided 
							in addition to the container identification number.
							For swap bodies and semi-trailers the ILU (Intermodal Loading Units) code as introduced by 
							the European EN 13044 shall be used. -->
						<TransportEquipment>
					<SequenceNumeric>1</SequenceNumeric>
					<ID>CO1234</ID>
					</TransportEquipment>
				</Consignment>
				<!--DE 5/14: Country code of the dispatch country: US.
				N.B: This field is declared at both header and item level as a workaround for KEL-176, which has now been resolved. -->
				<ExportCountry>
					<ID>US</ID>
				</ExportCountry>
					<GovernmentAgencyGoodsItem>
                    <SequenceNumeric>1</SequenceNumeric>
                    <!--DE 2/2: Additional information. 00500 - IMPORTER Indicating Self representation by the importer -->
					<AdditionalInformation>
						<StatementCode>00500</StatementCode>
						<StatementDescription>IMPORTER</StatementDescription>
					</AdditionalInformation>
					<!--DE 6/8: Description of the goods.-->
					<Commodity>
                        <Description>Documentation and printed materials</Description>
                        <!-- DE 6/1: Net mass of the goods in kilograms without any packaging.
                        N.B: There is no need to include a unitcode indicating KG -->
						<GoodsMeasure>
							<NetNetWeightMeasure>90</NetNetWeightMeasure>
						</GoodsMeasure>
					</Commodity >
					<!--DE 1/10: 00 02 indicating Home use and free circulation, with no previous procedure
					Customs Clearance Request (CCR) for release from customs control to free circulation on 
					payment of customs duty and other charges, where required, for goods where a customs declaration is not required.-->
					<GovernmentProcedure>
                        <CurrentCode>00</CurrentCode>
                        <PreviousCode>02</PreviousCode>
					</GovernmentProcedure>
					<GovernmentProcedure>
						<!--DE 1/11: 000 to indicate no additional procedure.-->
						<CurrentCode>000</CurrentCode>
					</GovernmentProcedure>
					<Packaging>
						<SequenceNumeric>1</SequenceNumeric>
						<!-- DE 6/11: Shipping marks on the packages-->
						<MarksNumbersID>ADR/BG/12345</MarksNumbersID>
						<!-- DE 6/10: Number of packages, in this case 50. 
						Note that this matches DE 6/18 because this is a single item declaration. -->
						<QuantityQuantity>50</QuantityQuantity>
						<!-- DE 6/9: Type of packages - BG to represent Bag-->
						<TypeCode>BG</TypeCode>
					</Packaging>
				</GovernmentAgencyGoodsItem>
				<!-- Tags included from here are at Header level-->
				<!--DE 3/16: EORI number of the Importer.-->
				<Importer>
					<ID>GB553202734852</ID>
				</Importer>
				<PreviousDocument>
					<!--DE 2/1: Previous document of Z355 to show the MRN for the entry summary declaration. 
					This is a mandatory field. -->
					<CategoryCode>Z</CategoryCode>
					<ID>21GB34F7Y1O2CX8PT4</ID>
					<TypeCode>355</TypeCode>
					<LineNumeric>1</LineNumeric>
				</PreviousDocument>
				<!--DE 2/1: ZZZZ To represent the warehouse stock reference number. -->
				<PreviousDocument>
					<CategoryCode>Z</CategoryCode>
					<ID>GB-1234-99999886</ID>
					<TypeCode>ZZZ</TypeCode>
					<LineNumeric>1</LineNumeric>
				</PreviousDocument>
				<!--DE 2/4: Reference number which is optional for the declarant to complete.-->
				<UCR>
					<TraderAssignedReferenceID>1GB553202734852-12345</TraderAssignedReferenceID>
				</UCR>
			</GoodsShipment>
		</Declaration>
	</md:MetaData>