<md:MetaData xsi:schemaLocation="urn:wco:datamodel:WCO:DocumentMetaData-DMS:2 ../DocumentMetaData_2_DMS.xsd "
             xmlns="urn:wco:datamodel:WCO:DEC-DMS:2"
             xmlns:xsi="http://www.w3.org/2001/XMLSchema-instance"
             xmlns:clm63055="urn:un:unece:uncefact:codelist:standard:UNECE:AgencyIdentificationCode:D12B"
             xmlns:ds="urn:wco:datamodel:WCO:MetaData_DS-DMS:2"
             xmlns:md="urn:wco:datamodel:WCO:DocumentMetaData-DMS:2">
	<md:WCODataModelVersionCode>3.6</md:WCODataModelVersionCode>
	<md:WCOTypeName>DEC</md:WCOTypeName>
	<md:ResponsibleCountryCode>GB</md:ResponsibleCountryCode>
	<md:ResponsibleAgencyName>HMRC</md:ResponsibleAgencyName>
	<md:AgencyAssignedCustomizationVersionCode>v2.1</md:AgencyAssignedCustomizationVersionCode>
	<Declaration xsi:schemaLocation="urn:wco:datamodel:WCO:DEC-DMS:2 ../WCO_DEC_2_DMS.xsd "
	             xmlns:clm5ISO42173A="urn:un:unece:uncefact:codelist:standard:ISO:ISO3AlphaCurrencyCode:2012-08-31"
	             xmlns:p1="urn:wco:datamodel:WCO:Declaration_DS:DMS:2"
	             xmlns:udt="urn:un:unece:uncefact:data:standard:UnqualifiedDataType:6">
		<!--
			SCENARIO
			GB to NI At Risk
			Import of goods liable to Customs Duty & VAT, with no previous procedure
			
			Goods: Small cucumbers of a length not exceeding 15cm
			Standard frontier Declaration Type A which derives an H1 Declaration Category data set
			Goods presented at Warrenport on arrival.
			AI code 'NIDOM' entered at Item Level.
			
			DMSTAX Trader Notifications have been updated following the customs duty rate change from 12.8% to 16% on 16th May 2021. 
			The correct expected A50 amount is now Â£320.00 GBP and will remain this way until 1st November, 2021, 
			when the rate is due to drop back down to 12.8%.
		-->
		<!--Function Code of 9 to represent an original declaration.-->
		<FunctionCode>9</FunctionCode>
		<!--DE 2/5: LRN.
			Trader's own reference number - this must be unique to the transaction. -->
		<FunctionalReferenceID>TT_IM78a_v1.1_2701_01</FunctionalReferenceID>
		<!--DE 1/1: Declaration Type.
			IM to represent an import declaration. -->
		<!--DE 1/2: Additional Declaration Type.
			B to represent an occasional simplified frontier declaration. -->
		<TypeCode>IMB</TypeCode>
		<!--DE 1/9: Total number of items. 
			Mandatory.
			Total number of goods items on the declaration.-->
		<GoodsItemQuantity>1</GoodsItemQuantity>
		<!--DE 6/18: Total packages. 
			Mandatory.
			There are 100 packages in the shipment. 
			Note that this matches DE 6/10 as this is a single item declaration. -->
		<TotalPackageQuantity>100</TotalPackageQuantity>
		<!--DE 2/6: Deferred Payment. 
			This is mandatory when deferred payment is used.
			ID is the DAN account used for deferred payment (for excise duty in this scenario).
			This declared DAN belongs to the importer declared on the declaration. -->
		<AdditionalDocument>
			<CategoryCode>1</CategoryCode>
			<ID>1108654</ID>
			<TypeCode>DAN</TypeCode>
		</AdditionalDocument>
		<!--DE 3/39: Holder of the Authorisation Identification Number.
			An authorisation type code of DPO indicates Deferment of Payment authorisation.
			The ID here is the EORI of the DPO authorised party. -->
		<AuthorisationHolder>
			<ID>GB553202734852</ID>
			<CategoryCode>DPO</CategoryCode>
		</AuthorisationHolder>
		<!--DE 7/15: Nationality of active means of transport crossing the border.
			In this case GB.
			DE 7/4: Mode of transport at the border.
			ModeCode of 1 to represent Maritime/Sea transport. -->
		<BorderTransportMeans>
			<RegistrationNationalityCode>GB</RegistrationNationalityCode>
			<ModeCode>1</ModeCode>
		</BorderTransportMeans>
		<!--DE 3/18: Declarant Number.
			The EORI number of the party entering the declaration. 
			The UK requires an EORI to be provided for the declarant. 
			In this scenario, the same as the EORI of the importer. -->
		<Declarant>
			<ID>GB553202734852</ID>
		</Declarant>
		<!--DE 3/1: Exporter Identification Number.
			Exporter name and address is mandatory where no recognised EORI number has been entered into DE 3/2. -->
		<Exporter>
			<ID>GB553202734852</ID>
		</Exporter>
		<GoodsShipment>
			<Consignment>
				<!--DE 7/2: Container.
					Indicator to show if goods are packed in a container or not.
					1 indicates that goods are transported in containers.
					Note that, unlike CHIEF, this must now be completed. -->
				<ContainerCode>1</ContainerCode>
				<!--DE 5/23: Location of Goods.
					Mandatory.
					ID to give a unique position of the location where the goods are located at the time they are declared.
					The location code is entered using the following components:
					• Name: ID to give a unique position of the location, in this scenario WPTWPTWPT indicating the port of Warrenpoint.
					• TypeCode: Type of Location, in this scenario A to represent that it is a designated location.
					• Address TypeCode: Type of ID of the Location, in this scenario U for UN/LOCODE.
					• Addess CountryCode: Code of the country where the goods may be examined, in this scenario GB. -->
				<GoodsLocation>
					<Name>WPTWPTWPT</Name>
					<TypeCode>A</TypeCode>
					<Address>
						<TypeCode>U</TypeCode>
						<CountryCode>GB</CountryCode>
					</Address>
				</GoodsLocation>
				<!--DE 7/10: Container Identification Number. 
					This is alpha-numeric with up to 17 characters.
					For containers covered by the standard ISO 6346, the identifier (prefix) allocated by the International Bureau of Containers and Intermodal Transport (BIC) shall also be provided in addition to the container identification number.
					For swap bodies and semi-trailers the ILU (Intermodal Loading Units) code as introduced by the European EN 13044 shall be used.-->
				<TransportEquipment>
					<SequenceNumeric>1</SequenceNumeric>
					<ID>BG1234</ID>
				</TransportEquipment>
			</Consignment>
			<!--DE 5/8: Country of destination code. 
				Mandatory. 
				Destination country is Great Britain. -->
			<Destination>
				<CountryCode>GB</CountryCode>
			</Destination>
			<GovernmentAgencyGoodsItem>
				<!--DE 1/6: Goods Item Number. 
					Mandatory.
					Sequential number of the goods item.-->
				<SequenceNumeric>1</SequenceNumeric>
				<!--DE 2/3: Documents produced, certificates and authorisations, additional references.
					C506 indicates DPO - Authorisation for the deferment of payment.
					Provide the authorisation decision number for the deferment of payment authorisation in format:
					• 2 digit code identifying the member state of authorisation, for example, GB
					• 3 digit code indicating that a deferment of payment authorisation is held, that is, DPO
					• Followed by the authorisation reference number. No document status code is required.-->
				<AdditionalDocument>
					<CategoryCode>C</CategoryCode>
					<ID>GBDPO1108654</ID>
					<TypeCode>506</TypeCode>
				</AdditionalDocument>
				<!--DE 2/3: Documents produced, certificates and authorisations, additional references.
					Y929 indicates Excluded from Reg 834/2007 - Authorisation for Denoting the goods are not organic/do not meet terms to be classed as organic. -->
				<AdditionalDocument>
					<CategoryCode>Y</CategoryCode>
					<ID>Excluded from Reg 834/2007</ID>
					<Name>Reason for Waiver</Name>
					<TypeCode>929</TypeCode>
				</AdditionalDocument>
				<!--DE 2/3: Documents produced, certificates and authorisations, additional references.
					C014 indicates VI1 document. EC REG 555/2008 laying down detailed rules for the application of Regulation (EC) 479/2008 of the relative Council, to the common organization of the wine market, with regard to support programs to trade with third countries production potential and controls in the wine sector. -->
				<AdditionalDocument>
					<CategoryCode>C</CategoryCode>
					<ID>GBVID0054037</ID>
					<TypeCode>014</TypeCode>
					<LPCOExemptionCode>AC</LPCOExemptionCode>
				</AdditionalDocument>
				<!--DE 2/3: Documents produced, certificates and authorisations, additional references.
					N935 indicates the invoice on the basis of which the customs value of the goods is declared.
					This is required as a Valuation Method of 1 to indicate transaction value has been declared in DE 4/16. -->
				<AdditionalDocument>
					<CategoryCode>N</CategoryCode>
					<ID>12345/30.08.2021</ID>
					<TypeCode>935</TypeCode>
					<LPCOExemptionCode>AC</LPCOExemptionCode>
				</AdditionalDocument>
				<!--DE 2/3: Documents produced, certificates and authorisations, additional references. 
					This field is mandatory only where codes required.
					Additional document code of 9WKS indicates Worksheet to support calculation of the customs value and/or revenue calculations. -->
				<AdditionalDocument>
					<CategoryCode>9</CategoryCode>
					<ID>See attached Worksheet1154-01122021</ID>
					<TypeCode>WKS</TypeCode>
					<LPCOExemptionCode>AE</LPCOExemptionCode>
				</AdditionalDocument>
				<!--DE 2/2: Additional information. 
					00500 - IMPORTER indicating Self representation by the importer -->
				<AdditionalInformation>
					<StatementCode>00500</StatementCode>
					<StatementDescription>IMPORTER</StatementDescription>
				</AdditionalInformation>
				<!--DE 2/2: Additional Information. 
					This field is mandatory.
					This represents a domestic movement as the goods are imported from GB into Northern Ireland. -->
				<AdditionalInformation>
					<StatementCode>NIDOM</StatementCode>
				</AdditionalInformation>
				<!--DE 2/2: Additional Information. 
					This field is mandatory.
					StatementCode 00600 indicates simplification of the drawing up of customs declaration or clearance requests for goods falling under different tariff subheadings.
					StatementDescription MU177 represents that the items have variable duty rates, and are subject to different measurement units. -->
				<AdditionalInformation>
					<StatementCode>00600</StatementCode>
					<StatementDescription>MU177</StatementDescription>
				</AdditionalInformation>
				<Commodity>
					<!--DE 6/8: Description of goods. 
						Description of the goods specific enough to enable classification - without repeating the CN code description in the Tariff. -->
					<Description>Wine of fresh grapes Of an actual alcoholic strength by volume not exceeding 13% vol</Description>
					<Classification>
						<!--DE 6/14: Commodity code - Combined Nomenclature Code. 
							Identification TypeCode of TSP indicates that a Transitional Simplified Procedure has been used. -->
						<ID>22042195</ID>
						<IdentificationTypeCode>TSP</IdentificationTypeCode>
					</Classification>
					<Classification>
						<!--DE 6/15: Commodity code - The TARIC code.
							Two characters for the application of specific Union measures in respect of formalities to be completed at destination). 
							Identification Type Code TRC indicates TARIC Code. -->
						<ID>11</ID>
						<IdentificationTypeCode>TRC</IdentificationTypeCode>
					</Classification>
					<Classification>
						<!--DE 6/17: National Additional Code.
							X413 indicating UK tax type 413, Wine [still], exceeding 5.5% vol. but not exceeding 15% vol. -->
						<ID>X413</ID>
						<IdentificationTypeCode>GN</IdentificationTypeCode>
					</Classification>
					<DutyTaxFee>
						<!--DE 4/17: Preference.
							Type 100 represents no preference being claimed. -->
						<DutyRegimeCode>100</DutyRegimeCode>
						<!--DE 4/3: Tax Type.
							A50 represents EU Tariff Customs duty. -->
						<TypeCode>A50</TypeCode>
						<!-- DE 4/8: Payment MEthod.
							Method E to indicate Deferment used for import - Tax line 1. -->
						<Payment>
							<MethodCode>E</MethodCode>
						</Payment>
					</DutyTaxFee>
					<GoodsMeasure>
						<!--DE 6/5: Gross Mass.
							Weight of the goods in kilograms including packaging. -->
						<GrossMassMeasure>1100</GrossMassMeasure>
						<!--DE 6/1: Net Mass.
							Weight of the goods in kilograms without any packaging. -->
						<NetNetWeightMeasure>1000</NetNetWeightMeasure>
						<!--DE 6/2: Supplementary units.
							Quantity of the goods in the unit as required by Customs for tariff, statistical or fiscal purposes. -->
						<TariffQuantity>1000</TariffQuantity>
					</GoodsMeasure>
					<!--DE 4/14: Item Price/Amount. 
						The invoice was issued with a value of 5000 and the currency of GBP. -->
					<InvoiceLine>
						<ItemChargeAmount currencyID="GBP">5000</ItemChargeAmount>
					</InvoiceLine>
				</Commodity>
				<!--DE 4/16: Valuation Method.
					1 to indicate the method is transaction value of the goods. -->
				<CustomsValuation>
					<MethodCode>1</MethodCode>
				</CustomsValuation>
				<!--DE 5/14: Country of Dispatch/Export Code.
					In this case, GB. -->
				<ExportCountry>
					<ID>GB</ID>
				</ExportCountry>
				<!--DE 1/10: Procedure.
					Requested Procedure of 40 indicating entry for free circulation and home use of goods.
					Previous Procedure of 00 indicating there is no previous procedure. -->
				<GovernmentProcedure>
					<CurrentCode>40</CurrentCode>
					<PreviousCode>00</PreviousCode>
				</GovernmentProcedure>
				<!--DE 1/11: Additional Procedure Code.
					F47 to indicate that different goods have been grouped on a single customs declaration. -->
				<GovernmentProcedure>
					<CurrentCode>F47</CurrentCode>
				</GovernmentProcedure>
				<!--DE 1/11: Additional Procedure Code.
					1EB to indicate grouping of excise goods travelling from GB to NI. -->
				<GovernmentProcedure>
					<CurrentCode>1EB</CurrentCode>
				</GovernmentProcedure>
				<!--DE 5/15: Country of Origin.
					TypeCode of 1 to represent non-preferential origin. 
					Where preference in DE 4/17 begins with '1', this must be completed.
					CountryCode contains the code for the country from which the originated, in this case GB.  -->
				<Origin>
					<CountryCode>GB</CountryCode>
					<TypeCode>1</TypeCode>
				</Origin>
				<Packaging>
					<SequenceNumeric>1</SequenceNumeric>
					<!--DE 6/11: Shipping marks. 
						Mandatory. 
						Marks on the packages. -->
					<MarksNumbersID>GBSB123456</MarksNumbersID>
					<!--DE 6/10: Number of packages.
						In this case 50. -->
					<QuantityQuantity>100</QuantityQuantity>
					<!--DE 6/9: Type of packages.
						BX to represent Box. -->
					<TypeCode>BX</TypeCode>
				</Packaging>
			</GovernmentAgencyGoodsItem>
			<!--DE 3/16: Importer Identification Number.
				EORI number of the Importer. -->
			<Importer>
				<ID>GB553202734852</ID>
			</Importer>
			<!--DE 2/1: Previous Documents.
				Z355 to show the MRN for the entry summary declaration. 
				This is a mandatory field. 
				To denote the inventory reference number. 
				Note that as this is for a single item declaration, this should all be declared at header level. -->
			<PreviousDocument>
				<CategoryCode>Z</CategoryCode>
				<ID>21GB34F7Y1O2CX8PT4</ID>
				<TypeCode>355</TypeCode>
				<LineNumeric>1</LineNumeric>
			</PreviousDocument>
			<!--DE 4/1: Delivery Terms.
				Mandatory as method 1 is being used in DE 4/16.
				CIF to indicate Cost, Insurance and Freight.
				GBWPT to represent the named port of destination is Warrenpoint, Northern Ireland, UK, a non-inventory linked location. -->
			<TradeTerms>
				<ConditionCode>CIF</ConditionCode>
				<LocationID>GBWPT</LocationID>
			</TradeTerms>
		</GoodsShipment>
	</Declaration>
</md:MetaData>