<MetaData>
	<WCODataModelVersionCode>3.6</WCODataModelVersionCode>
	<WCOTypeName>RES</WCOTypeName>
	<ResponsibleCountryCode/>
	<ResponsibleAgencyName/>
	<AgencyAssignedCustomizationCode/>
	<AgencyAssignedCustomizationVersionCode/>
	<Response>
		<FunctionCode>16</FunctionCode>
		<FunctionalReferenceID>1a5e265631574dcebcc0bcac34c7f926</FunctionalReferenceID>
		<IssueDateTime>
			<DateTimeString formatCode="304">20210714131130Z</DateTimeString>
		</IssueDateTime>
		<AdditionalInformation>
			<StatementCode/>
			<StatementDescription>GB000040</StatementDescription>
			<StatementTypeCode>CEX</StatementTypeCode>
		</AdditionalInformation>
		<Status>
			<EffectiveDateTime>
				<DateTimeString formatCode="304">20210714000000Z</DateTimeString>
			</EffectiveDateTime>
			<NameCode>A1</NameCode>
		</Status>
		<Declaration>
			<FunctionalReferenceID>R322_E2E_TC07_CDS3</FunctionalReferenceID>
			<ID>21GB7PY67LGN7FJEA8</ID>
			<VersionID>2</VersionID>
		</Declaration>
	</Response>
</MetaData>