<MetaData>
	<WCODataModelVersionCode>3.6</WCODataModelVersionCode>
	<WCOTypeName>RES</WCOTypeName>
	<ResponsibleCountryCode/>
	<ResponsibleAgencyName/>
	<AgencyAssignedCustomizationCode/>
	<AgencyAssignedCustomizationVersionCode/>
	<Response>
		<FunctionCode>07</FunctionCode>
		<FunctionalReferenceID>62293e24490a4aaa910010edced25813</FunctionalReferenceID>
		<IssueDateTime>
			<DateTimeString formatCode="304">20210716170131Z</DateTimeString>
		</IssueDateTime>
		<Amendment>
			<ChangeReasonCode>16</ChangeReasonCode>
			<Pointer>
				<DocumentSectionCode>42A</DocumentSectionCode>
			</Pointer>
			<Pointer>
				<DocumentSectionCode>67A</DocumentSectionCode>
			</Pointer>
			<Pointer>
				<DocumentSectionCode>28A</DocumentSectionCode>
			</Pointer>
			<Pointer>
				<DocumentSectionCode>64A</DocumentSectionCode>
				<TagID>L016</TagID>
			</Pointer>
		</Amendment>
		<Amendment>
			<ChangeReasonCode>16</ChangeReasonCode>
			<Pointer>
				<DocumentSectionCode>42A</DocumentSectionCode>
			</Pointer>
			<Pointer>
				<DocumentSectionCode>67A</DocumentSectionCode>
			</Pointer>
			<Pointer>
				<DocumentSectionCode>28A</DocumentSectionCode>
			</Pointer>
			<Pointer>
				<DocumentSectionCode>64A</DocumentSectionCode>
				<TagID>L110</TagID>
			</Pointer>
		</Amendment>
		<Amendment>
			<ChangeReasonCode>16</ChangeReasonCode>
			<Pointer>
				<DocumentSectionCode>42A</DocumentSectionCode>
			</Pointer>
			<Pointer>
				<DocumentSectionCode>67A</DocumentSectionCode>
			</Pointer>
			<Pointer>
				<DocumentSectionCode>28A</DocumentSectionCode>
			</Pointer>
			<Pointer>
				<DocumentSectionCode>64A</DocumentSectionCode>
			</Pointer>
			<Pointer>
				<DocumentSectionCode>04A</DocumentSectionCode>
				<TagID>242</TagID>
			</Pointer>
		</Amendment>
		<Amendment>
			<ChangeReasonCode>16</ChangeReasonCode>
			<Pointer>
				<DocumentSectionCode>42A</DocumentSectionCode>
			</Pointer>
			<Pointer>
				<DocumentSectionCode>67A</DocumentSectionCode>
			</Pointer>
			<Pointer>
				<DocumentSectionCode>28A</DocumentSectionCode>
			</Pointer>
			<Pointer>
				<DocumentSectionCode>64A</DocumentSectionCode>
			</Pointer>
			<Pointer>
				<DocumentSectionCode>04A</DocumentSectionCode>
				<TagID>410</TagID>
			</Pointer>
		</Amendment>
		<Declaration>
			<FunctionalReferenceID>R322_E2E_TC01_CDS2</FunctionalReferenceID>
			<ID>21GB7T13JZB2RVAXA8</ID>
			<VersionID>2</VersionID>
		</Declaration>
		<Declaration>
			<FunctionCode>9</FunctionCode>
			<GoodsShipment>
				<Consignment>
					<GoodsLocation>
						<Name>LHRLHRANS</Name>
						<TypeCode>A</TypeCode>
						<Address>
							<TypeCode>U</TypeCode>
							<CountryCode>GB</CountryCode>
						</Address>
					</GoodsLocation>
				</Consignment>
			</GoodsShipment>
		</Declaration>
	</Response>
</MetaData>