<MetaData>
    <WCODataModelVersionCode>3.6</WCODataModelVersionCode>
    <WCOTypeName>RES</WCOTypeName>
    <ResponsibleCountryCode/>
    <ResponsibleAgencyName/>
    <AgencyAssignedCustomizationCode/>
    <AgencyAssignedCustomizationVersionCode/>
    <Response>
        <FunctionCode>01</FunctionCode>
        <FunctionalReferenceID>914a1f07aa5446f2acef9fbde46ca0de</FunctionalReferenceID>
        <IssueDateTime>
            <DateTimeString formatCode="304">20220127103654Z</DateTimeString>
        </IssueDateTime>
        <Declaration>
            <AcceptanceDateTime>
                <DateTimeString formatCode="304">20220127103652Z</DateTimeString>
            </AcceptanceDateTime>
            <FunctionalReferenceID>TT_IM78a_v1.1_2701_01</FunctionalReferenceID>
            <ID>22GB11S76HZ51XHAR2</ID>
            <VersionID>1</VersionID>
        </Declaration>
    </Response>
</MetaData>