<MetaData>
    <WCODataModelVersionCode>3.6</WCODataModelVersionCode>
    <WCOTypeName>RES</WCOTypeName>
    <ResponsibleCountryCode/>
    <ResponsibleAgencyName/>
    <AgencyAssignedCustomizationCode/>
    <AgencyAssignedCustomizationVersionCode/>
    <Response>
        <FunctionCode>09</FunctionCode>
        <FunctionalReferenceID>506246e3e99f4a328e3d05a295fc79d3</FunctionalReferenceID>
        <IssueDateTime>
            <DateTimeString formatCode="304">20220127103654Z</DateTimeString>
        </IssueDateTime>
        <AdditionalInformation>
            <StatementCode>A2</StatementCode>
            <StatementTypeCode>AFB</StatementTypeCode>
        </AdditionalInformation>
        <Declaration>
            <FunctionalReferenceID>TT_IM78a_v1.1_2701_01</FunctionalReferenceID>
            <ID>22GB11S76HZ51XHAR2</ID>
            <VersionID>1</VersionID>
        </Declaration>
    </Response>
</MetaData>
