<MetaData>
	<WCODataModelVersionCode>3.6</WCODataModelVersionCode>
	<WCOTypeName>RES</WCOTypeName>
	<ResponsibleCountryCode/>
	<ResponsibleAgencyName/>
	<AgencyAssignedCustomizationCode/>
	<AgencyAssignedCustomizationVersionCode/>
	<Response>
		<FunctionCode>01</FunctionCode>
		<FunctionalReferenceID>f0f21a55ff5c45f99339780d0b092547</FunctionalReferenceID>
		<IssueDateTime>
			<DateTimeString formatCode="304">20210204132617Z</DateTimeString>
		</IssueDateTime>
		<AdditionalInformation>
			<StatementCode>smartErrorMsg</StatementCode>
			<StatementDescription>Weight appears too low per item</StatementDescription>
			<StatementTypeCode>1</StatementTypeCode>
			<Pointer>
				<SequenceNumeric>1</SequenceNumeric>
				<DocumentSectionCode>07B</DocumentSectionCode>
			</Pointer>
			<Pointer>
				<SequenceNumeric>1</SequenceNumeric>
				<DocumentSectionCode>53A</DocumentSectionCode>
			</Pointer>
		</AdditionalInformation>
		<Error>
			<Description>Weight appears too low per item</Description>
			<ValidationCode>CDS13000</ValidationCode>
			<Pointer>
				<DocumentSectionCode>42A</DocumentSectionCode>
			</Pointer>
			<Pointer>
				<DocumentSectionCode>67A</DocumentSectionCode>
			</Pointer>
			<Pointer>
				<SequenceNumeric>1</SequenceNumeric>
				<DocumentSectionCode>68A</DocumentSectionCode>
			</Pointer>
		</Error>
		<Declaration>
			<AcceptanceDateTime>
				<DateTimeString formatCode="304">20210204060000Z</DateTimeString>
			</AcceptanceDateTime>
			<FunctionalReferenceID>R312_TC01_0402HH04</FunctionalReferenceID>
			<ID>21GB1DDFXO2W84H4A5</ID>
			<VersionID>2</VersionID>
		</Declaration>
	</Response>
</MetaData>