<MetaData>
	<WCODataModelVersionCode>3.6</WCODataModelVersionCode>
	<WCOTypeName>RES</WCOTypeName>
	<ResponsibleCountryCode/>
	<ResponsibleAgencyName/>
	<AgencyAssignedCustomizationCode/>
	<AgencyAssignedCustomizationVersionCode/>
	<Response>
		<FunctionCode>09</FunctionCode>
		<FunctionalReferenceID>72d460cbc595479ebbf664c1a0ab9b94</FunctionalReferenceID>
		<IssueDateTime>
			<DateTimeString formatCode="304">20210204132618Z</DateTimeString>
		</IssueDateTime>
		<AdditionalInformation>
			<StatementCode>A2</StatementCode>
			<StatementTypeCode>AFB</StatementTypeCode>
		</AdditionalInformation>
		<Declaration>
			<FunctionalReferenceID>R312_TC01_0402HH04</FunctionalReferenceID>
			<ID>21GB1DDFXO2W84H4A5</ID>
			<VersionID>2</VersionID>
		</Declaration>
	</Response>
</MetaData>