  <MetaData><WCODataModelVersionCode>3.6</WCODataModelVersionCode><WCOTypeName>RES</WCOTypeName><ResponsibleCountryCode/><ResponsibleAgencyName/><AgencyAssignedCustomizationCode/><AgencyAssignedCustomizationVersionCode/><Response>
      <FunctionCode>01</FunctionCode>
      <FunctionalReferenceID>acb6d0b50bb54c31be84d0881bdd3ef1</FunctionalReferenceID>
      <IssueDateTime>
        <DateTimeString formatCode="304">20200303115935Z</DateTimeString>
      </IssueDateTime>
      <Declaration>
        <AcceptanceDateTime>
          <DateTimeString formatCode="304">20200303112547Z</DateTimeString>
        </AcceptanceDateTime>
        <FunctionalReferenceID>TTIM05a_030320_003</FunctionalReferenceID>
        <ID>20GB2HB07K9MVFGV04</ID>
        <VersionID>1</VersionID>
      </Declaration>
    </Response></MetaData>
