<MetaData>
    <WCODataModelVersionCode>3.6</WCODataModelVersionCode>
    <WCOTypeName>RES</WCOTypeName>
    <ResponsibleCountryCode/>
    <ResponsibleAgencyName/>
    <AgencyAssignedCustomizationCode/>
    <AgencyAssignedCustomizationVersionCode/>
    <Response>
        <FunctionCode>13</FunctionCode>
        <FunctionalReferenceID>4f7f040fefa34092aa74c3c21b6830e9</FunctionalReferenceID>
        <IssueDateTime>
            <DateTimeString formatCode="304">20210713151635Z</DateTimeString>
        </IssueDateTime>
        <Bank>
            <ReferenceID>CITIGB2LLON</ReferenceID>
            <ID>GB25CITI08320011963155</ID>
        </Bank>
        <Status>
            <NameCode>4</NameCode>
        </Status>
        <Declaration>
            <FunctionalReferenceID>TT_IM37a_1307_001</FunctionalReferenceID>
            <ID>21GB7OOQ335IDFEAR0</ID>
            <VersionID>1</VersionID>
            <GoodsShipment>
                <GovernmentAgencyGoodsItem>
                    <SequenceNumeric>1</SequenceNumeric>
                    <Commodity>
                        <DutyTaxFee>
                            <AdValoremTaxBaseAmount currencyID="GBP">1000.00</AdValoremTaxBaseAmount>
                            <DeductAmount currencyID="GBP">0.00</DeductAmount>
                            <DutyRegimeCode>100</DutyRegimeCode>
                            <TaxRateNumeric>0.00</TaxRateNumeric>
                            <TypeCode>A00</TypeCode>
                            <Payment>
                                <TaxAssessedAmount currencyID="GBP">0.00</TaxAssessedAmount>
                                <PaymentAmount currencyID="GBP">0.00</PaymentAmount>
                            </Payment>
                        </DutyTaxFee>
                        <DutyTaxFee>
                            <AdValoremTaxBaseAmount currencyID="GBP">1000.00</AdValoremTaxBaseAmount>
                            <DeductAmount currencyID="GBP">0.00</DeductAmount>
                            <DutyRegimeCode>100</DutyRegimeCode>
                            <TaxRateNumeric>20.00</TaxRateNumeric>
                            <TypeCode>A20</TypeCode>
                            <Payment>
                                <TaxAssessedAmount currencyID="GBP">200.00</TaxAssessedAmount>
                                <PaymentAmount currencyID="GBP">200.00</PaymentAmount>
                            </Payment>
                        </DutyTaxFee>
                        <DutyTaxFee>
                            <AdValoremTaxBaseAmount currencyID="GBP">1200.00</AdValoremTaxBaseAmount>
                            <DeductAmount currencyID="GBP">0.00</DeductAmount>
                            <DutyRegimeCode>100</DutyRegimeCode>
                            <TaxRateNumeric>20.00</TaxRateNumeric>
                            <TypeCode>B00</TypeCode>
                            <Payment>
                                <TaxAssessedAmount currencyID="GBP">240.00</TaxAssessedAmount>
                                <PaymentAmount currencyID="GBP">240.00</PaymentAmount>
                            </Payment>
                        </DutyTaxFee>
                    </Commodity>
                </GovernmentAgencyGoodsItem>
            </GoodsShipment>
        </Declaration>
    </Response>
</MetaData>