<md:MetaData xmlns:md="urn:wco:datamodel:WCO:DocumentMetaData-DMS:2"
             xmlns="urn:wco:datamodel:WCO:DEC-DMS:2"
             xmlns:clm63055="urn:un:unece:uncefact:codelist:standard:UNECE:AgencyIdentificationCode:D12B"
             xmlns:ds="urn:wco:datamodel:WCO:MetaData_DS-DMS:2"
             xmlns:xsi="http://www.w3.org/2001/XMLSchema-instance"
             xsi:schemaLocation="urn:wco:datamodel:WCO:DocumentMetaData-DMS:2 ../DocumentMetaData_2_DMS.xsd ">
	<md:WCODataModelVersionCode>3.6</md:WCODataModelVersionCode>
	<md:WCOTypeName>DEC</md:WCOTypeName>
	<md:ResponsibleCountryCode>GB</md:ResponsibleCountryCode>
	<md:ResponsibleAgencyName>HMRC</md:ResponsibleAgencyName>
	<md:AgencyAssignedCustomizationVersionCode>v2.1
      </md:AgencyAssignedCustomizationVersionCode>
	<Declaration xmlns:clm5ISO42173A="urn:un:unece:uncefact:codelist:standard:ISO:ISO3AlphaCurrencyCode:2012-08-31"
	             xmlns:p1="urn:wco:datamodel:WCO:Declaration_DS:DMS:2"
	             xmlns:udt="urn:un:unece:uncefact:data:standard:UnqualifiedDataType:6"
	             xsi:schemaLocation="urn:wco:datamodel:WCO:DEC-DMS:2 ../WCO_DEC_2_DMS.xsd ">
		<!--
			SCENARIO
			CSP submits an inventory-linked Type D PreLodged ALVS declaration where "ttalvsHMI" is 
			entered in the goods description field (D.E. 6/8) on the goods item. 
			Import of goods liable to Customs Duty & VAT, with no previous procedure
			Goods: ttalvsHMI
			Category: H1 Declaration Category data set
			Deferred Payment is used with specific authority. Importer's DAN is being used.
			Goods presented at Wallasea Island on arrival.
		-->
		<!--Function Code of 9 to represent an original declaration.-->
		<FunctionCode>9</FunctionCode>
		<!-- DE 2/5: Trader's own reference number - this must be unique to the transaction -->
		<FunctionalReferenceID>TT_IM34a_v1.4_1801_01</FunctionalReferenceID>
		<!--DE 1/1: IM to represent an import declaration.-->
		<!--DE 1/2: A to represent a standard frontier declaration.-->
		<TypeCode>IMD</TypeCode>
		<!--DE 1/9: Total number of goods items on the declaration.-->
		<GoodsItemQuantity>1</GoodsItemQuantity>
		<!--The Invoice Amount for the whole declaration-->
		<!-- <InvoiceAmount currencyID="GBP">1200</InvoiceAmount> -->
		<!--DE 6/18: Total packages. This matches the sum of the DE 6/10 values for each of the Goods Items in the Declaration.-->
		<TotalPackageQuantity>50</TotalPackageQuantity>
		<!--DE 2/6: Deferred payment. This is mandatory when deferred payment is used.
               ID is the DAN account used for deferred payment (for excise duty in this
               scenario). This declared DAN belongs to the importer declared on the
               declaration.-->
		<AdditionalDocument>
			<CategoryCode>1</CategoryCode>
			<ID>1108654</ID>
			<TypeCode>DAN</TypeCode>
		</AdditionalDocument>
		<!--DE 3/21: Representative Status Code.
			FunctionCode of 2 indicating agent acting in direct representation for the importer (holding written instruction to do so). -->
		<Agent>
			<FunctionCode>2</FunctionCode>
		</Agent>
		<!--DE 3/39: An authorisation type code of CGU is required as CCG authorisation is being declared 
			(see DE 2/3 where a document code of C505 has been entered).
			The ID here is the EORI of the CCG authorised party.-->
		<AuthorisationHolder>
			<ID>GB553202734852</ID>
			<CategoryCode>CGU</CategoryCode>
		</AuthorisationHolder>
		<!--DE 3/39: An authorisation type code of DPO indicates Deferment of Payment authorisation. 
			The ID here is the EORI of the DPO authorised party.-->
		<AuthorisationHolder>
			<ID>GB553202734852</ID>
			<CategoryCode>DPO</CategoryCode>
		</AuthorisationHolder>
		<!--DE 7/15: Nationality of the active means of transport crossing the border, in this case US.
			DE 7/4: ModeCode of 1 to represent Maritime/Sea transport as the mode of transport at the border. -->
		<BorderTransportMeans>
			<RegistrationNationalityCode>US</RegistrationNationalityCode>
			<ModeCode>1</ModeCode>
		</BorderTransportMeans>
		<!--DE 3/18: Declarant Identification Number.
			The EORI number of the agent entering the declaration. 
			The UK requires an EORI to be provided for the declarant. 
			In this scenario, the same as the EORI of the importer. -->
		<Declarant>
			<ID>GB603202734852</ID>
		</Declarant>
		<!--DE 3/1: Exporter. 
			Exporter name and address is mandatory where no recognised EORI number has been entered into DE 3/2. -->
		<Exporter>
			<Name>US Clipper Inc.</Name>
			<Address>
				<CityName>New York</CityName>
				<CountryCode>US</CountryCode>
				<Line>1 Shaver Street</Line>
				<PostcodeID>NY1 234</PostcodeID>
			</Address>
		</Exporter>
		<GoodsShipment>
			<!--DE 8/5: Nature of transaction: 1 to indicate transactions involving actual or
				intended transfer of ownership from residents to non-residents against financial
				or other compensation.-->
			<TransactionNatureCode>1</TransactionNatureCode>
			<Consignment>
				<!--DE 7/2: Indicator to show if goods are packed in a container or not. 
					1 indicates that goods are transported in containers.
					Note: Unlike CHIEF this must now be completed. -->
				<ContainerCode>1</ContainerCode>
				<!--DE 7/9: Identity of the means of transport on arrival. 
					Example number representing IMO ship identification number: '10', and 5 digits 
					for the identification number: '12345'.-->
				<ArrivalTransportMeans>
					<ID>12345</ID>
					<IdentificationTypeCode>10</IdentificationTypeCode>
				</ArrivalTransportMeans>
				<!-- DE 5/23: The location code for Tilbury docks-->
				<GoodsLocation>
					<!--DE 5/23: ID to give a unique position of the location-->
					<Name>TILLONTIL</Name>
					<!--DE 5/23: Type of location - A in this scenario for designated location 
						(frontier or frontier linked)-->
					<TypeCode>A</TypeCode>
					<Address>
						<!-- DE 5/23: Type of ID of the Location - U in this scenario for UN/LOCODE-->
						<TypeCode>U</TypeCode>
						<!-- DE 5/23: Country code of the country where the goods may be examined, 
							GB in this scenario.-->
						<CountryCode>GB</CountryCode>
					</Address>
				</GoodsLocation>
				<!--DE 7/10: Container identification number. 
					This is alpha-numeric with up to 17 characters.
					For containers covered by the standard ISO 6346, the identifier (prefix) allocated
					by the International Bureau of Containers and Intermodal Transport (BIC) shall
					also be provided in addition to the container identification number.
					For swap bodies and semi-trailers the ILU (Intermodal Loading Units) code as
					introduced by the European EN 13044 shall be used.-->
				<TransportEquipment>
					<SequenceNumeric>1</SequenceNumeric>
					<ID>AD12345</ID>
				</TransportEquipment>
			</Consignment>
			<!--DE 5/8: Country code of the destination country: GB.-->
			<Destination>
				<CountryCode>GB</CountryCode>
			</Destination>
			<!--DE 5/14: Country code of the dispatch country: US.-->
			<ExportCountry>
				<ID>US</ID>
			</ExportCountry>
			<GovernmentAgencyGoodsItem>
				<!--DE 1/6: Sequential number of the goods item.-->
				<SequenceNumeric>1</SequenceNumeric>
				<!--DE 2/3: Documents produced, certificates and authorisations, additional references.-->
				<!--DE 2/3: C506 indicates DPO - Authorisation for the deferment of payment.
					Provide the authorisation decision number for the deferment of payment
					authorisation in format:
					- 2 digit code identifying the member state of authorisation, for example, GB
					- 3 digit code indicating that a deferment of payment authorisation is held,
					that is, DPO
					- Followed by the authorisation reference number. No document status code is
					  required. -->
				<AdditionalDocument>
					<CategoryCode>C</CategoryCode>
					<ID>GBDPO1108654</ID>
					<TypeCode>506</TypeCode>
				</AdditionalDocument>
				<!--DE 2/3: A document code of N935 indicates the invoice on the basis of which
					the customs value of the goods is declared. 
					This is required as a Valuation Method of 1 to indicate transaction value has 
					been declared in DE 4/16. -->
				<AdditionalDocument>
					<CategoryCode>N</CategoryCode>
					<ID>12345/19.06.2021</ID>
					<TypeCode>935</TypeCode>
					<LPCOExemptionCode>AC</LPCOExemptionCode>
				</AdditionalDocument>
				<!--DE 2/3: A document code of C505 indicates CGU - Authorisation for the provision
					of a comprehensive guarantee, including possible reduction or waiver. In this
					scenario, a waiver to the CCG authorisation is being used (indicated by the status
					code of "CC"),and therefore the ID also indicates that a waiver is being used.-->
				<AdditionalDocument>
					<CategoryCode>C</CategoryCode>
					<ID>GBCGUGuaranteenotrequired</ID>
					<TypeCode>505</TypeCode>
					<LPCOExemptionCode>CC</LPCOExemptionCode>
				</AdditionalDocument>
				<!--DE 2/3: A document code of C644 indicates Certificate of inspection for organic products.
					Document status code of LP in this scenario indicates document lodged previously – part use 
					(applies to this and other entries). -->
				<AdditionalDocument>
					<CategoryCode>C</CategoryCode>
					<ID>0054039</ID>
					<TypeCode>644</TypeCode>
					<LPCOExemptionCode>LP</LPCOExemptionCode>
				</AdditionalDocument>
				<!--DE 2/3: A document code of N002 indicates Certificate of conformity with the European Union 
					marketing standards for fresh fruit and vegetables.
					Document status code of EA indicates electronic details on Customs Declaration Services (CDS) – 
					already attributed on simplified declaration. -->
				<AdditionalDocument>
					<CategoryCode>N</CategoryCode>
					<ID>FRCAT012345</ID>
					<TypeCode>002</TypeCode>
					<LPCOExemptionCode>EA</LPCOExemptionCode>
				</AdditionalDocument>
				<!--DE 2/3: A document code of N851 indicates Phytosanitary certificate.
					Document status code of AP indicates document attached – part use (applies to this and 
					other entries) (document returned to the trader). -->
				<AdditionalDocument>
					<CategoryCode>N</CategoryCode>
					<ID>GBPHC012345</ID>
					<TypeCode>851</TypeCode>
					<LPCOExemptionCode>AP</LPCOExemptionCode>
				</AdditionalDocument>
				<Commodity>
					<!--DE 6/8: Description of the goods specific enough to enable classification, 
						without repeating the CN code description in the Tariff.
						However, to trigger risk in testing we do this by entering ttalvsHMI in description 
						indicating to raise exactly one ALVS control to HMI (DEFRA). -->
					<Description>ttalvsHMI</Description>
					<Classification>
						<!--DE 6/14: Commodity code - combined nomenclature code. (Green Bananas)-->
						<ID>08039010</ID>
						<IdentificationTypeCode>TSP</IdentificationTypeCode>
					</Classification>
					<Classification>
						<!--DE 6/15: Commodity code - The TARIC code (two characters for the application of 
							specific Union measures in respect of formalities to be completed at destination).-->
						<ID>00</ID>
						<IdentificationTypeCode>TRC</IdentificationTypeCode>
					</Classification>
					<Classification>
						<!-- DE 6/17: Commodity code – national additional codes. VATZ to represent VAT zero percent rate.-->
						<ID>VATZ</ID>
						<IdentificationTypeCode>GN</IdentificationTypeCode>
					</Classification>
					<DutyTaxFee>
						<!--DE 4/17: Preference Type of 100 represents no preference being claimed.-->
						<DutyRegimeCode>100</DutyRegimeCode>
						<Payment>
							<!--DE 4/8: MethodCode of E to indicate Deferment used for import - Tax line 1-->
							<MethodCode>E</MethodCode>
						</Payment>
					</DutyTaxFee>
					<GoodsMeasure>
						<!--DE 6/5: Gross mass of the goods in kilograms including packaging.-->
						<GrossMassMeasure>110</GrossMassMeasure>
						<!--DE 6/1: Net mass of the goods in kilograms without any packaging.-->
						<NetNetWeightMeasure>100</NetNetWeightMeasure>
					</GoodsMeasure>
					<!--DE 4/14: Item price amount. The invoice was issued with a value of 48 and the currency GBP.-->
					<InvoiceLine>
						<ItemChargeAmount currencyID="GBP">48</ItemChargeAmount>
					</InvoiceLine>
				</Commodity>
				<!--DE 4/16: Valuation method: 1 to indicate the method is transaction value of the imported goods.-->
				<CustomsValuation>
					<MethodCode>1</MethodCode>
				</CustomsValuation>
				<!--DE 1/10: Requested Procedure of 40 indicating entry for free circulation and home use of goods.
					DE 1/10: Previous Procedure of 00 indicating there is no previous procedure.-->
				<GovernmentProcedure>
					<CurrentCode>40</CurrentCode>
					<PreviousCode>00</PreviousCode>
				</GovernmentProcedure>
				<!--DE 1/11: 000 to indicate no additional procedure.-->
				<GovernmentProcedure>
					<CurrentCode>000</CurrentCode>
				</GovernmentProcedure>
				<!--DE 5/15: TypeCode of 1 to represent non-preferential origin. 
					Where preference in DE 4/17 begins with '1', this must be completed.
					CountryCode cotains the code for the country from which the goods originated, in this case US. -->
				<Origin>
					<CountryCode>US</CountryCode>
					<TypeCode>1</TypeCode>
				</Origin>
				<Packaging>
					<SequenceNumeric>1</SequenceNumeric>
					<!--DE 6/11: Shipping marks on the packages.-->
					<MarksNumbersID>BX-1234228/34</MarksNumbersID>
					<!--DE 6/10: Number of packages, in this case 50.-->
					<QuantityQuantity>50</QuantityQuantity>
					<!--DE 6/9: Type of packages - BX to represent Box.-->
					<TypeCode>BX</TypeCode>
				</Packaging>
				<!--DE 2/1: Previous document of Z355 to show the MRN for the
                  		entry summary declaration. This is a mandatory field. To denote the inventory
						reference number. Note: As this is for a multiple item declaration, these should
						all be declared at Item level-->
				<PreviousDocument>
					<CategoryCode>Z</CategoryCode>
					<ID>21GB34F7Y1O2CX8PT4</ID>
					<TypeCode>355</TypeCode>
					<LineNumeric>1</LineNumeric>
				</PreviousDocument>
				<!--DE 4/13: Valuation indicator - mandatory in this scenario as a valuation method of 1 
					has been used in DE 4/16.
					First digit: 0 = there is no price influence as a result of a Party Relationship 
					between the buyer and seller.
					Second digit: 0 = there are no restrictions as to the disposal or use of the goods by 
					the buyer in accordance with Article 70(3)(a) of the Code.
					Third digit: 0 = the sale or price is not subject to some condition or consideration 
					in accordance with Article 70(3)(b) of the Code.
					Fourth digit: 0 = the sale is not subject to an arrangement under which part of the proceeds 
					of any subsequent resale, disposal or use 	accrues directly or indirectly to the seller.-->
				<ValuationAdjustment>
					<AdditionCode>0000</AdditionCode>
				</ValuationAdjustment>
			</GovernmentAgencyGoodsItem>
			<!--DE 3/16: EORI number of the Importer.-->
			<Importer>
				<ID>GB553202734852</ID>
			</Importer>
			<!--DE 2/1: For import inventory linked locations, the Inventory Reference Number (UCN) must be declared 
				in DE 2/1 using the Previous Document Type Code 'MCR'.-->
			<PreviousDocument>
				<CategoryCode>Z</CategoryCode>
				<ID>GB/1234-:3333HB</ID>
				<TypeCode>MCR</TypeCode>
			</PreviousDocument>
			<!--DE 2/1: Previous document to show the DUCR assigned to the consignment.
				This is a mandatory field-->
			<PreviousDocument>
				<CategoryCode>Z</CategoryCode>
				<ID>1GB553202734852-12345</ID>
				<TypeCode>DCR</TypeCode>
			</PreviousDocument>
			<!--DE 4/1: Mandatory as method 1 is being used in DE 4/16.
				CIF to indicate Cost, Insurance and Freight.
				GBWLA to represent the named port of destination: Wallasea Island, UK,  a non-inventory 
				linked location -->
			<TradeTerms>
				<ConditionCode>CIF</ConditionCode>
				<LocationID>GBWLA</LocationID>
			</TradeTerms>
		</GoodsShipment>
		<ObligationGuarantee>
			<!--DE 8/3: Guarantee reference number.
				Where document code C505 is declared in DE 2/3 (Document Codes) and authorisation
				type code is declared in DE 3/39 (Holder of the Authorisation), then this data
				element is mandatory.
				ID indicates that the guarantee is not required, as stated in DE 8/2. -->
			<ID>Guaranteenotrequired</ID>
			<!--DE 8/2: Guarantee type. 0 to represent that a customs comprehensive Guarantee
				is being waived for the deferment of customs duty.
				Where document code C505 is declared in DE 2/3 (Document Codes) and authorisation
				type code CGU is declared in DE 3/39 (Holder of the Authorisation), then code
				'0' or '1' must be declared in this data element.-->
			<SecurityDetailsCode>0</SecurityDetailsCode>
		</ObligationGuarantee>
	</Declaration> 
</md:MetaData>