<MetaData>
    <WCODataModelVersionCode>3.6</WCODataModelVersionCode>
    <WCOTypeName>RES</WCOTypeName>
    <ResponsibleCountryCode/>
    <ResponsibleAgencyName/>
    <AgencyAssignedCustomizationCode/>
    <AgencyAssignedCustomizationVersionCode/>
    <Response>
        <FunctionCode>02</FunctionCode>
        <FunctionalReferenceID>c2c28b0c771444d39bf5483b6ab11a29</FunctionalReferenceID>
        <IssueDateTime>
            <DateTimeString formatCode="304">20210909133650Z</DateTimeString>
        </IssueDateTime>
        <Declaration>
            <FunctionalReferenceID>TT_IM10b_v4.9_0909_01</FunctionalReferenceID>
            <ID>21GB9ZGNEDMRGZQNR0</ID>
            <VersionID>1</VersionID>
        </Declaration>
    </Response>
</MetaData>