<MetaData>
    <WCODataModelVersionCode>3.6</WCODataModelVersionCode>
    <WCOTypeName>RES</WCOTypeName>
    <ResponsibleCountryCode/>
    <ResponsibleAgencyName/>
    <AgencyAssignedCustomizationCode/>
    <AgencyAssignedCustomizationVersionCode/>
    <Response>
        <FunctionCode>09</FunctionCode>
        <FunctionalReferenceID>50f88d53d5d34cf5991f87d42e5a31df</FunctionalReferenceID>
        <IssueDateTime>
            <DateTimeString formatCode="304">20220207121731Z</DateTimeString>
        </IssueDateTime>
        <AdditionalInformation>
            <StatementCode>A2</StatementCode>
            <StatementTypeCode>AFB</StatementTypeCode>
        </AdditionalInformation>
        <Declaration>
            <FunctionalReferenceID>IM50a_v1.3_0702_01</FunctionalReferenceID>
            <ID>22GB1HLMWHZVJCXAR3</ID>
            <VersionID>1</VersionID>
        </Declaration>
    </Response>
</MetaData>