<?xml version="1.0" encoding="UTF-8"?>
<!-- EDL – Movement message used for creating Goods Departure messages. This also covers the removal of goods back inland where an export is abandoned (Departaures) -->
<inv:inventoryLinkingMovementRequest xmlns:inv="http://gov.uk/customs/inventoryLinking/v1">
                   <inv:messageCode>EDL</inv:messageCode>
								<inv:agentDetails>
					<!-- EORI number of the Community Systems Providers (CSPs). -->
                    <inv:EORI>GB025115166433</inv:EORI>
                    <inv:agentLocation>a</inv:agentLocation>
                     <inv:agentRole>a</inv:agentRole>
                   </inv:agentDetails>
                   <inv:ucrBlock>
				   <!--Maritime MUCR assigned to the consignment -->
                    <inv:ucr>GB/123456789012-M1302A</inv:ucr>
                        <inv:ucrType>M</inv:ucrType>
                   </inv:ucrBlock>
				    <!-- ID to give a unique position of the location. DVRDOVDVR Indicating Dover. This value has come from Declaration -->
                   <inv:goodsLocation>GBAUDVRDOVDVR</inv:goodsLocation>
                   <inv:goodsArrivalDateTime>2020-02-13T10:11:00</inv:goodsArrivalDateTime>
				   <!-- This should be today's Date -->
                   <inv:goodsDepartureDateTime>2020-02-13T10:20:00</inv:goodsDepartureDateTime>
                    <inv:movementReference>Movement15</inv:movementReference>
								<inv:transportDetails>
                      <inv:transportID>11CSCLGLOBE</inv:transportID>
                      <inv:transportMode>1</inv:transportMode>
                      <inv:transportNationality>GB</inv:transportNationality>
                   </inv:transportDetails>
</inv:inventoryLinkingMovementRequest>
