<md:MetaData xmlns="urn:wco:datamodel:WCO:DEC-DMS:2"
             xmlns:xsi="http://www.w3.org/2001/XMLSchema-instance"
             xmlns:clm63055="urn:un:unece:uncefact:codelist:standard:UNECE:AgencyIdentificationCode:D12B"
             xmlns:ds="urn:wco:datamodel:WCO:MetaData_DS-DMS:2"
             xmlns:md="urn:wco:datamodel:WCO:DocumentMetaData-DMS:2"
             xsi:schemaLocation="urn:wco:datamodel:WCO:DocumentMetaData-DMS:2 ../DocumentMetaData_2_DMS.xsd ">
	<md:WCODataModelVersionCode>3.6</md:WCODataModelVersionCode>
	<md:WCOTypeName>DEC</md:WCOTypeName>
	<md:ResponsibleCountryCode>GB</md:ResponsibleCountryCode>
	<md:ResponsibleAgencyName>HMRC</md:ResponsibleAgencyName>
	<md:AgencyAssignedCustomizationVersionCode>v2.1</md:AgencyAssignedCustomizationVersionCode>
	<Declaration xmlns="urn:wco:datamodel:WCO:DEC-DMS:2"
	             xmlns:clm5ISO42173A="urn:un:unece:uncefact:codelist:standard:ISO:ISO3AlphaCurrencyCode:2012-08-31"
	             xmlns:clm63055="urn:un:unece:uncefact:codelist:standard:UNECE:AgencyIdentificationCode:D12B"
	             xmlns:p1="urn:wco:datamodel:WCO:Declaration_DS:DMS:2"
	             xmlns:udt="urn:un:unece:uncefact:data:standard:UnqualifiedDataType:6"
	             xmlns:xsi="http://www.w3.org/2001/XMLSchema-instance"
	             xsi:schemaLocation="urn:wco:datamodel:WCO:DEC-DMS:2 ../WCO_DEC_2_DMS.xsd ">
		<!--
			SCENARIO
			Trader submits a Type Z Export declaration with:
			• Procedure Code 1040 (DE 1/10) and Additional Procedure Code 1MU (DE 1/11) that derives the B1MOU procedure category. 
			• MOU authorisation declared in DE 3/39 with C676 Additional Document in DE 2/3.
			
			CDS accepts the combination of procedure code and additional procedure code.
			Declaration is accepted and cleared.
			The following Trader Notifications are sent: DMSACC, DMSCLE.
		-->
		<FunctionCode>9</FunctionCode>
		<FunctionalReferenceID>R3.5.0_9780_TC01_D9</FunctionalReferenceID>
		<IssueDateTime>
			<p1:DateTimeString formatCode="304">20220202100000+01</p1:DateTimeString>
		</IssueDateTime>
		<!--DE 1/1: Declaration Type.
			EX to represent an Export declaration. -->
		<!--DE 1/2: Additional Declaration Type.
			Z to represent a Supplementary Declaration. -->
		<TypeCode>EXZ</TypeCode>
		<GoodsItemQuantity>1</GoodsItemQuantity>
		<DeclarationOfficeID>GBLBA001</DeclarationOfficeID>
		<TotalPackageQuantity>50</TotalPackageQuantity>
		<!--DE 3/39: Holder of the Authorisation Identification Number.
			MOU to indicate authorisation for the use of Memorandum of Understanding.
			The ID is the EORI of the MOU authorised party. -->
		<AuthorisationHolder>
			<ID>GB150454489082</ID>
			<CategoryCode>MOU</CategoryCode>
		</AuthorisationHolder>
		<!--DE 3/39: Holder of the Authorisation Identification Number.
			EIR to indicate authorisation for the use of customs declaration through an entry of data in the declarant’s records.
            The ID is the EORI of the EIDR authorised party. -->
		<AuthorisationHolder>
			<ID>GB150454489082</ID>
			<CategoryCode>EIR</CategoryCode>
		</AuthorisationHolder>
		<BorderTransportMeans>
			<!--DE 7/14 Identity of active means of transport crossing the border.
				ID123456 indicating registration number and identification type of the means of transport, in this scenario 41 indicating registration number of the aircraft. -->
			<ID>ID123456</ID>
			<IdentificationTypeCode>41</IdentificationTypeCode>
			<!--DE 7/15: Nationality of the active means of transport crossing the border.
				In this case GB. -->
			<RegistrationNationalityCode>GB</RegistrationNationalityCode>
			<!--DE 7/4: Mode of Transport at the Border.
				4 to represent air transport. -->
			<ModeCode>4</ModeCode>
		</BorderTransportMeans>
		<!--DE 3/18: Declarant Identification Number.
			The UK requires an EORI to be provided for the declarant. -->
		<Declarant>
			<ID>GB150454489082</ID>
		</Declarant>
		<!--DE 5/12: Customs Office of Exit. 
			GB000245 indicating UKBA East Midlands Airport, Castle Donington, DERBY. -->
		<ExitOffice>
			<ID>GB000245</ID>
		</ExitOffice>
		<!--DE 3/2: Exporter Identification Number.
			EORI number of the Exporter. -->
		<Exporter>
			<ID>GB150454489082</ID>
		</Exporter>
		<GoodsShipment>
			<!--DE 8/5 Nature of Transaction. 
				Enter, a 2-digit code (second digit is optional).
				The single digit codes listed in column A of the table provided for under Article 10(2) of Commission Regulation (EC) No 113/2010 shall be used.
				Member States may also provide for a second digit from the list in column B of that table to be collected.
				In this case:
				• First digit (1) represents 'Transactions involving actual or intended transfer of ownership from residents to non-residents against financial or other compensation'.
				• Second digit (1) represents 'Outright purchase/sale'. -->
			<TransactionNatureCode>11</TransactionNatureCode>
			<!--DE 3/9 Consignee Name and Address.
				Name, address and details of the party to whom the goods are consigned/shipped. -->
			<Consignee>
				<Name>Daniel Webb</Name>
				<Address>
					<CityName>Alabama</CityName>
					<CountryCode>US</CountryCode>
					<Line>54 Goodclose Lane</Line>
					<PostcodeID>36455</PostcodeID>
				</Address>
			</Consignee>
			<Consignment>
				<!--DE 7/2: Container.
					0 to indicate that the goods are not transported in containers. -->
				<ContainerCode>0</ContainerCode>
				<!--DE 7/7: Identity of the means of transport at departure.
					BE7473 indicating registration number and identification type of the means of transport, in this scenario 40 IATA flight number. -->
				<DepartureTransportMeans>
					<ID>BE7473</ID>
					<IdentificationTypeCode>40</IdentificationTypeCode>
				</DepartureTransportMeans>
				<!--DE 5/23: Location of Goods.
					ID to give a unique position of the location where the goods are located at the time they are declared.
					The location code is entered using the following components:
					• Name: ID to give a unique position of the location, in this scenario EMAEMAEMA indicating East Midlands Apt.
					• TypeCode: Type of Location, in this scenario A to represent that it is a designated location.
					• Address TypeCode: Type of ID of the Location, in this scenario U for UN/LOCODE.
					• Addess CountryCode: Code of the country where the goods may be examined, in this scenario GB. -->
				<GoodsLocation>
					<Name>EMAEMAEMA</Name>
					<TypeCode>A</TypeCode>
					<Address>
						<TypeCode>U</TypeCode>
						<CountryCode>GB</CountryCode>
					</Address>
				</GoodsLocation>
			</Consignment>
			<!--D 5/8: Country of Destination Code. 
				In this case, US. -->
			<Destination>
				<CountryCode>US</CountryCode>
			</Destination>
			<!--DE 5/14 Country of Dispatch/Export.
				In this case, GB. -->
			<ExportCountry>
				<ID>GB</ID>
			</ExportCountry>
			<GovernmentAgencyGoodsItem>
				<!--DE 1/6: Goods Item Number.
					Sequential number of the goods item. -->
				<SequenceNumeric>1</SequenceNumeric>
				<!--DE 8/6: Statistical Value. 
					In this case £200. -->
				<StatisticalValueAmount currencyID="GBP">6000</StatisticalValueAmount>
				<!--DE 2/3: Documents produced, certificates and authorisations, additional references.
					C676 for Import/Export authorisation issued by the competent authorities of the Member States. Decision 1764/15. -->
				<AdditionalDocument>
					<CategoryCode>C</CategoryCode>
					<ID>GBMOU15045448908220211125132100</ID>
					<TypeCode>676</TypeCode>
				</AdditionalDocument>
				<!--DE 2/3: Documents produced, certificates and authorisations, additional references.
					C514 for EIR - Authorisation for making a customs declaration through an entry in the declarant's records, including for the export procedure (Column 7c, Annex A of Delegated Regulation (EU) 2015/2446). -->
				<AdditionalDocument>
					<CategoryCode>C</CategoryCode>
					<ID>GBEIR150454489082I20191113093111</ID>
					<TypeCode>514</TypeCode>
				</AdditionalDocument>
				<!--DE 2/2: Additional Information.
					Code 00400 to indicate the declarant and exporter are the same party. -->
				<AdditionalInformation>
					<StatementCode>00400</StatementCode>
					<StatementDescription>EXPORTER</StatementDescription>
					<StatementTypeCode>ACB</StatementTypeCode>
				</AdditionalInformation>
				<!--DE 2/2: Additional Information.
					Code 00600 to indicate customs declaration or clearance requests for goods falling under different tariff subheadings. -->
				<AdditionalInformation>
					<StatementCode>00600</StatementCode>
					<StatementDescription>EXPORTER</StatementDescription>
					<StatementTypeCode>ACB</StatementTypeCode>
				</AdditionalInformation>
				<Commodity>
					<!--DE 6/8: Description of Goods.
						Description of the goods specific enough to enable classification - without repeating the CN code description in the Tariff. -->
					<Description>MOU Bulk</Description>
					<!--DE 6/14: Commodity Code - Combined Nomenclature Code.
						61013010 indicating 'Overcoats, car coats, capes, cloaks and similar articles' -->
						<Classification>
						<ID>61013010</ID>
						<IdentificationTypeCode>TSP</IdentificationTypeCode>
					</Classification>
					<GoodsMeasure>
						<!--DE 6/5: Gross Mass.
							Mass of the goods in kilograms including packaging. -->
						<GrossMassMeasure unitCode="KGM">1200</GrossMassMeasure>
						<!--DE 6/2: Supplementary Units. 
							This data element is only required where the commodity code requires a supplementary unit. -->
						<NetNetWeightMeasure unitCode="KGM">1000</NetNetWeightMeasure>
					</GoodsMeasure>
				</Commodity>
				<!--DE 1/10: Procedure.
					Requested Procedure of 1040 indicating Permanent export of goods in Free Circulation and Home Use. -->
				<GovernmentProcedure>
					<CurrentCode>10</CurrentCode>
					<PreviousCode>40</PreviousCode>
				</GovernmentProcedure>
				<!--DE 1/11: Additional Procedure Code.
					1MU declared for MoU procedure. -->
				<GovernmentProcedure>
					<CurrentCode>1MU</CurrentCode>
				</GovernmentProcedure>
				<Packaging>
					<SequenceNumeric>1</SequenceNumeric>
					<!--DE 6/11: Shipping Marks.
						Shipping marks on the packages. -->
					<MarksNumbersID>AWB Ref No</MarksNumbersID>
					<!--DE 6/10: Number of Packages. 
						In this case, 50. -->
					<QuantityQuantity>50</QuantityQuantity>
					<!--DE 6/9: Type of Packages.
						NA indicating not available. -->
					<TypeCode>NA</TypeCode>
				</Packaging>
			</GovernmentAgencyGoodsItem>
			<PreviousDocument>
			<!--DE 2/1: Previous Documents.
				ZDCR to show the DUCR assigned to the consignment.
				This is a mandatory field. -->
			<CategoryCode>Z</CategoryCode>
				<ID>1GB150454489082-0202D3</ID>
				<TypeCode>DCR</TypeCode>
			</PreviousDocument>
			<!--DE 2/1: Previous Documents.
				ZMCR to show the MUCR assigned to the consignment.
				This is a mandatory field. -->
			<PreviousDocument>
				<CategoryCode>Z</CategoryCode>
				<ID>A:7175725002023</ID>
				<TypeCode>MCR</TypeCode>
			</PreviousDocument>
		</GoodsShipment>
	</Declaration>
</md:MetaData>