<MetaData>
	<WCODataModelVersionCode>3.6</WCODataModelVersionCode>
	<WCOTypeName>RES</WCOTypeName>
	<ResponsibleCountryCode/>
	<ResponsibleAgencyName/>
	<AgencyAssignedCustomizationCode/>
	<AgencyAssignedCustomizationVersionCode/>
	<Response>
		<FunctionCode>02</FunctionCode>
		<FunctionalReferenceID>62b0d1fbee004de8bf1d6333fe696e64</FunctionalReferenceID>
		<IssueDateTime>
			<DateTimeString formatCode="304">20210819103535Z</DateTimeString>
		</IssueDateTime>
		<Declaration>
			<FunctionalReferenceID>TT_IM26a_v1.5_1908_03</FunctionalReferenceID>
			<ID>21GB959Z9VG169QBR3</ID>
			<VersionID>1</VersionID>
		</Declaration>
	</Response>
</MetaData>