<MetaData>
	<WCODataModelVersionCode>3.6</WCODataModelVersionCode>
	<WCOTypeName>RES</WCOTypeName>
	<ResponsibleCountryCode/>
	<ResponsibleAgencyName/>
	<AgencyAssignedCustomizationCode/>
	<AgencyAssignedCustomizationVersionCode/>
	<Response>
		<FunctionCode>02</FunctionCode>
		<FunctionalReferenceID>4516ede94fde465a95e6bd59c9aad1c0</FunctionalReferenceID>
		<IssueDateTime>
			<DateTimeString formatCode="304">20210819110133Z</DateTimeString>
		</IssueDateTime>
		<Declaration>
			<FunctionalReferenceID>TT_IM26a_v1.4_1908_03</FunctionalReferenceID>
			<ID>21GB959Z9VG169QBR3</ID>
			<VersionID>1</VersionID>
		</Declaration>
	</Response>
</MetaData>