<p:DeclarationFullResponse xsi:schemaLocation="http://gov.uk/customs/FullDeclarationDataRetrievalService" xmlns:xsi="http://www.w3.org/2001/XMLSchema-instance" xmlns:p4="urn:un:unece:uncefact:data:standard:UnqualifiedDataType:6" xmlns:p3="urn:wco:datamodel:WCO:Declaration_DS:DMS:2" xmlns:p2="urn:wco:datamodel:WCO:DEC-DMS:2" xmlns:p1="urn:wco:datamodel:WCO:Response_DS:DMS:2" xmlns:p="http://gov.uk/customs/FullDeclarationDataRetrievalService">
    <p:FullDeclarationDataDetails>
        <p:HighLevelSummaryDetails>
            <p:MRN>22GB2HBK1AU7VQFAA1</p:MRN>
            <p:LRN>E3.4sc1.3_0403DEC1</p:LRN>
            <p:DUCRandPartID>1GB150454489082-0403R1</p:DUCRandPartID>
            <p:VersionID>1</p:VersionID>
            <p:GoodsLocationCode>GBAULGWLGWLGW</p:GoodsLocationCode>
            <p:CreatedDateTime>
                <p:DateTimeString formatCode="304">20220304121500Z</p:DateTimeString>
            </p:CreatedDateTime>
            <p:AcceptanceDateTime>
                <p:DateTimeString formatCode="304">20220304121459Z</p:DateTimeString>
            </p:AcceptanceDateTime>
            <p:P2PDateTime>
                <p:DateTimeString formatCode="304">20220304121749Z</p:DateTimeString>
            </p:P2PDateTime>
            <p:FinalisedDateTime>
                <p:DateTimeString formatCode="304">20220304121749Z</p:DateTimeString>
            </p:FinalisedDateTime>
        </p:HighLevelSummaryDetails>
        <p:GeneratedConsignmentDetails>
            <p:ROE>6</p:ROE>
            <p:StatusOfEntry-ICS>22</p:StatusOfEntry-ICS>
            <p:GoodsArrivalDateTime>
                <p:DateTimeString formatCode="304">20220304121502Z</p:DateTimeString>
            </p:GoodsArrivalDateTime>
            <p:DeclaredCustomsExitOffice>GB000014</p:DeclaredCustomsExitOffice>
            <p:ActualCustomsExitOffice>GBAULGWL</p:ActualCustomsExitOffice>
            <p:SubmitterID>GB150454489082</p:SubmitterID>
            <p:StatisticalValue currencyID="GBP">0</p:StatisticalValue>
            <p:DateOfExit>
                <p:DateTimeString formatCode="304">20220304121749Z</p:DateTimeString>
            </p:DateOfExit>
        </p:GeneratedConsignmentDetails>
        <p:FullDeclarationObject>
            <p:Declaration>
                <p:AcceptanceDateTime>
                    <p:DateTimeString formatCode="304">20220304121459Z</p:DateTimeString>
                </p:AcceptanceDateTime>
                <p:FunctionCode>9</p:FunctionCode>
                <p:FunctionalReferenceID>E3.4sc1.3_0403DEC1</p:FunctionalReferenceID>
                <p:TypeCode>EXC</p:TypeCode>
                <p:ProcedureCategory>C1</p:ProcedureCategory>
                <p:GoodsItemQuantity>1</p:GoodsItemQuantity>
                <p:Agent>
                    <p:ID>GB427168118378</p:ID>
                    <p:FunctionCode>2</p:FunctionCode>
                </p:Agent>
                <p:AuthorisationHolder>
                    <p:SequenceNumeric>1</p:SequenceNumeric>
                    <p:ID>GB150454489082</p:ID>
                    <p:CategoryCode>SDE</p:CategoryCode>
                </p:AuthorisationHolder>
                <p:AuthorisationHolder>
                    <p:SequenceNumeric>2</p:SequenceNumeric>
                    <p:ID>GB150454489082</p:ID>
                    <p:CategoryCode>IPO</p:CategoryCode>
                </p:AuthorisationHolder>
                <p:AuthorisationHolder>
                    <p:SequenceNumeric>3</p:SequenceNumeric>
                    <p:ID>GB150454489082</p:ID>
                    <p:CategoryCode>CSE</p:CategoryCode>
                </p:AuthorisationHolder>
                <p:BorderTransportMeans>
                    <p:ModeCode>4</p:ModeCode>
                </p:BorderTransportMeans>
                <p:Consignment>
                    <p:Carrier>
                        <p:ID>GB150454489082</p:ID>
                    </p:Carrier>
                    <p:ConsignmentItem>
                        <p:SequenceNumeric>1</p:SequenceNumeric>
                    </p:ConsignmentItem>
                    <p:Freight>
                        <p:PaymentMethodCode>C</p:PaymentMethodCode>
                    </p:Freight>
                    <p:Itinerary>
                        <p:SequenceNumeric>1</p:SequenceNumeric>
                        <p:RoutingCountryCode>GB</p:RoutingCountryCode>
                    </p:Itinerary>
                    <p:Itinerary>
                        <p:SequenceNumeric>2</p:SequenceNumeric>
                        <p:RoutingCountryCode>US</p:RoutingCountryCode>
                    </p:Itinerary>
                </p:Consignment>
                <p:Declarant>
                    <p:ID>GB427168118378</p:ID>
                </p:Declarant>
                <p:ExitOffice>
                    <p:ID>GB000014</p:ID>
                </p:ExitOffice>
                <p:Exporter>
                    <p:ID>GB150454489082</p:ID>
                </p:Exporter>
                <p:GoodsShipment>
                    <p:Consignee>
                        <p:Name>James Dunn</p:Name>
                        <p:Address>
                            <p:CityName>Colorado</p:CityName>
                            <p:CountryCode>US</p:CountryCode>
                            <p:Line>13748 PineCornicePt,ColoradoSprings</p:Line>
                            <p:PostcodeID>74859</p:PostcodeID>
                        </p:Address>
                    </p:Consignee>
                    <p:Consignment>
                        <p:ContainerCode>1</p:ContainerCode>
                        <p:DepartureTransportMeans>
                            <p:ID>GB427052534</p:ID>
                            <p:IdentificationTypeCode>41</p:IdentificationTypeCode>
                        </p:DepartureTransportMeans>
                        <p:GoodsLocation>
                            <p:Name>LGWLGWLGW</p:Name>
                            <p:TypeCode>A</p:TypeCode>
                            <p:Address>
                                <p:TypeCode>U</p:TypeCode>
                                <p:CountryCode>GB</p:CountryCode>
                            </p:Address>
                        </p:GoodsLocation>
                        <p:TransportEquipment>
                            <p:SequenceNumeric>1</p:SequenceNumeric>
                            <p:ID>CONU1234567</p:ID>
                            <p:Seal>
                                <p:SequenceNumeric>1</p:SequenceNumeric>
                                <p:ID>12345</p:ID>
                            </p:Seal>
                        </p:TransportEquipment>
                    </p:Consignment>
                    <p:Destination>
                        <p:CountryCode>US</p:CountryCode>
                    </p:Destination>
                    <p:GovernmentAgencyGoodsItem>
                        <p:SequenceNumeric>1</p:SequenceNumeric>
                        <p:AdditionalDocument>
                            <p:SequenceNumeric>1</p:SequenceNumeric>
                            <p:CategoryCode>C</p:CategoryCode>
                            <p:ID>GBIPO1504/544/89</p:ID>
                            <p:TypeCode>601</p:TypeCode>
                        </p:AdditionalDocument>
                        <p:AdditionalDocument>
                            <p:SequenceNumeric>2</p:SequenceNumeric>
                            <p:CategoryCode>C</p:CategoryCode>
                            <p:ID>GBSDE150454489082E20191113093111</p:ID>
                            <p:TypeCode>512</p:TypeCode>
                        </p:AdditionalDocument>
                        <p:AdditionalDocument>
                            <p:SequenceNumeric>3</p:SequenceNumeric>
                            <p:CategoryCode>C</p:CategoryCode>
                            <p:ID>GBCSE150454489082E20191113093111</p:ID>
                            <p:TypeCode>676</p:TypeCode>
                        </p:AdditionalDocument>
                        <p:AdditionalInformation>
                            <p:SequenceNumeric>1</p:SequenceNumeric>
                            <p:StatementCode>10200</p:StatementCode>
                            <p:StatementDescription>GEN45</p:StatementDescription>
                        </p:AdditionalInformation>
                        <p:Commodity>
                            <p:Description>Microchips for sound recording equipment, made using semiconductors</p:Description>
                        </p:Commodity>
                        <p:GovernmentProcedure>
                            <p:CurrentCode>31</p:CurrentCode>
                            <p:PreviousCode>51</p:PreviousCode>
                        </p:GovernmentProcedure>
                        <p:GovernmentProcedure>
                            <p:CurrentCode>1CS</p:CurrentCode>
                        </p:GovernmentProcedure>
                        <p:Packaging>
                            <p:SequenceNumeric>1</p:SequenceNumeric>
                            <p:MarksNumbersID>2379261ETT</p:MarksNumbersID>
                            <p:QuantityQuantity>10</p:QuantityQuantity>
                            <p:TypeCode>PK</p:TypeCode>
                        </p:Packaging>
                    </p:GovernmentAgencyGoodsItem>
                    <p:PreviousDocument>
                        <p:SequenceNumeric>1</p:SequenceNumeric>
                        <p:CategoryCode>Z</p:CategoryCode>
                        <p:ID>1GB150454489082-0403R1</p:ID>
                        <p:TypeCode>DCR</p:TypeCode>
                        <p:LineNumeric>1</p:LineNumeric>
                    </p:PreviousDocument>
                </p:GoodsShipment>
                <p:SupervisingOffice>
                    <p:ID>GBNTG004</p:ID>
                </p:SupervisingOffice>
            </p:Declaration>
        </p:FullDeclarationObject>
    </p:FullDeclarationDataDetails>
</p:DeclarationFullResponse>