<?xml version="1.0" encoding="UTF-8"?>
<!-- EDL – Movement message used for creating Goods Departure messages. This also covers the removal of goods back inland where an export is abandoned (Departaures) -->
<inv:inventoryLinkingMovementRequest xmlns:inv="http://gov.uk/customs/inventoryLinking/v1">
                   <inv:messageCode>EDL</inv:messageCode>
                   <inv:ucrBlock>
				 
                    <inv:ucr>1GB427168118378-127ID01</inv:ucr>
                        <inv:ucrType>D</inv:ucrType>
                   </inv:ucrBlock>
				     <!--DE 5/23: ID to give a unique position of the location. DVRDOVDVR Indicating Dover. This value has come from Declaration -->
                   <inv:goodsLocation>GBAUEUTEUTEUT</inv:goodsLocation>
				   <!-- This should be today's Date -->
                   <inv:goodsDepartureDateTime>2021-07-12T13:10:00</inv:goodsDepartureDateTime>
                    <inv:movementReference>Movement15</inv:movementReference>
								<inv:transportDetails>
                      <inv:transportID>11CSCLGLOBE</inv:transportID>
                      <inv:transportMode>1</inv:transportMode>
                      <inv:transportNationality>GB</inv:transportNationality>
                   </inv:transportDetails>
</inv:inventoryLinkingMovementRequest>

