<MetaData>
    <WCODataModelVersionCode>3.6</WCODataModelVersionCode>
    <WCOTypeName>RES</WCOTypeName>
    <ResponsibleCountryCode/>
    <ResponsibleAgencyName/>
    <AgencyAssignedCustomizationCode/>
    <AgencyAssignedCustomizationVersionCode/>
    <Response>
        <FunctionCode>01</FunctionCode>
        <FunctionalReferenceID>45a46b650d9e41a0ad343a26a3646f78</FunctionalReferenceID>
        <IssueDateTime>
            <DateTimeString formatCode="304">20220209154949Z</DateTimeString>
        </IssueDateTime>
        <Declaration>
            <AcceptanceDateTime>
                <DateTimeString formatCode="304">20220209154948Z</DateTimeString>
            </AcceptanceDateTime>
            <FunctionalReferenceID>TT_IM23a_v1.6_0902_01</FunctionalReferenceID>
            <ID>22GB1KO3OLCTE1NAR0</ID>
            <VersionID>1</VersionID>
        </Declaration>
    </Response>
</MetaData>