<MetaData>
    <WCODataModelVersionCode>3.6</WCODataModelVersionCode>
    <WCOTypeName>RES</WCOTypeName>
    <ResponsibleCountryCode/>
    <ResponsibleAgencyName/>
    <AgencyAssignedCustomizationCode/>
    <AgencyAssignedCustomizationVersionCode/>
    <Response>
        <FunctionCode>13</FunctionCode>
        <FunctionalReferenceID>c63da01bc28942b5b6d06d772582e7bd</FunctionalReferenceID>
        <IssueDateTime>
            <DateTimeString formatCode="304">20220209154949Z</DateTimeString>
        </IssueDateTime>
        <Bank>
            <ReferenceID>CITIGB2LLON</ReferenceID>
            <ID>GB25CITI08320011963155</ID>
        </Bank>
        <Status>
            <NameCode>4</NameCode>
        </Status>
        <Declaration>
            <FunctionalReferenceID>TT_IM23a_v1.6_0902_01</FunctionalReferenceID>
            <ID>22GB1KO3OLCTE1NAR0</ID>
            <VersionID>1</VersionID>
            <GoodsShipment>
                <GovernmentAgencyGoodsItem>
                    <SequenceNumeric>1</SequenceNumeric>
                    <Commodity>
                        <DutyTaxFee>
                            <AdValoremTaxBaseAmount currencyID="GBP">2000.00</AdValoremTaxBaseAmount>
                            <DeductAmount currencyID="GBP">0.00</DeductAmount>
                            <DutyRegimeCode>100</DutyRegimeCode>
                            <TaxRateNumeric>10.90</TaxRateNumeric>
                            <TypeCode>A50</TypeCode>
                            <Payment>
                                <TaxAssessedAmount currencyID="GBP">218.00</TaxAssessedAmount>
                                <PaymentAmount currencyID="GBP">218.00</PaymentAmount>
                            </Payment>
                        </DutyTaxFee>
                        <DutyTaxFee>
                            <AdValoremTaxBaseAmount currencyID="GBP">2000.00</AdValoremTaxBaseAmount>
                            <DeductAmount currencyID="GBP">0.00</DeductAmount>
                            <DutyRegimeCode>100</DutyRegimeCode>
                            <TaxRateNumeric>16.30</TaxRateNumeric>
                            <TypeCode>A90</TypeCode>
                            <Payment>
                                <TaxAssessedAmount currencyID="GBP">326.00</TaxAssessedAmount>
                                <PaymentAmount currencyID="GBP">326.00</PaymentAmount>
                            </Payment>
                        </DutyTaxFee>
                        <DutyTaxFee>
                            <AdValoremTaxBaseAmount currencyID="GBP">544.00</AdValoremTaxBaseAmount>
                            <DeductAmount currencyID="GBP">0.00</DeductAmount>
                            <DutyRegimeCode>100</DutyRegimeCode>
                            <TaxRateNumeric>20.00</TaxRateNumeric>
                            <TypeCode>B05</TypeCode>
                            <Payment>
                                <TaxAssessedAmount currencyID="GBP">108.80</TaxAssessedAmount>
                                <PaymentAmount currencyID="GBP">108.80</PaymentAmount>
                            </Payment>
                        </DutyTaxFee>
                        <DutyTaxFee>
                            <AdValoremTaxBaseAmount currencyID="GBP">2000.00</AdValoremTaxBaseAmount>
                            <DeductAmount currencyID="GBP">0.00</DeductAmount>
                            <DutyRegimeCode>100</DutyRegimeCode>
                            <TaxRateNumeric>20.00</TaxRateNumeric>
                            <TypeCode>B00</TypeCode>
                            <Payment>
                                <TaxAssessedAmount currencyID="GBP">400.00</TaxAssessedAmount>
                                <PaymentAmount currencyID="GBP">400.00</PaymentAmount>
                            </Payment>
                        </DutyTaxFee>
                    </Commodity>
                </GovernmentAgencyGoodsItem>
            </GoodsShipment>
        </Declaration>
    </Response>
</MetaData>