﻿	<md:MetaData
      xmlns="urn:wco:datamodel:WCO:DEC-DMS:2"
      xmlns:xsi="http://www.w3.org/2001/XMLSchema-instance"
      xmlns:clm63055="urn:un:unece:uncefact:codelist:standard:UNECE:AgencyIdentificationCode:D12B"
      xmlns:ds="urn:wco:datamodel:WCO:MetaData_DS-DMS:2"
      xmlns:md="urn:wco:datamodel:WCO:DocumentMetaData-DMS:2"
      xsi:schemaLocation="urn:wco:datamodel:WCO:DocumentMetaData-DMS:2 ../DocumentMetaData_2_DMS.xsd "    >
			<md:WCODataModelVersionCode>3.6</md:WCODataModelVersionCode>
			<md:WCOTypeName>DEC</md:WCOTypeName>
			<md:ResponsibleCountryCode>GB</md:ResponsibleCountryCode>
			<md:ResponsibleAgencyName>HMRC</md:ResponsibleAgencyName>
			<md:AgencyAssignedCustomizationVersionCode>v2.1</md:AgencyAssignedCustomizationVersionCode>
			<Declaration
        xmlns="urn:wco:datamodel:WCO:DEC-DMS:2"
        xmlns:clm5ISO42173A="urn:un:unece:uncefact:codelist:standard:ISO:ISO3AlphaCurrencyCode:2012-08-31"
        xmlns:clm63055="urn:un:unece:uncefact:codelist:standard:UNECE:AgencyIdentificationCode:D12B"
        xmlns:p1="urn:wco:datamodel:WCO:Declaration_DS:DMS:2"
        xmlns:udt="urn:un:unece:uncefact:data:standard:UnqualifiedDataType:6"
        xmlns:xsi="http://www.w3.org/2001/XMLSchema-instance"
        xsi:schemaLocation="urn:wco:datamodel:WCO:DEC-DMS:2 ../WCO_DEC_2_DMS.xsd " >

				<!--SCENARIO
Scenario: Type A Import of goods liable to Customs Duty, VAT and Excise Duty, being removed from a Customs Warehouse.
Goods subject to Quota

Type A Standard Declaration with 1 goods item
Procedure code 4071, with 000 (no additional procedure code)
Standard declaration: H1 additional declaration type A – Release for Free Circulation after Customs Warehousing
Importer EORI number: GB553202734852
Importer is not an AEO authorization holder
Self-representation used by the importer
Inventory linked Port - Tilbury
Commodity Code: 1604204005
-->

				<!--Function Code of 9 to represent an original declaration -->
				<FunctionCode>9</FunctionCode>
				<!-- DE 2/5: Traders own reference number – this must be unique to the transaction -->
				<FunctionalReferenceID>TC05_170320_002</FunctionalReferenceID>
				<!--DE 1/1: IM to represent an import declaration.-->
				<!--DE 1/2: A to represent a pre-lodged standard declaration-->
				<TypeCode>IMA</TypeCode>
				<!--DE 1/9: Total number of goods items on the declaration - single item declaration.-->
				<GoodsItemQuantity>1</GoodsItemQuantity>
				<!--6/18: Total packages -  250. Note that this matches DE 6/10 because this is a single item declaration.-->
				<TotalPackageQuantity>250</TotalPackageQuantity>
				<!--DE 2/6: The DAN account used for deferred payment (for customs duty, VAT and excise duty in this scenario)
        This declared DAN belongs to the importer declared on the declaration.-->
				<AdditionalDocument>
					<CategoryCode>1</CategoryCode>
					<ID>1108654</ID>
					<TypeCode>DAN</TypeCode>
				</AdditionalDocument>
				<!--DE 3/39: An authorisation type code of DPO indicates Deferment
        of payment authorisation. See DE 2/3 where a document code of C506 has been
        entered. The ID here is the EORI of the DPO authorised party. -->
				<AuthorisationHolder>
					<ID>GB553202734852</ID>
					<CategoryCode>DPO</CategoryCode>
				</AuthorisationHolder>
				<!--DE 3/39: An authorisation type code of CWP indicates operation of storage
        facilities for the customs warehousing of goods in a private customs warehouse
        The ID is the EORI number of the Private Customs Warehousekeeper. As per the
        import declaration completion guide, when goods are being removed from a private
        customs warehouse, the EORI number entered here must be the same as the
        Importer's EORI number declared in DE 3/16.-->
				<AuthorisationHolder>
					<ID>GB553202734852</ID>
					<CategoryCode>CWP</CategoryCode>
				</AuthorisationHolder>
				<!--DE 3/39: An authorisation type code of CGU is required where CCG authorisation
        is being declared or a waiver is being claimed. In this scenario, a waiver is being
        claimed. See DE 2/3 where a document code of C505 has been entered.
        The ID here is the EORI of the CCG authorised party.-->
				<AuthorisationHolder>
					<ID>GB553202734852</ID>
					<CategoryCode>CGU</CategoryCode>
				</AuthorisationHolder>
				<BorderTransportMeans>
					<!--DE 7/15: Country code of the nationality of the active means of transport
          crossing the border, in this case GB.-->
					<RegistrationNationalityCode>GB</RegistrationNationalityCode>
					<!--DE 7/4: ModeCode of 1 to represent Maritime/Sea transport as the
          mode of transport at the border-->
					<ModeCode>1</ModeCode>
				</BorderTransportMeans>
				<!--The EORI number of the declarant entering the declaration to CDS (self rep in this scenario)
        The UK requires an EORI to be provided for the declarant even when it is the same  as DE 3/16 (Importer)-->
				<Declarant>
					<ID>GB553202734852</ID>
				</Declarant>
				<!--DE 3/1:Indicates the last seller of the goods prior to their importation into the EU.
        Exporter name and address is mandatory where no recognised EORI
        number has been entered into DE 3/2-->
				<Exporter>
					<Name>US Trading Commodities Inc.</Name>
					<Address>
						<CityName>New York</CityName>
						<CountryCode>US</CountryCode>
						<Line>1 Trade Street</Line>
						<PostcodeID>NY1 234</PostcodeID>
					</Address>
				</Exporter>
				<GoodsShipment>
					<Consignment>
						<!--DE 7/2:  Indicator to show if goods are packed in a container or not.
            1 indicates that goods are transported in containers.
            Note: Unlike CHIEF this must now be completed-->
						<ContainerCode>1</ContainerCode>
						<ArrivalTransportMeans>
							<!--DE 7/9:  Identity of means of transport on arrival.
              Example number representing IMO ship identification number:
              ‘10’, and 5 digits for the identification number: ‘12345’.-->
							<ID>12345</ID>
							<IdentificationTypeCode>10</IdentificationTypeCode>
							<!--DE 7/5: Inland Mode of Transport - 3 to represent Road Transport.
              This is required as customs procedures are completed away from the border.-->
							<ModeCode>3</ModeCode>
						</ArrivalTransportMeans>
						<GoodsLocation>
							<!--DE 5/23:The location code for the Customs Warehouse. .-->
							<Name>CWU1234777GB</Name>
							<!--DE 5/23: Type of Location - B is used to identify inland locations such as customs warehouses.-->
							<TypeCode>B</TypeCode>
							<Address>
								<!--DE 5/23: Type of ID of the Location - Y is used where the goods location is identified by an authorisation number.-->
								<TypeCode>Y</TypeCode>
								<!--DE 5/23: Country code of the country where the goods may be examined, GB in this scenario.-->
								<CountryCode>GB</CountryCode>
							</Address>
						</GoodsLocation>
					</Consignment>
					<CustomsValuation>
						<!--DE 4/9: Additions and deductions. AK representing Insurance costs.
						50 GBP to be deducted
						Note: This DE is Mandatory if there are amounts to be added or deducted but which have not already been accounted for in the declared value -->
						<ChargeDeduction>
							<ChargesTypeCode>AK</ChargesTypeCode>
							<OtherChargeDeductionAmount currencyID="GBP">50</OtherChargeDeductionAmount>
						</ChargeDeduction>
					</CustomsValuation>
					<!--DE 5/8: Country code of the destination country, in this case GB.-->
					<Destination>
						<CountryCode>GB</CountryCode>
					</Destination>
					<!--DE 5/14: Country code for the country from which the goods were originally despatched, in this case ME representing Montenegro.-->
					<ExportCountry>
						<ID>ME</ID>
					</ExportCountry>
					<GovernmentAgencyGoodsItem>
						<!--DE 1/6: Sequential number of the goods item.-->
						<SequenceNumeric>1</SequenceNumeric>
						<!--DE 8/6: Enter the statistical value for the goods item in GBP, irrespective of the currency used in Invoice Currency.
						Note: This DE requires completion until the CDS gap is closed. -->
						<StatisticalValueAmount currencyID="GBP">562.50</StatisticalValueAmount>
						<!-- 8/5: Nature of Transaction - 1 Representing Transactions involving actual or intended transfer of ownership from residents to non-residents against financial or other compensation -->
						<TransactionNatureCode>1</TransactionNatureCode>
						<!--DE 2/3: A document code of C517 indicates CWP - Authorisation
            for the operation of storage facilities for the customs warehousing of goods in a private customs warehouse.
            ID contains the warehouse ID listed in 2/7-->
						<AdditionalDocument>
							<CategoryCode>C</CategoryCode>
							<ID>GBCWP55320273485220190607191400</ID>
							<TypeCode>517</TypeCode>
						</AdditionalDocument>
						<!-- DE 2/3: C506 indicates DPO - Authorisation for the deferment of payment.  Provide the authorisation decision number
            for the deferment of payment authorisation in the format:
            - 2 digit code identifying the member state of authorisation, for example, GB
            - 3 digit code indicating that a deferment of payment authorisation is held, that is, DPO
            - followed by the authorisation reference number. No document status code is required.-->
						<AdditionalDocument>
							<CategoryCode>C</CategoryCode>
							<ID>GBDPO1108654</ID>
							<TypeCode>506</TypeCode>
						</AdditionalDocument>
						<!--DE 2/3: A document code of C505 indicates ‘CGU - Authorisation for the provision of a
            comprehensive guarantee, including possible reduction or waiver.
            In this scenario, a waiver to the CCG authorisation is being used (indicated by
            the status code of "CC"), and therefore the ID also indicates that a waiver is being used.-->
						<AdditionalDocument>
							<CategoryCode>C</CategoryCode>
							<ID>GBCGUGuaranteenotrequired</ID>
							<TypeCode>505</TypeCode>
							<LPCOExemptionCode>CC</LPCOExemptionCode>
						</AdditionalDocument>
						<!--DE 2/3: A document code of N935 indicates the invoice on the basis of which
             the customs value of the goods is declared. This is required as a Valuation Method
             of 1 to indicate transaction value has been declared in DE 4/16.
            Document code of AC indicates Document attached for certification by customs-->
						<AdditionalDocument>
							<CategoryCode>N</CategoryCode>
							<ID>0054037-0054047</ID>
							<TypeCode>935</TypeCode>
							<LPCOExemptionCode>AC</LPCOExemptionCode>
						</AdditionalDocument>
						<!--DE 2/3: A document code of C673 indicates a Catch certificate to prevent, deter and eliminate illegal, unreported and unregulated fishing.
            Document code of AE in this scenario indicates 	Document attached exhausted by (or only applies to) this entry (document returned to the trader)-->
						<AdditionalDocument>
							<CategoryCode>C</CategoryCode>
							<ID>0054087-0054097</ID>
							<TypeCode>673</TypeCode>
							<LPCOExemptionCode>AE</LPCOExemptionCode>
						</AdditionalDocument>
						<!--DE 2/3: A document code of Y088 indicates Request for preferential treatment for Montenegro. This preference is indicated in DE 5/16.
            	Enter the reference number of the preference document.
            In this scenario, a status code of GE indicates Document with the goods – exhausted by (or only applies to) this entry-->
						<AdditionalDocument>
							<CategoryCode>Y</CategoryCode>
							<ID>GBGSP1234</ID>
							<TypeCode>088</TypeCode>
							<LPCOExemptionCode>GE</LPCOExemptionCode>
						</AdditionalDocument>
						<!--DE 2/3: A document code of N853 indicates Common Veterinary Entry Document (CVED) in accordance with Regulation (EC) No. 136/2004, used for veterinary check on products.
            Enter GBCVD and the reference number of the CVED. A separate N853 entry in DE 2/3 is required for each individual CVED.
            Document code of AE in this scenario indicates document attached is exhausted by (or only applies to) this entry (document returned to the trader)-->
						<AdditionalDocument>
							<CategoryCode>N</CategoryCode>
							<ID>GBCVED1234</ID>
							<TypeCode>853</TypeCode>
							<LPCOExemptionCode>AE</LPCOExemptionCode>
						</AdditionalDocument>
						<!--DE 2/3: A document code of C644 indicates certificate of inspection for organic products. This is required due to the commodity declared: Curried fish balls
            Enter the reference number of the certificate.
            In this scenario, a document code of GE indicates Document with the goods – exhausted by (or only applies to) this entry-->
						<AdditionalDocument>
							<CategoryCode>C</CategoryCode>
							<ID>GBMEOGA1234</ID>
							<TypeCode>644</TypeCode>
							<LPCOExemptionCode>GE</LPCOExemptionCode>
						</AdditionalDocument>
						<!--DE 2/2: Additional information. 00500 Indicating Self representation by the importer -->
						<AdditionalInformation>
							<StatementCode>00500</StatementCode>
							<StatementDescription>IMPORTER</StatementDescription>
						</AdditionalInformation>
						<Commodity>
							<!--DE 6/8: Description of the goods.-->
							<Description>Curried Fish Balls (of anchovies) including wheat starch, salt, sugar, and compound condiments</Description>
							<!--DE 6/14: Commodity code - combined nomenclature code.
							Note: this commodity code has been effective from 22/10/19, therefore payload receipt date should be set to past this.-->
							<Classification>
								<ID>16042040</ID>
								<IdentificationTypeCode>TSP</IdentificationTypeCode>
							</Classification>
							<!--DE 6/15: Commodity code - TARIC code.-->
							<Classification>
								<ID>05</ID>
								<IdentificationTypeCode>TRC</IdentificationTypeCode>
							</Classification>
							<DutyTaxFee>
								<!--DE 4/17: Preference Type of 320 indicates Tariff quota. The preferential rate is only applicable within the limits of a quota. In these cases the serial number of the quota is mentioned beside the preferential duty rate in the printed version of the TARIC.-->
								<DutyRegimeCode>320</DutyRegimeCode>
								<!--DE 4/3: Calculation of taxes - Tax type. In this scenario, A00 indicating	Customs duties  -->
								<TypeCode>A00</TypeCode>
								<!--DE 4/8: MethodCode of E to indicate Deferment used for customs duty .-->
								<Payment>
									<MethodCode>E</MethodCode>
								</Payment>
							</DutyTaxFee>
							<DutyTaxFee>
								<!--DE 4/17: Preference Type of 320 indicates Tariff quota. The preferential rate is only applicable within the limits of a quota. In these cases the serial number of the quota is mentioned beside the preferential duty rate in the printed version of the TARIC.-->
								<!-- <DutyRegimeCode>320</DutyRegimeCode> -->

								<!-- BRs BR474_173 and BR244_107 require Duty Regime Code only once -->

								<!--DE 8/1: Quota order number. This is mandatory as a full quota is being claimed -->
								<QuotaOrderID>091525</QuotaOrderID>
								<!--DE 4/8: MethodCode of E to indicate Deferment used for customs duty .-->
								<Payment>
									<MethodCode>E</MethodCode>
								</Payment>
							</DutyTaxFee>

							<GoodsMeasure>
								<!-- DE 6/5: Gross mass of the goods in kilograms including packaging. Note, there is no need to include a unitcode indicating KG -->
								<GrossMassMeasure>600</GrossMassMeasure>
								<!-- DE 6/1: Net mass of the goods in kilograms without any packaging. Note, there is no need to include a unitcode indicating KG -->
								<NetNetWeightMeasure>500</NetNetWeightMeasure>
							</GoodsMeasure>
							<!--DE 4/14:  Item price amount. The invoice was issued with of a value of 400 and the currency was in GBP.-->
							<InvoiceLine>
								<ItemChargeAmount currencyID="GBP">400</ItemChargeAmount>
							</InvoiceLine>
							<!-- DE 7/10: Container identification number.  Example container identification number: alpha numeric to a total of 17 characters-->
							<TransportEquipment>
								<SequenceNumeric>1</SequenceNumeric>
								<ID>AD12345</ID>
							</TransportEquipment>
						</Commodity>
						<!-- DE 4/16: Valuation Method 1 - transaction value-->
						<CustomsValuation>
							<MethodCode>1</MethodCode>
							<!--DE 4/9: Additions and deductions. BC representing Import duties or other charges payable in the Union for reason of the import or sale of goods (I) 100 GBP to be deducted
							Note: This DE is Mandatory if there are amounts to be added or deducted but which have not already been accounted for in the declared value -->
							<ChargeDeduction>
								<ChargesTypeCode>BC</ChargesTypeCode>
								<OtherChargeDeductionAmount currencyID="GBP">100</OtherChargeDeductionAmount>
							</ChargeDeduction>
						</CustomsValuation>

						<GovernmentProcedure>
							<!--DE 1/10: Requested Procedure of 40 indicating entry for free circulation and home use of goods.-->
							<CurrentCode>40</CurrentCode>
							<!--DE 1/10: Previous Procedure of 71 indicating goods are being removed from a customs warehouse.-->
							<PreviousCode>71</PreviousCode>
						</GovernmentProcedure>
						<!--DE 1/11: 000 to indicate no additional procedure.-->
						<GovernmentProcedure>
							<CurrentCode>000</CurrentCode>
						</GovernmentProcedure>
						<!--DE 5/16: ME repesenting Montenegro.
						Where preference in D.E. 4/17 begins with a number other than ‘1’, this must be completed.
						DE 2/3 provides Y088, a request for preferential treatment for Montenegro.-->
						<Origin>
							<CountryCode>ME</CountryCode>
							<TypeCode>2</TypeCode>
						</Origin>

						<!-- DE 5/15- Note: See KEL ID#239. This Data Element has been added otherwise declaration is rejected with BR675_1328 and BR675_1332-->
						<Origin>
							<CountryCode>ME</CountryCode>
							<TypeCode>1</TypeCode>
						</Origin>

						<Packaging>
							<SequenceNumeric>1</SequenceNumeric>
							<!-- DE 6/11: Shipping marks on the packages-->
							<MarksNumbersID>ADRN123456123</MarksNumbersID>
							<!-- DE 6/10: Number of packages, in this case 250. Note that this matches DE 6/18 because this is a single item declaration.-->
							<QuantityQuantity>250</QuantityQuantity>
							<!-- DE 6/9: Type of packages - BX to represent Box-->
							<TypeCode>BX</TypeCode>
						</Packaging>
						<PreviousDocument>
							<!--DE 2/1: ZZZZ To represent the warehouse stock reference number. -->
							<CategoryCode>Z</CategoryCode>
							<ID>STK77471</ID>
							<TypeCode>ZZZ</TypeCode>
						</PreviousDocument>
						<!--DE 4/13 Valudation indicators. This DE is mandatory when Method 1 is used.
            First digit: 0 = there is no price influence as a result of a Party Relationship between the buyer and seller.
            Second digit: 0 = there are no restrictions as to the disposal or use of the goods by the buyer in accordance with Article 70(3)(a) of the Code.
            Third digit: 0 = the sale or price is not subject to some condition or consideration in accordance with Article 70(3)(b) of the Code.
            Fourth digit: 0 = the sale is not subject to an arrangement under which part of the proceeds of any subsequent resale, disposal or use accrues directly or indirectly to the seller.-->
						<ValuationAdjustment>
							<AdditionCode>0000</AdditionCode>
						</ValuationAdjustment>
					</GovernmentAgencyGoodsItem>
					<!--DE 3/16: EORI number of the Importer.-->
					<Importer>
						<ID>GB553202734852</ID>
					</Importer>
					<!--DE 2/1 : The DUCR assigned to the consignment
					Note: document class Y used for DUCR as sup dec.
					As this is for a single item declaration, this should all be declared at header level.
					In CDS, the MUCR (MCR) is not required on a sup dec.-->
					<PreviousDocument>
						<CategoryCode>Y</CategoryCode>
						<ID>9GB553202734852-20191107</ID>
						<TypeCode>DCR</TypeCode>
						<LineNumeric>1</LineNumeric>
					</PreviousDocument>
					<!-- DE 4/1: Mandatory as method 1 is being used in DE 4/16. DDPGBPTIL To represent the following delivery terms: Delivered Duty Paid to Tilbury, UK-->
					<TradeTerms>
						<ConditionCode>DDP</ConditionCode>
						<LocationID>GBTIL</LocationID>
					</TradeTerms>
					<!-- DE 2/7: Warehouse type of U to represent private warehouse.
					ID contains the private warehouse ID.-->
					<Warehouse>
						<ID>1234777GB</ID>
						<TypeCode>U</TypeCode>
					</Warehouse>
				</GoodsShipment>
				<!--DE 8/3:  Guarantee reference number.
          Where document code C505 is declared in DE 2/3 (Document Codes)
          and authorisation type code CGU is declared in DE 3/39
          (Holder of the Authorisation), then this data element is mandatory
          ID indicates that the guarantee is not required, as stated in DE 8/2-->
				<ObligationGuarantee>
					<ID>Guaranteenotrequired</ID>
					<!--DE 8/2:  Guarantee type.  0 to represent that a customs
          comprehensive guarantee is being waived for the deferment of customs duty.
          Where document code C505 is declared in DE 2/3 (Document Codes) and
          authorisation type code CGU is declared in DE 3/39
          (Holder of the Authorisation), then code ‘0’ or ‘1’ must be declared
          in this data element-->
					<SecurityDetailsCode>0</SecurityDetailsCode>
				</ObligationGuarantee>
				<!--DE 5/27: The supervising office for the authorization using the appropriate SPOFF code.
				In this scenario, this is Leeds, Peter Bennett House (Customs Authorisations & Reviews Team)-->
				<SupervisingOffice>
					<ID>GBLBA001</ID>
				</SupervisingOffice>

			</Declaration>
		</md:MetaData>
