<MetaData>
    <WCODataModelVersionCode>3.6</WCODataModelVersionCode>
    <WCOTypeName>RES</WCOTypeName>
    <ResponsibleCountryCode/>
    <ResponsibleAgencyName/>
    <AgencyAssignedCustomizationCode/>
    <AgencyAssignedCustomizationVersionCode/>
    <Response>
        <FunctionCode>07</FunctionCode>
        <FunctionalReferenceID>29ed2adae5f14accb91170ab1dfd9c31</FunctionalReferenceID>
        <IssueDateTime>
            <DateTimeString formatCode="304">20210709105007Z</DateTimeString>
        </IssueDateTime>
        <AdditionalInformation>
            <StatementDescription>Amending item price as a mistake was made on the declaration.</StatementDescription>
            <StatementTypeCode>AES</StatementTypeCode>
            <Pointer>
                <SequenceNumeric>1</SequenceNumeric>
                <DocumentSectionCode>07B</DocumentSectionCode>
            </Pointer>
            <Pointer>
                <SequenceNumeric>1</SequenceNumeric>
                <DocumentSectionCode>06A</DocumentSectionCode>
            </Pointer>
        </AdditionalInformation>
        <Amendment>
            <ChangeReasonCode>21</ChangeReasonCode>
            <Pointer>
                <DocumentSectionCode>42A</DocumentSectionCode>
            </Pointer>
            <Pointer>
                <DocumentSectionCode>67A</DocumentSectionCode>
            </Pointer>
            <Pointer>
                <SequenceNumeric>1</SequenceNumeric>
                <DocumentSectionCode>68A</DocumentSectionCode>
            </Pointer>
            <Pointer>
                <DocumentSectionCode>23A</DocumentSectionCode>
            </Pointer>
            <Pointer>
                <DocumentSectionCode>79A</DocumentSectionCode>
                <TagID>112</TagID>
            </Pointer>
        </Amendment>
        <Declaration>
            <FunctionalReferenceID>TT_IM02b_v2.0_0907_01</FunctionalReferenceID>
            <ID>21GB7IPC4RU10EYJR8</ID>
            <VersionID>2</VersionID>
        </Declaration>
        <Declaration>
            <FunctionCode>9</FunctionCode>
            <GoodsShipment>
                <GovernmentAgencyGoodsItem>
                    <SequenceNumeric>1</SequenceNumeric>
                    <Commodity>
                        <InvoiceLine>
                            <ItemChargeAmount currencyID="GBP">999.0</ItemChargeAmount>
                        </InvoiceLine>
                    </Commodity>
                </GovernmentAgencyGoodsItem>
            </GoodsShipment>
        </Declaration>
    </Response>
</MetaData>