<MetaData>
    <WCODataModelVersionCode>3.6</WCODataModelVersionCode>
    <WCOTypeName>RES</WCOTypeName>
    <ResponsibleCountryCode/>
    <ResponsibleAgencyName/>
    <AgencyAssignedCustomizationCode/>
    <AgencyAssignedCustomizationVersionCode/>
    <Response>
        <FunctionCode>02</FunctionCode>
        <FunctionalReferenceID>88848251f62443bba3ac3f920ca9acc2</FunctionalReferenceID>
        <IssueDateTime>
            <DateTimeString formatCode="304">20210517123815Z</DateTimeString>
        </IssueDateTime>
        <Declaration>
            <FunctionalReferenceID>TT_IM33b_v1.2_1705_02</FunctionalReferenceID>
            <ID>21GB5F2VTXZ3KTZZR2</ID>
            <VersionID>1</VersionID>
        </Declaration>
    </Response>
</MetaData>