<md:MetaData
	xmlns="urn:wco:datamodel:WCO:DEC-DMS:2"
	xmlns:xsi="http://www.w3.org/2001/XMLSchema-instance"
	xmlns:clm63055="urn:un:unece:uncefact:codelist:standard:UNECE:AgencyIdentificationCode:D12B"
	xmlns:ds="urn:wco:datamodel:WCO:MetaData_DS-DMS:2"
	xmlns:md="urn:wco:datamodel:WCO:DocumentMetaData-DMS:2"
	xsi:schemaLocation="urn:wco:datamodel:WCO:DocumentMetaData-DMS:2 ../DocumentMetaData_2_DMS.xsd "
>
	<md:WCODataModelVersionCode>3.6</md:WCODataModelVersionCode>
	<md:WCOTypeName>DEC</md:WCOTypeName>
	<md:ResponsibleCountryCode>GB</md:ResponsibleCountryCode>
	<md:ResponsibleAgencyName>HMRC</md:ResponsibleAgencyName>
	<md:AgencyAssignedCustomizationVersionCode>v2.1</md:AgencyAssignedCustomizationVersionCode>
	<Declaration
		xmlns="urn:wco:datamodel:WCO:DEC-DMS:2"
		xmlns:clm5ISO42173A="urn:un:unece:uncefact:codelist:standard:ISO:ISO3AlphaCurrencyCode:2012-08-31"
		xmlns:clm63055="urn:un:unece:uncefact:codelist:standard:UNECE:AgencyIdentificationCode:D12B"
		xmlns:p1="urn:wco:datamodel:WCO:Declaration_DS:DMS:2"
		xmlns:udt="urn:un:unece:uncefact:data:standard:UnqualifiedDataType:6"
		xmlns:xsi="http://www.w3.org/2001/XMLSchema-instance"
		xsi:schemaLocation="urn:wco:datamodel:WCO:DEC-DMS:2 ../WCO_DEC_2_DMS.xsd "
	>
		<!--
			***
			Note KEL 208: DE 7/7 Identity of means of transport at the border is currently being incorrectly mandated on B4 and C1 declarations when DE 7/4 Mode of transport at the border is coded 1(Maritime), 3(Road), 4(Air), 8(Inland Waterway) or 9(Mode Unknown). Until this is resolved, it will be necessary to complete both components of DE 7/7 in these circumstances. 
			***
			
			SCENARIO:
			Type C Exports standalone simplified Declaration
			Re-export of goods previously entered to Inward Processing (IP)

			Type – C simplified export Declaration moves to
			Type C - Re-Arrived simplified Export declaration
			Procedure code 3151
			Data set category C1
			This scenario covers the presentation of a simplified declaration from a Customs Supervised Exports (CSE) based trader.
			The declaration will therefore quote or need to quote an approved CSE based location.
			For the generation of movement messages the declared C declaration will equate to a Re-Arrival at the UK Frontier Port.
			Steps for execution:
			Step 1 - Declaration with 1 DUCR only
			Step 2 - EAL Message with 1 DUCR only
			Step 3 - EDL Message with 1 DUCR only
			Expected notifications
			Where declaration is accepted and validation successful - DMSACC - ( Function Code 01)
			Where declaration is cleared of the goods - DMSCLE - ( Function Code 09)
			Where declaration is finalised and the goods have exited - DMSEOG - ( Function Code 16)
			
			Note that declarations for CSE controlled goods require:
			- DE 1/2 Additional Declaration Type to reflect the new approach of the declaration being declared as "Arrived" i.e. Types A, B or C.
			- DE 1/11 Additional Procedure Code 1CS - this is a CDS workaround pending confirmation or a new solution to provide CSE functionality (as the Tariff currently does not include this code).
			- DE 3/39 Holder of the Authorisation quoting the CSE authorisation.
			- DE 5/23 Location of Goods to reflect the approved CSE inland location.
		-->

		<!--Function Code of 9 to represent an original declaration.-->
		<FunctionCode>9</FunctionCode>
		<!-- DE 2/5: The unique trader assigned reference to the declaration -->
		<FunctionalReferenceID>E3.4sc1.3_0712HH07</FunctionalReferenceID>
		<IssueDateTime>
			<p1:DateTimeString formatCode="304">20210302090000+01</p1:DateTimeString>
		</IssueDateTime>
		<!--DE 1/1: EX to represent an Export declaration.-->
		<!--DE 1/2: C to represent a simplified frontier declaration with regular use (pre-authorised)-->
		<TypeCode>EXC</TypeCode>
		<!--DE 1/9: Total number of goods items on the declaration.-->
		<GoodsItemQuantity>1</GoodsItemQuantity>
		<!--DE 3/20 DE 3/20: ID of the representative. When declared, the UK requires an EORI to be provided for the representative. -->
		<Agent>
			<ID>GB427168118378</ID>
			<!-- DE 3/21: Representative Status Code Declares the way in which the declarant is representing the Exporter. In this case, 2 indicates a direct representation (holding written instruction to do so) -->
			<FunctionCode>2</FunctionCode>
		</Agent>
		<!-- DE 3/39: Holder of the authorisation identification number. This data element is only mandatory where an authorisation is required to declare the goods.
		An authorisation type code of SDE is required for authorisation to make a simplified declaration -->
		<AuthorisationHolder>
			<ID>GB150454489082</ID>
			<CategoryCode>SDE</CategoryCode>
		</AuthorisationHolder>
		<!-- DE 3/39: An authorisation type code of IPO indicates Authorisation for the use of inward processing procedure -->
		<AuthorisationHolder>
			<ID>GB150454489082</ID>
			<CategoryCode>IPO</CategoryCode>
		</AuthorisationHolder>
		<!-- DE 3/39: An authorisation type code of CSE indicates Customs Supervised Exports authorisation issued by the competent authorities of the Member States -->
		<AuthorisationHolder>
			<ID>GB150454489082</ID>
			<CategoryCode>CSE</CategoryCode>
		</AuthorisationHolder>
		<!--DE 7/4: Mode of Transport at the Border.
			ModeCode of 4 to represent Air transport transport as the mode of transport at the border. -->
		<BorderTransportMeans>
			<ModeCode>4</ModeCode>
		</BorderTransportMeans>
		<Consignment>
			<!--DE 3/32: Carrier identification number-->
			<Carrier>
				<ID>GB150454489082</ID>
			</Carrier>
			<!--DE 4/2: Transport charges method of payment. C indicating 	Payment by cheque -->
			<Freight>
				<PaymentMethodCode>C</PaymentMethodCode>
			</Freight>
			<!--DE 5/18: Countries of routing codes. GBUS indicating routing from elsewhere to US through UK for IP -->
			<Itinerary>
				<SequenceNumeric>1</SequenceNumeric>
				<RoutingCountryCode>GB</RoutingCountryCode>
			</Itinerary>
			<Itinerary>
				<SequenceNumeric>2</SequenceNumeric>
				<RoutingCountryCode>US</RoutingCountryCode>
			</Itinerary>
		</Consignment>
		<Declarant>
			<!--DE 3/18: EORI number of the Declarant. -->
			<ID>GB427168118378</ID>
		</Declarant>
		<!--DE 5/12 Customs office of exit. In this case indicating Direct Export from Belfast International Airport -->
		<ExitOffice>
			<ID>GB000014</ID>
		</ExitOffice>
		<!--DE 3/2: EORI number of the Exporter. -->
		<Exporter>
			<ID>GB150454489082</ID>
		</Exporter>
		<GoodsShipment>
			<!-- DE 3/9: Consignee name and address details -->
			<Consignee>
				<Name>James Dunn</Name>
				<Address>
					<CityName>Colorado</CityName>
					<CountryCode>US</CountryCode>
					<Line>13748 PineCornicePt,ColoradoSprings</Line>
					<PostcodeID>74859</PostcodeID>
				</Address>
			</Consignee>
			<Consignment>
				<!--DE 7/2: 1 to indicate that the goods are transported in containers.-->
				<ContainerCode>1</ContainerCode>
				<!--DE 7/7: Identity of the means of transport at departure.
					GB427052534 indicating registration number and identification type of the means of transport - in this scenario, 41 indicating aircraft registration number.
					***
					Note KEL 208: DE 7/7 Identity of means of transport at the border is currently being incorrectly mandated on B4 and C1 declarations when DE 7/4 Mode of transport at the border is coded 1(Maritime), 3(Road), 4(Air), 8(Inland Waterway) or 9(Mode Unknown). Until this is resolved, it will be necessary to complete both components of DE 7/7 in these circumstances. ***
					-->
				<DepartureTransportMeans>
					<ID>GB427052534</ID>
					<IdentificationTypeCode>41</IdentificationTypeCode>
				</DepartureTransportMeans>
				<!--DE 5/23: ID to give a unique position of the location. GBBYIP as Inward Processing
					Country code of the country where the goods may be examined, GB in this scenario. -->
				<GoodsLocation>
					<Name>LGWLGWLGW</Name>
					<TypeCode>A</TypeCode>
					<Address>
						<TypeCode>U</TypeCode>
						<CountryCode>GB</CountryCode>
					</Address>
				</GoodsLocation>
				<TransportEquipment>
					<!--DE 7/10: Container identification number.-->
					<SequenceNumeric>1</SequenceNumeric>
					<ID>CONU1234567</ID>
					<!--DE 7/18: Seal number-->
					<Seal>
						<SequenceNumeric>1</SequenceNumeric>
						<ID>12345</ID>
					</Seal>
				</TransportEquipment>
			</Consignment>
			<!--DE 5/8: Country code of the destination country, in this case US.-->
			<Destination>
				<CountryCode>US</CountryCode>
			</Destination>
			<!--DE 1/6: Sequential number of the goods item.-->
			<GovernmentAgencyGoodsItem>
				<SequenceNumeric>1</SequenceNumeric>
				<!--DE 2/3: A document code of C601 indicates IPO - authorisation for the use of inward processing procedure -->
				<AdditionalDocument>
					<CategoryCode>C</CategoryCode>
					<ID>GBIPO1504/544/89</ID>
					<TypeCode>601</TypeCode>
				</AdditionalDocument>
				<!--DE 2/3: A document code of C512 indicates SDE - authorisation to use simplified declaration -->
				<AdditionalDocument>
					<CategoryCode>C</CategoryCode>
					<ID>GBSDE150454489082E20191113093111</ID>
					<TypeCode>512</TypeCode>
				</AdditionalDocument>
				<!--DE 2/3: A document code of C676 indicates Export authorisation issued by the competent authorities of the member states. CSE is used to indicate custom supervised export -->
				<AdditionalDocument>
					<CategoryCode>C</CategoryCode>
					<ID>GBCSE150454489082E20191113093111</ID>
					<TypeCode>676</TypeCode>
				</AdditionalDocument>
				<!--DE 2/2: Additional information, in this case GEN45 to indicate unique reference number allocated to the consignment -->
				<AdditionalInformation>
					<StatementCode>10200</StatementCode>
					<StatementDescription>GEN45</StatementDescription>
				</AdditionalInformation>
				<Commodity>
					<!--DE 6/8:  Description of the goods specific enough to enable classification.-->
					<Description>Microchips for sound recording equipment, made using semiconductors</Description>
				</Commodity>
				<GovernmentProcedure>
					<!--DE 1/10: Requested Procedure of 31 51 indicating Re-export
					 of goods previously entered to inward processing-->
					<CurrentCode>31</CurrentCode>
					<PreviousCode>51</PreviousCode>
				</GovernmentProcedure>
				<!--DE 1/11: Additional Procedure. 
					The code 1CS is a CDS workaround pending confirmation or a new solution to provide CSE functionality (as the Tariff currently does not include this code). -->
				<GovernmentProcedure>
					<CurrentCode>1CS</CurrentCode>
				</GovernmentProcedure>
				<Packaging>
					<SequenceNumeric>1</SequenceNumeric>
					<!--DE 6/11: Shipping marks on the packages.-->
					<MarksNumbersID>2379261ETT</MarksNumbersID>
					<!--DE 6/10: Number of packages, in this case 10.-->
					<QuantityQuantity>10</QuantityQuantity>
					<!--DE 6/9: Type of packages - PK to represent standard package unit-->
					<TypeCode>PK</TypeCode>
				</Packaging>
			</GovernmentAgencyGoodsItem>
			<!--DE 2/1: Previous document to show the DUCR assigned to the consignment.
			 This is a mandatory field. EORI matches the authorisor's EORI in 3/39-->
			<PreviousDocument>
				<CategoryCode>Z</CategoryCode>
				<ID>1GB150454489082-0712HH07</ID>
				<TypeCode>DCR</TypeCode>
				<LineNumeric>1</LineNumeric>
			</PreviousDocument>
		</GoodsShipment>
		<!--DE 5/27: Supervising customs office. The Supervising Office Code for the
			   HMRC Office overseeing the Customs Warehouse procedure. In this scenario, this
			   is Nottingham Customs Office.-->
		<SupervisingOffice>
			<ID>GBNTG004</ID>
		</SupervisingOffice>
	</Declaration>
</md:MetaData>
