
<MetaData xmlns:_2="urn:wco:datamodel:WCO:DocumentMetaData-DMS:2"><WCODataModelVersionCode>3.6</WCODataModelVersionCode><WCOTypeName>RES</WCOTypeName><ResponsibleCountryCode/><ResponsibleAgencyName/><AgencyAssignedCustomizationCode/><AgencyAssignedCustomizationVersionCode/><Response xmlns:_2_1="urn:wco:datamodel:WCO:RES-DMS:2">
      <FunctionCode>13</FunctionCode>
      <FunctionalReferenceID>f2fb77984d5c4c1aa973b43a9808d5c8</FunctionalReferenceID>
      <IssueDateTime>
        <DateTimeString formatCode="304" xmlns:_2_2="urn:wco:datamodel:WCO:Response_DS:DMS:2">20200124171302Z</DateTimeString>
      </IssueDateTime>
      <Bank>
        <ReferenceID>CITIGB2LLON</ReferenceID>
        <ID>GB25CITI08320011963155</ID>
      </Bank>
      <Status>
        <NameCode>4</NameCode>
      </Status>
      <Declaration>
        <FunctionalReferenceID>R260_E2E_TC17_025</FunctionalReferenceID>
        <ID>20GB0XVF9FMVCFGVR1</ID>
        <VersionID>2</VersionID>
        <GoodsShipment>
          <GovernmentAgencyGoodsItem>
            <SequenceNumeric>1</SequenceNumeric>
            <Commodity>
              <DutyTaxFee>
                <DeductAmount currencyID="GBP">0.00</DeductAmount>
                <DutyRegimeCode>100</DutyRegimeCode>
                <TypeCode>473</TypeCode>
                <Payment>
                  <TaxAssessedAmount currencyID="GBP">763.20</TaxAssessedAmount>
                  <PaymentAmount currencyID="GBP">763.20</PaymentAmount>
                </Payment>
              </DutyTaxFee>
              <DutyTaxFee>
                <AdValoremTaxBaseAmount currencyID="GBP">400.00</AdValoremTaxBaseAmount>
                <DeductAmount currencyID="GBP">0.00</DeductAmount>
                <DutyRegimeCode>100</DutyRegimeCode>
                <TaxRateNumeric>0.00</TaxRateNumeric>
                <TypeCode>A00</TypeCode>
                <Payment>
                  <TaxAssessedAmount currencyID="GBP">0.00</TaxAssessedAmount>
                  <PaymentAmount currencyID="GBP">0.00</PaymentAmount>
                </Payment>
              </DutyTaxFee>
              <DutyTaxFee>
                <AdValoremTaxBaseAmount currencyID="GBP">1390.80</AdValoremTaxBaseAmount>
                <DeductAmount currencyID="GBP">0.00</DeductAmount>
                <DutyRegimeCode>100</DutyRegimeCode>
                <TaxRateNumeric>20.00</TaxRateNumeric>
                <TypeCode>B00</TypeCode>
                <Payment>
                  <TaxAssessedAmount currencyID="GBP">278.16</TaxAssessedAmount>
                  <PaymentAmount currencyID="GBP">278.16</PaymentAmount>
                </Payment>
              </DutyTaxFee>
              <DutyTaxFee>
                <DeductAmount currencyID="GBP">0.00</DeductAmount>
                <DutyRegimeCode>100</DutyRegimeCode>
                <TypeCode>447</TypeCode>
                <Payment>
                  <TaxAssessedAmount currencyID="GBP">227.60</TaxAssessedAmount>
                  <PaymentAmount currencyID="GBP">227.60</PaymentAmount>
                </Payment>
              </DutyTaxFee>
            </Commodity>
          </GovernmentAgencyGoodsItem>
        </GoodsShipment>
      </Declaration>
    </Response></MetaData>
