﻿<md:MetaData xmlns="urn:wco:datamodel:WCO:DEC-DMS:2"
             xmlns:xsi="http://www.w3.org/2001/XMLSchema-instance"
             xmlns:clm63055="urn:un:unece:uncefact:codelist:standard:UNECE:AgencyIdentificationCode:D12B"
             xmlns:ds="urn:wco:datamodel:WCO:MetaData_DS-DMS:2"
             xmlns:md="urn:wco:datamodel:WCO:DocumentMetaData-DMS:2"
             xsi:schemaLocation="urn:wco:datamodel:WCO:DocumentMetaData-DMS:2 ../DocumentMetaData_2_DMS.xsd ">
	<md:WCODataModelVersionCode>3.6</md:WCODataModelVersionCode>
	<md:WCOTypeName>DEC</md:WCOTypeName>
	<md:ResponsibleCountryCode>GB</md:ResponsibleCountryCode>
	<md:ResponsibleAgencyName>HMRC</md:ResponsibleAgencyName>
	<md:AgencyAssignedCustomizationVersionCode>v2.1</md:AgencyAssignedCustomizationVersionCode>
	<Declaration xmlns="urn:wco:datamodel:WCO:DEC-DMS:2"
	             xmlns:clm5ISO42173A="urn:un:unece:uncefact:codelist:standard:ISO:ISO3AlphaCurrencyCode:2012-08-31"
	             xmlns:clm63055="urn:un:unece:uncefact:codelist:standard:UNECE:AgencyIdentificationCode:D12B"
	             xmlns:p1="urn:wco:datamodel:WCO:Declaration_DS:DMS:2"
	             xmlns:udt="urn:un:unece:uncefact:data:standard:UnqualifiedDataType:6"
	             xmlns:xsi="http://www.w3.org/2001/XMLSchema-instance"
	             xsi:schemaLocation="urn:wco:datamodel:WCO:DEC-DMS:2 ../WCO_DEC_2_DMS.xsd ">
		<!--
			SCENARIO
			Trader submits a Type A declaration to import steel from the ROW into NI.
			Goods imported and declared to free-circulation and home use of non-union goods, with no previous procedure
			Procedure code 4000 Additional Procedure code 
			Goods: Tubes, pipes and hollow profiles, seamless, of iron (other than cast iron) or steel)
			Frontier declaration: H1 additional declaration type A
			Importer is not an AEO authorisation holder
			Agent employed by the importer under direct rep.
			Quota Order Number not entered and the system calculates and charges additional EU Steel Safeguarding duty at the rate according to the EU Tariff. 
			An additional Definitive anti-dumping duty is also charged at the rate according to the EU Tariff. EU VAT will be calculated. UK VAT will be calculated.
			Goods presented at Belfast Port
			Expected Notifications (4): DMSACC, DMSTAX(1), DMSTAX(2) and DMSCLE 
		-->
			<!-- Acceptance Date is present on all supplementary declarations, and will match the CLE date listed in 2/1.-->
			<AcceptanceDateTime>
				<p1:DateTimeString formatCode="304">20210630112200+01</p1:DateTimeString>
			</AcceptanceDateTime>
		<!--Function Code of 9 to represent an original declaration-->
		<FunctionCode>9</FunctionCode>
		<!--DE 2/5: Traders own reference number: this must be unique to the transaction-->
		<FunctionalReferenceID>R310_NIP_TC13_1307_01</FunctionalReferenceID>
		<!--DE 1/1: IM to represent an import declaration-->
		<!--DE 1/2: A to represent a standard frontier declaration-->
		<TypeCode>IMY</TypeCode>
		<!--DE 1/9: Total number of goods items on the declaration - single item declaration.-->
		<GoodsItemQuantity>1</GoodsItemQuantity>
		<!--6/18: Total packages - 10. Note that this matches DE 6/10 because this is a single item declaration.-->
		<TotalPackageQuantity>10</TotalPackageQuantity>
		<!--DE 2/6: The DAN account used for deferred payment.
			This declared DAN belongs to the importer declared on the declaration.-->
		<AdditionalDocument>
			<CategoryCode>1</CategoryCode>
			<ID>1108654</ID>
			<TypeCode>DAN</TypeCode>
		</AdditionalDocument>
		<Agent>
			<!--DE 3/21: Representative Status Code.
				FunctionCode of 2 indicating agent acting in direct representation for the importer (holding written instruction to do so).-->
			<FunctionCode>2</FunctionCode>
		</Agent>
		<!--DE 3/39: Holder of the authorisation ID number. 
			Mandatory if authorisation is required to declare goods to procedure.
			Type code of AEOC indicates this is the EORI number of the Authorised Economic Operator — 
			Customs simplifications. -->
		<AuthorisationHolder>
			<ID>GB553202734852</ID>
			<CategoryCode>AEOC</CategoryCode>
		</AuthorisationHolder>
		<!--DE 3/39: Holder of the Authorisation Identification Number.
			An authorisation type code of CGU is required as CCG authorisation is being declared (see DE 2/3 where a document code of C505 has been entered).
			The ID here is the EORI of the CCG authorised party.-->
		<AuthorisationHolder>
			<ID>GB553202734852</ID>
			<CategoryCode>CGU</CategoryCode>
		</AuthorisationHolder>
		<!--DE 3/39: An authorisation type code of DPO indicates Deferment of Payment authorisation. 
			The ID here is the EORI of the DPO authorised party. -->
		<AuthorisationHolder>
			<ID>GB553202734852</ID>
			<CategoryCode>DPO</CategoryCode>
		</AuthorisationHolder>
		<!--DE 3/39: An authorisation type code of SDE is required where SDP authorisation
					is being declared. In this scenario, a waiver is being claimed. See DE 2/3 where a document code of C512 has been entered.
					The ID here is the EORI of the SDE authorised party.-->
		<AuthorisationHolder>
			<ID>GB553202734852</ID>
			<CategoryCode>SDE</CategoryCode>
		</AuthorisationHolder>
		<BorderTransportMeans>
			<!--DE 7/15: Nationality of active means of transport crossing the border.
				Country code of the nationality of the active means of transport crossing the border, in this case GB.-->
			<RegistrationNationalityCode>GB</RegistrationNationalityCode>
			<!--DE 7/4: Mode of Transport at the Border 
				ModeCode of 1 to represent Maritime/Sea transport as the mode of transport at the border. -->
			<ModeCode>1</ModeCode>
		</BorderTransportMeans>
		<Declarant>
			<!--DE 3/18: Declarant Identification Number.
				The EORI number of the agent entering the declaration. 
				The UK requires an EORI to be provided for the declarant. -->
			<ID>GB603202734852</ID>
		</Declarant>
		<Exporter>
			<!--DE 3/1: Exporter.
				Exporter name and address is mandatory where no recognised EORI number has been entered into DE 3/2. -->
			<Name>China Steel Inc.</Name>
			<Address>
				<CityName>Beijing</CityName>
				<CountryCode>CN</CountryCode>
				<Line>1 Trade Street</Line>
				<PostcodeID>BJ1 2CN</PostcodeID>
			</Address>
		</Exporter>
		<GoodsShipment>
			<Consignment>
				<!--DE 7/2: Indicator to show if goods are packed in a container or not.
					1 indicates that goods are transported in containers.
					Note: Unlike CHIEF this must now be completed.-->
				<ContainerCode>1</ContainerCode>
				<!--DE 7/9: Identity of the means of transport on arrival.
					Example number representing IMO ship identification number: '10', and 5 digits for the identification number: '12345'.-->
				<ArrivalTransportMeans>
					<ID>12345</ID>
					<IdentificationTypeCode>10</IdentificationTypeCode>
				</ArrivalTransportMeans>
				<!--DE 5/23: Location of Goods.
					To give a unique position of the location-->
				<GoodsLocation>
					<!--DE 5/23: Location of Goods: ID.
						BELBELBEL for Belfast Port, Northern Ireland.-->
					<Name>BELBELBEL</Name>
					<!--DE 5/23: Location of Goods: Type. 
						B for a designated location.-->
					<TypeCode>A</TypeCode>
					<Address>
						<!--DE 5/23: Type of ID of the Location. U in this scenario for UN/LOCODE.-->
						<TypeCode>U</TypeCode>
						<!--DE 5/23: Country code of the country where the goods may be examined, GB in this scenario.-->
						<CountryCode>GB</CountryCode>
					</Address>
				</GoodsLocation>
			</Consignment>
			<!--DE 5/8: Country code of the destination country: GB.-->
			<Destination>
				<CountryCode>GB</CountryCode>
			</Destination>
			<!--DE 5/14: Country code of the dispatch country: In this case China (CN).-->
			<ExportCountry>
				<ID>CN</ID>
			</ExportCountry>
			<GovernmentAgencyGoodsItem>
				<!--DE 1/6: Sequential number of the goods item-->
				<SequenceNumeric>1</SequenceNumeric>
				<!--DE 8/5: Nature of transaction
					1 to indicate transactions involving actual or intended transfer of ownership from residents to non-residents against financial or other compensation. -->
				<TransactionNatureCode>1</TransactionNatureCode>
				<!--DE 2/3: Documents produced, certificates and authorisations, additional references.
					A document code of C505 indicates CGU - Authorisation for the provision of a comprehensive guarantee, including possible reduction or waiver. -->
				<AdditionalDocument>
					<CategoryCode>C</CategoryCode>
					<ID>GBCGU55320273485220191113093459</ID>
					<TypeCode>505</TypeCode>
				</AdditionalDocument>
				<!--DE 2/3: C506 indicates DPO - Authorisation for the deferment of payment.
					Provide the authorisation decision number for the deferment of payment authorisation in format:
					- 2 digit code identifying the member state of authorisation, for example, GB
					- 3 digit code indicating that a deferment of payment authorisation is held,that is, DPO
					- Followed by the authorisation reference number. No document status code is required.-->
				<AdditionalDocument>
					<CategoryCode>C</CategoryCode>
					<ID>GBDPO1108654</ID>
					<TypeCode>506</TypeCode>
				</AdditionalDocument>
				<!-- DE 2/3: Documents produced, certificates and authorisations, additional references. 
					A document code of Y949 indicates: Good other than those described in the footnotes linked to the measure (Reg 267/2012).  
				Council Regulation (EU) No 267/2012 Concerning  -->
				<AdditionalDocument>
					<CategoryCode>Y</CategoryCode>
					<ID>Reg 267/2012 exempt</ID>
					<Name>Waiver Reason</Name>
					<TypeCode>949</TypeCode>
				</AdditionalDocument>
				<!--DE 2/3: Documents produced, certificates and authorisations, additional references .
					A document code of N935 indicates: the invoice on the basis of which the customs value of the goods is declared.
					This is required as a Valuation Method of 1 to indicate transaction value has been declared in DE 4/16.
					LPCOExemptionCode: AC indicates Document attached for certification by customs. -->
				<AdditionalDocument>
					<CategoryCode>N</CategoryCode>
					<ID>12345/24.05.2021</ID>
					<TypeCode>935</TypeCode>
					<LPCOExemptionCode>AC</LPCOExemptionCode>
				</AdditionalDocument>
				<!--DE 2/3: Documents produced, certificates and authorisations, additional references. This field is mandatory if the codes are required.
							A document code of C501 indicates AEOC - Authorisation for the status of Authorised Economic Operator - Customs Simplifications -->
				<AdditionalDocument>
					<CategoryCode>C</CategoryCode>
					<ID>GB AEOC 14274/19</ID>
					<TypeCode>501</TypeCode>
				</AdditionalDocument>
				<!--DE 2/3: Documents produced, certificates and authorisations, additional references. This field is mandatory if the codes are required.
							A document code of Y023 for the Importer AEO certificate number. ID contains the reference number of the certificate.-->
				<AdditionalDocument>
					<CategoryCode>Y</CategoryCode>
					<ID>GB AEOC 14274/19</ID>
					<TypeCode>023</TypeCode>
				</AdditionalDocument>
				<!--DE 2/3: Documents produced, certificates and authorisations, additional references. This field is mandatory if the codes are required.
							A document code of Y024 for the Declarant AEO certificate number. ID contains the reference number of the certificate.-->
				<AdditionalDocument>
					<CategoryCode>Y</CategoryCode>
					<ID>GB AEOC 14273/19</ID>
					<TypeCode>024</TypeCode>
				</AdditionalDocument>
				<!--DE 2/3: A document code of C512 indicates SDE - Authorisation to use simplified declaration (Column 7a, Annex A of Delegated Regulation (EU) 2015/2446).-->
				<AdditionalDocument>
					<CategoryCode>C</CategoryCode>
					<ID>GBSDE553202734852I</ID>
					<TypeCode>512</TypeCode>
				</AdditionalDocument>
				<!--DE 2/2: Additional Information. 
					This field is mandatory, this represents goods are imported from ROW into Northern Ireland. -->
				<AdditionalInformation>
					<StatementCode>NIIMP</StatementCode>
				</AdditionalInformation>
				<Commodity>
					<!--DE 6/8: Description of the goods.
						Specific enough to enable classification - without repeating the CN code description in the Tariff. -->
					<Description>Tubes, pipes and hollow profiles, seamless, of iron (other than cast iron) or steel</Description>
					<Classification>
						<!--DE 6/14: Commodity code - combined nomenclature code.-->
						<ID>73045999</ID>
						<IdentificationTypeCode>TSP</IdentificationTypeCode>
					</Classification>
					<!--DE 6/15: Commodity code - TARIC code. 
						Two characters for the application of specific Union measures in respect of formalities to be completed at destination.-->
					<Classification>
						<ID>00</ID>
						<IdentificationTypeCode>TRC</IdentificationTypeCode>
					</Classification>
					<!--DE 6/16: Commodity Code - TARIC Additional code.
						C999 indicates Definitive Anti-Dumping duty. -->
					<Classification>
						<ID>C999</ID>
						<IdentificationTypeCode>TRA</IdentificationTypeCode>
					</Classification>
					<DutyTaxFee>
						<!--DE 4/17: Preference Type.
							100 represents no preference being claimed. -->
						<DutyRegimeCode>100</DutyRegimeCode>
						<!--DE 4/3: Calculation of taxes - Tax type. 
							In this scenario, A50 indicating EU Customs Duty -->
						<TypeCode>A50</TypeCode>
						<Payment>
							<!--DE 4/8: Method of Payment.
								MethodCode of E to indicate Deferment used for import. -->
							<MethodCode>E</MethodCode>
						</Payment>
					</DutyTaxFee>
					<DutyTaxFee>
						<!--DE 4/3: Calculation of taxes - Tax type. 
							In this scenario, B00 indicating UK VAT. -->
						<TypeCode>B00</TypeCode>
						<Payment>
							<!--DE 4/8: MethodCode of E to indicate Deferment used for import-->
							<MethodCode>E</MethodCode>
						</Payment>
					</DutyTaxFee>
					<DutyTaxFee>
						<!--DE 4/3: Calculation of taxes - Tax type. 
							In this scenario, A70 - EU Steel Safeguarding Additional.  -->
						<TypeCode>A70</TypeCode>
						<Payment>
							<!--DE 4/8: MethodCode of E to indicate Deferment used for import. -->
							<MethodCode>E</MethodCode>
						</Payment>
					</DutyTaxFee>
					<DutyTaxFee>
						<!--DE 4/3: Calculation of taxes - Tax type. 
							In this scenario, A80 - Definitive anti-dumping duty -->
						<TypeCode>A80</TypeCode>
						<Payment>
							<!--DE 4/8: MethodCode of E to indicate Deferment used for import-->
							<MethodCode>E</MethodCode>
						</Payment>
					</DutyTaxFee>
					<DutyTaxFee>
						<!--DE 4/3: Calculation of taxes - Tax type. In this scenario, B05 - EU VAT -->
						<TypeCode>B05</TypeCode>
						<Payment>
							<!--DE 4/8: MethodCode of E to indicate Deferment used for import-->
							<MethodCode>E</MethodCode>
						</Payment>
					</DutyTaxFee>
					<GoodsMeasure>
						<!--DE 6/5: Gross mass of the goods in kilograms including packaging.-->
						<GrossMassMeasure>1100</GrossMassMeasure>
						<!--DE 6/1: Net mass of the goods in kilograms without any packaging.-->
						<NetNetWeightMeasure>1000</NetNetWeightMeasure>
					</GoodsMeasure>
					<InvoiceLine>
						<!--DE 4/14: Item price amount. The invoice was issued with a value of
								1500 and the currency was in GBP.-->
						<ItemChargeAmount currencyID="GBP">1000</ItemChargeAmount>
					</InvoiceLine>
					<!--DE 7/10: Container identification number. 
						This is alpha-numeric with up to 17 characters.
						For containers covered by the standard ISO 6346, the identifier (prefix) allocated by the International Bureau of Containers and Intermodal Transport (BIC) shall also be provided in addition to the container identification number.
						For swap bodies and semi-trailers the ILU (Intermodal Loading Units) code as introduced by the European EN 13044 shall be used. -->
					<TransportEquipment>
						<SequenceNumeric>1</SequenceNumeric>
						<ID>AD12345</ID>
					</TransportEquipment>
				</Commodity>
				<CustomsValuation>
					<!--DE 4/16: Valuation method.
						1 to indicate the method is transaction value of the imported goods. -->
					<MethodCode>1</MethodCode>
				</CustomsValuation>
				<GovernmentProcedure>
					<!--DE 1/10: Prcedure.
						Requested Procedure of 40 indicating entry for free circulation and home use of goods.-->
					<CurrentCode>40</CurrentCode>
					<!--DE 1/10: Procedure.
						Previous Procedure of 00 indicating there is no previous procedure.-->
					<PreviousCode>00</PreviousCode>
				</GovernmentProcedure>
				<GovernmentProcedure>
					<!--DE 1/11: Additional Procedure.
						000 to indicate no additional procedure. -->
					<CurrentCode>000</CurrentCode>
				</GovernmentProcedure>
				<Origin>
					<!--DE 5/15: TypeCode of 1 to represent non-preferential origin.
						Where preference in DE 4/17 begins with '1', this must be completed.
						CountryCode cotains the code for the country from which the goods originated, in this case CN.-->
					<CountryCode>CN</CountryCode>
					<TypeCode>1</TypeCode>
				</Origin>
				<Packaging>
					<SequenceNumeric>1</SequenceNumeric>
					<!--DE 6/11: Shipping marks on the packages. -->
					<MarksNumbersID>ADRN123456123</MarksNumbersID>
					<!--DE 6/10: Number of packages, in this case 10. -->
					<QuantityQuantity>10</QuantityQuantity>
					<!--DE 6/9: Type of Packages. 
						WC to represent Intermediate bulk container, steel. -->
					<TypeCode>WC</TypeCode>
				</Packaging>
				<!--DE 2/1 : Previous Documents. Mandatory field. YSDE to show the MRN for the previous simplified declaration -->
				<PreviousDocument>
					<CategoryCode>Y</CategoryCode>
					<ID>21GBCDS123456789R1</ID>
					<TypeCode>SDE</TypeCode>
					<LineNumeric>1</LineNumeric>
				</PreviousDocument>
				<!--DE 4/13: Valuation Indicator. 
					Mandatory in this scenario as a valuation method of 1 has been used in DE 4/16.
					First digit: 0 = there is no price influence as a result of a Party Relationship between the buyer and seller.
					Second digit: 0 = there are no restrictions as to the disposal or use of the goods by the buyer in accordance with Article 70(3)(a) of the Code.
					Third digit: 0 = the sale or price is not subject to some condition or consideration in accordance with Article 70(3)(b) of the Code.
					Fourth digit: 0 = the sale is not subject to an arrangement under which part of the proceeds of any subsequent resale, disposal or use
					accrues directly or indirectly to the seller.-->
				<ValuationAdjustment>
					<AdditionCode>0000</AdditionCode>
				</ValuationAdjustment>
			</GovernmentAgencyGoodsItem>
			<Importer>
				<!--DE 3/16: EORI number of the Importer.-->
				<ID>GB553202734852</ID>
			</Importer>
				<!--DE 2/1: Previous Documents.
					Previous document to show the DUCR assigned to the consignment.
					Note: The DUCR is not mandatory for ‘normal’ declarations, only if CFSP or where the business 
					process mandates a DUCR for validation. -->
				<PreviousDocument>
					<CategoryCode>Y</CategoryCode>
					<ID>1GB553202734852-12345</ID>
					<TypeCode>DCR</TypeCode>
				</PreviousDocument>
			<!--DE 4/1: Mandatory as method 1 is being used in DE 4/16.
				CIF to indicate Cost, Insurance and Freight.
				GBBEL to represent the named port of destination: Belfast -->
			<TradeTerms>
				<ConditionCode>CIF</ConditionCode>
				<LocationID>GBBEL</LocationID>
			</TradeTerms>
		</GoodsShipment>
		<ObligationGuarantee>
			<!--DE 8/3: Guarantee reference number.
				Where document code C505 is declared in DE 2/3 (Document Codes) and authorisation type code is declared in DE 3/39 (Holder of the Authorisation), then this data element is mandatory. -->
			<ID>GBCGU55320273485220191113093459</ID>
			<!--DE 8/2: Guarantee type. 
				1 to represent that a customs comprehensive Guarantee is NOT being waived for the deferment of customs duty.
				Where document code C505 is declared in DE 2/3 (Document Codes) and authorisation type code CGU is declared in DE 3/39 (Holder of the Authorisation), then code '0' or '1' must be declared in this data element. -->
			<SecurityDetailsCode>1</SecurityDetailsCode>
		</ObligationGuarantee>
	</Declaration>
</md:MetaData>