<?xml version="1.0" encoding="UTF-8" standalone="yes"?>
<ns2:inventoryLinkingDeclarationSend xmlns="http://gov.uk/customs/inventoryLinking/gatewayHeader/v1" xmlns:ns2="http://gov.uk/customs/inventoryLinking/v1">
	<ns2:header>
		<submitter>RLCCSEXP</submitter>
		<clientID>CDA00000000000000000000000000000</clientID>
		<conversationID>20210120180400000000000000000000</conversationID>
		<correlationID>12956330810397000000000000000000</correlationID>
		<dateTimeStamp>2021-01-20T18:04:44.708Z</dateTimeStamp>
	</ns2:header>
	<ns2:inventoryLinkingMovementTotalsResponse>
		<ns2:messageCode>EMR</ns2:messageCode>
		<ns2:crc>000</ns2:crc>
		<ns2:goodsLocation>LHR</ns2:goodsLocation>
		<ns2:masterUCR>GB/FCP1-CHIEF2001M30</ns2:masterUCR>
		<ns2:declarationCount>1</ns2:declarationCount>
		<ns2:goodsArrivalDateTime>2021-01-20T09:00:00.000</ns2:goodsArrivalDateTime>
		<ns2:shedOPID>ANS</ns2:shedOPID>
		<ns2:movementReference>Movement150</ns2:movementReference>
		<ns2:masterROE>6</ns2:masterROE>
		<ns2:masterSOE>0</ns2:masterSOE>
		<ns2:entry>
			<ns2:ucrBlock>
				<ns2:ucr>1GB417869120000-2021ATD3</ns2:ucr>
				<ns2:ucrPartNo>P</ns2:ucrPartNo>
				<ns2:ucrType>D</ns2:ucrType>
			</ns2:ucrBlock>
			<ns2:goodsItem/>
			<ns2:entryStatus>
				<ns2:roe>6</ns2:roe>
				<ns2:soe>7</ns2:soe>
			</ns2:entryStatus>
		</ns2:entry>
	</ns2:inventoryLinkingMovementTotalsResponse>
</ns2:inventoryLinkingDeclarationSend>