<?xml version="1.0" encoding="UTF-8" standalone="yes"?>
<ns2:inventoryLinkingControlSend xmlns="http://gov.uk/customs/inventoryLinking/gatewayHeader/v1" xmlns:ns2="http://gov.uk/customs/inventoryLinking/v1">
	<ns2:header>
		<badgeIdentifier>CUK98ABZXCQ</badgeIdentifier>
		<submitter>GB239355053000</submitter>
		<clientID>cf63e9dc-c030-49e9-a52c-79ad1212682a</clientID>
		<conversationID>12790e47-8829-4362-9515-2a14516d17cf</conversationID>
		<correlationID>CDA00000000000000000000000002623</correlationID>
		<dateTimeStamp>2021-01-20T20:22:28.533Z</dateTimeStamp>
	</ns2:header>
	<ns2:inventoryLinkingControlResponse>
		<ns2:messageCode>EDL</ns2:messageCode>
		<ns2:actionCode>1</ns2:actionCode>
	</ns2:inventoryLinkingControlResponse>
</ns2:inventoryLinkingControlSend>