<ns2:inventoryLinkingMovementTotalsResponse xmlns:ns2="http://gov.uk/customs/inventoryLinking/v1" xmlns="http://gov.uk/customs/inventoryLinking/gatewayHeader/v1">
    <ns2:messageCode>EMR</ns2:messageCode>
    <ns2:crc>000</ns2:crc>
    <ns2:goodsLocation>GBAULHRLHRANS</ns2:goodsLocation>
    <ns2:masterUCR>GB/FCP1-CHIEF2001M30</ns2:masterUCR>
    <ns2:declarationCount>0</ns2:declarationCount>
    <ns2:goodsArrivalDateTime>2021-01-20T09:00:00.000</ns2:goodsArrivalDateTime>
    <ns2:movementReference>Movement150</ns2:movementReference>
    <ns2:masterROE>6</ns2:masterROE>
    <ns2:masterSOE>3</ns2:masterSOE>
</ns2:inventoryLinkingMovementTotalsResponse>