<?xml version="1.0" encoding="UTF-8" standalone="yes"?>
<ns2:inventoryLinkingDeclarationSend xmlns="http://gov.uk/customs/inventoryLinking/gatewayHeader/v1" xmlns:ns2="http://gov.uk/customs/inventoryLinking/v1">
	<ns2:header>
		<submitter>RLCCSEXP</submitter>
		<clientID>CDA00000000000000000000000000000</clientID>
		<conversationID>20210120185800000000000000000000</conversationID>
		<correlationID>12956363243376000000000000000000</correlationID>
		<dateTimeStamp>2021-01-20T18:58:47.998Z</dateTimeStamp>
	</ns2:header>
	<ns2:inventoryLinkingMovementTotalsResponse>
		<ns2:messageCode>EMR</ns2:messageCode>
		<ns2:crc>000</ns2:crc>
		<ns2:goodsLocation>LHR</ns2:goodsLocation>
		<ns2:masterUCR>GB/FCP1-CHIEF2001M30</ns2:masterUCR>
		<ns2:declarationCount>0</ns2:declarationCount>
		<ns2:goodsArrivalDateTime>2021-01-20T09:00:00.000</ns2:goodsArrivalDateTime>
		<ns2:shedOPID>ANS</ns2:shedOPID>
		<ns2:movementReference>Movement150</ns2:movementReference>
		<ns2:masterROE>6</ns2:masterROE>
		<ns2:masterSOE>7</ns2:masterSOE>
	</ns2:inventoryLinkingMovementTotalsResponse>
</ns2:inventoryLinkingDeclarationSend>