<MetaData>
    <WCODataModelVersionCode>3.6</WCODataModelVersionCode>
    <WCOTypeName>RES</WCOTypeName>
    <ResponsibleCountryCode/>
    <ResponsibleAgencyName/>
    <AgencyAssignedCustomizationCode/>
    <AgencyAssignedCustomizationVersionCode/>
    <Response>
        <FunctionCode>02</FunctionCode>
        <FunctionalReferenceID>64739c112e2e4558baa801505813dcbb</FunctionalReferenceID>
        <IssueDateTime>
            <DateTimeString formatCode="304">20220307111346Z</DateTimeString>
        </IssueDateTime>
        <Declaration>
            <FunctionalReferenceID>CDSP_9778_02_0703_00</FunctionalReferenceID>
            <ID>22GB2LJOTF8C18DAR9</ID>
            <VersionID>1</VersionID>
        </Declaration>
    </Response>
</MetaData>