<MetaData>
    <WCODataModelVersionCode>3.6</WCODataModelVersionCode>
    <WCOTypeName>RES</WCOTypeName>
    <ResponsibleCountryCode/>
    <ResponsibleAgencyName/>
    <AgencyAssignedCustomizationCode/>
    <AgencyAssignedCustomizationVersionCode/>
    <Response>
        <FunctionCode>02</FunctionCode>
        <FunctionalReferenceID>15f886d046284a4191ffde91265d1ee4</FunctionalReferenceID>
        <IssueDateTime>
            <DateTimeString formatCode="304">20220307111857Z</DateTimeString>
        </IssueDateTime>
        <Declaration>
            <FunctionalReferenceID>CDSP_9778_02_0703_00</FunctionalReferenceID>
            <ID>22GB2LJOTF8C18DAR9</ID>
        </Declaration>
    </Response>
</MetaData>