<MetaData xmlns:v3="http://core.dms/TraderNotificationServiceSOAP/v3/" xmlns:soapenv="http://schemas.xmlsoap.org/soap/envelope/" xmlns:soapenc="http://schemas.xmlsoap.org/soap/encoding/" xmlns:xsd="http://www.w3.org/2001/XMLSchema" xmlns:xsi="http://www.w3.org/2001/XMLSchema-instance">
    <WCODataModelVersionCode>3.6</WCODataModelVersionCode>
    <WCOTypeName>RES</WCOTypeName>
    <ResponsibleCountryCode/>
    <ResponsibleAgencyName/>
    <AgencyAssignedCustomizationCode/>
    <AgencyAssignedCustomizationVersionCode/>
    <Response>
        <FunctionCode>01</FunctionCode>
        <FunctionalReferenceID>faadb571788f40568e88b504fcbda37d</FunctionalReferenceID>
        <IssueDateTime>
            <DateTimeString formatCode="304">20220307111859Z</DateTimeString>
        </IssueDateTime>
        <Declaration>
            <AcceptanceDateTime>
                <DateTimeString formatCode="304">20220307111857Z</DateTimeString>
            </AcceptanceDateTime>
            <FunctionalReferenceID>CDSP_9778_02_0703_00</FunctionalReferenceID>
            <ID>22GB2LJOTF8C18DAR9</ID>
            <VersionID>2</VersionID>
        </Declaration>
    </Response>
</MetaData>