<MetaData xmlns:xsi="http://www.w3.org/2001/XMLSchema-instance" xmlns:v3="http://core.dms/TraderNotificationServiceSOAP/v3/" xmlns:soapenv="http://schemas.xmlsoap.org/soap/envelope/" xmlns:soapenc="http://schemas.xmlsoap.org/soap/encoding/" xmlns:xsd="http://www.w3.org/2001/XMLSchema">
    <WCODataModelVersionCode>3.6</WCODataModelVersionCode>
    <WCOTypeName>RES</WCOTypeName>
    <ResponsibleCountryCode/>
    <ResponsibleAgencyName/>
    <AgencyAssignedCustomizationCode/>
    <AgencyAssignedCustomizationVersionCode/>
    <Response>
        <FunctionCode>09</FunctionCode>
        <FunctionalReferenceID>35cdc3419ccd47e8b387f30bd0f4bffe</FunctionalReferenceID>
        <IssueDateTime>
            <DateTimeString formatCode="304">20220307111900Z</DateTimeString>
        </IssueDateTime>
        <AdditionalInformation>
            <StatementCode xsi:type="AdditionalInformationStatementCodeType">A2</StatementCode>
            <StatementTypeCode xsi:type="AdditionalInformationStatementTypeCodeType">AFB</StatementTypeCode>
        </AdditionalInformation>
        <Declaration>
            <FunctionalReferenceID>CDSP_9778_02_0703_00</FunctionalReferenceID>
            <ID>22GB2LJOTF8C18DAR9</ID>
            <VersionID>2</VersionID>
        </Declaration>
    </Response>
</MetaData>