<MetaData>
    <WCODataModelVersionCode>3.6</WCODataModelVersionCode>
    <WCOTypeName>RES</WCOTypeName>
    <ResponsibleCountryCode/>
    <ResponsibleAgencyName/>
    <AgencyAssignedCustomizationCode/>
    <AgencyAssignedCustomizationVersionCode/>
    <Response>
        <FunctionCode>09</FunctionCode>
        <FunctionalReferenceID>35cdc3419ccd47e8b387f30bd0f4bffe</FunctionalReferenceID>
        <IssueDateTime>
            <DateTimeString formatCode="304">20220307111900Z</DateTimeString>
        </IssueDateTime>
        <AdditionalInformation>
            <StatementCode>A2</StatementCode>
            <StatementTypeCode>AFB</StatementTypeCode>
        </AdditionalInformation>
        <Declaration>
            <FunctionalReferenceID>CDSP_9778_02_0703_00</FunctionalReferenceID>
            <ID>22GB2LJOTF8C18DAR9</ID>
            <VersionID>2</VersionID>
        </Declaration>
    </Response>
</MetaData>