<md:MetaData xmlns="urn:wco:datamodel:WCO:DEC-DMS:2"
             xmlns:xsi="http://www.w3.org/2001/XMLSchema-instance"
             xmlns:clm63055="urn:un:unece:uncefact:codelist:standard:UNECE:AgencyIdentificationCode:D12B"
             xmlns:ds="urn:wco:datamodel:WCO:MetaData_DS-DMS:2"
             xmlns:md="urn:wco:datamodel:WCO:DocumentMetaData-DMS:2"
             xsi:schemaLocation="urn:wco:datamodel:WCO:DocumentMetaData-DMS:2 ../DocumentMetaData_2_DMS.xsd ">
	<md:WCODataModelVersionCode>3.6</md:WCODataModelVersionCode>
	<md:WCOTypeName>DEC</md:WCOTypeName>
	<md:ResponsibleCountryCode>GB</md:ResponsibleCountryCode>
	<md:ResponsibleAgencyName>HMRC</md:ResponsibleAgencyName>
	<md:AgencyAssignedCustomizationVersionCode>v2.1</md:AgencyAssignedCustomizationVersionCode>
	<Declaration xmlns="urn:wco:datamodel:WCO:DEC-DMS:2"
	             xmlns:clm5ISO42173A="urn:un:unece:uncefact:codelist:standard:ISO:ISO3AlphaCurrencyCode:2012-08-31"
	             xmlns:clm63055="urn:un:unece:uncefact:codelist:standard:UNECE:AgencyIdentificationCode:D12B"
	             xmlns:p1="urn:wco:datamodel:WCO:Declaration_DS:DMS:2"
	             xmlns:udt="urn:un:unece:uncefact:data:standard:UnqualifiedDataType:6"
	             xmlns:xsi="http://www.w3.org/2001/XMLSchema-instance"
	             xsi:schemaLocation="urn:wco:datamodel:WCO:DEC-DMS:2 ../WCO_DEC_2_DMS.xsd ">
		<!--
			***
			Note KEL 277 when testing: On Exports declarations, where Direct or Indirect Representation is indicated in Data Element 3/21 (values "2" or "3"), Representative details will be incorrectly required (in either DE 3/19 - Name and Address details or DE 3/20 - Representative ID) even when the Representative is the same Party as the Declarant.
			***
			
			SCENARIO
			Type K direct reperesentation scenario with DUCR and MUCR declared and no control
			Goods exported permanently
			Procedure code 0012 Additional procedure code 16M
			Goods: Paper Envelopes
			Agent employed by the exporter under direct rep.
			Movement messages: CST, EAL and EDL.
			Expected Notification: DMSRCV, DMSACC, DMSRES, DMSCLE, DMSEOG.
			Goods presented at London Gatwick Airport
		-->
		<!--Function Code of 9 to represent an original declaration.-->
		<FunctionCode>9</FunctionCode>
		<!--DE 2/5: LRN.
			The trader assigned reference to the declaration. -->
		<FunctionalReferenceID>R3.5.0_9780_TC02_081</FunctionalReferenceID>
		<IssueDateTime>
			<p1:DateTimeString formatCode="304">20211208070000+01</p1:DateTimeString>
		</IssueDateTime>
		<!--DE 1/1: Declaration Type.
			EX to represent an Export declaration.-->
		<!--DE 1/2: Additional Declaration Type.
			K to represent a trusted pre-lodged declaration.-->
		<TypeCode>EXK</TypeCode>
		<!--DE 1/9: Total Number of Items.
			In this case, 1. -->
		<GoodsItemQuantity>1</GoodsItemQuantity>
		<!--DE 3/20: Representative Identification Number.
			EORI number of the Representative.
            Note KEL 277 when testing: On Exports declarations, where Direct or Indirect Representation is indicated in Data Element 3/21 (values "2" or "3"), Representative details will be incorrectly required (in either DE 3/19 - Name and Address details or DE 3/20 - Representative ID) even when the Representative is the same Party as the Declarant.
			DE 3/21: Representative Status Code.
			2 indicating direct representation. -->
		<Agent>
			<ID>GB150454489082</ID>
			<FunctionCode>2</FunctionCode>
		</Agent>
		<!--DE 3/39: Holder of the Authorisation Identification Number.
			MOU to indicate authorisation for the use of Memorandum of Understanding.
			The ID is the EORI of the MOU authorised party. -->
		<AuthorisationHolder>
			<ID>GB150454489082</ID>
			<CategoryCode>MOU</CategoryCode>
		</AuthorisationHolder>
		<!--DE 7/4: Mode of Transport at the Border.
			4 to represent air transport. -->
		<BorderTransportMeans>
			<ModeCode>4</ModeCode>
		</BorderTransportMeans>
		<!--DE 4/2: Transport charges method of payment. H declared to indicate electronic funds transfer -->
		<Consignment>
			<Freight>
				<PaymentMethodCode>H</PaymentMethodCode>
			</Freight>
		</Consignment>
		<!--DE 3/18: Declarant Identification Number.
			EORI number of the Declarant. -->
		<Declarant>
			<ID>GB150454489082</ID>
		</Declarant>
		<!--DE 5/12: Customs Office of Exit.
			'GB000085' code indicating Gatwick -->
		<ExitOffice>
			<ID>GB000085</ID>
		</ExitOffice>
		<!--DE 3/2: Exporter Identification Number.
			EORI number of the Exporter. -->
		<Exporter>
			<ID>GB427168118378</ID>
		</Exporter>
		<GoodsShipment>
			<!--DE 3/9: Consignee Name and Address.
				Name, address and details of the party to whom the goods are consigned/shipped. -->
			<Consignee>
				<Name>Mr Consignee</Name>
				<Address>
					<CityName>Ota City</CityName>
					<CountryCode>JP</CountryCode>
					<Line>Tokyo</Line>
					<PostcodeID>144-0041</PostcodeID>
				</Address>
			</Consignee>
			<Consignment>
				<!--DE 7/2: Container.
					'0' Indicating goods not arriving in container. -->
				<ContainerCode>0</ContainerCode>
				<!--DE 7/7: Identity of the means of transport at departure.
					98765 indicating registration number and identification type of the means of transport - in this scenario, 40 IATA flight number. -->
				<DepartureTransportMeans>
					<ID>98765</ID>
					<IdentificationTypeCode>40</IdentificationTypeCode>
				</DepartureTransportMeans>
				<!--DE 5/23: Location of Goods.
					ID to give a unique position of the location where the goods are located at the time they are declared.
					The location code is entered using the following components:
					• Name: ID to give a unique position of the location, in this scenario LGWLGWLGW indicating London Gatwick Airport.
					• TypeCode: Type of Location, in this scenario A to represent that it is a designated location.
					• Address TypeCode: Type of ID of the Location, in this scenario U for UN/LOCODE.
					• Addess CountryCode: Code of the country where the goods may be examined, in this scenario GB. -->
				<GoodsLocation>
					<Name>LGWLGWLGW</Name>
					<TypeCode>A</TypeCode>
					<Address>
						<TypeCode>U</TypeCode>
						<CountryCode>GB</CountryCode>
					</Address>
				</GoodsLocation>
			</Consignment>
			<!--D 5/8: Country of Destination Code. 
				In this case, country code JP for Japan. -->
			<Destination>
				<CountryCode>JP</CountryCode>
			</Destination>
			<GovernmentAgencyGoodsItem>
				<!--DE 1/6: Goods Item Number.
					Sequential number of the goods item. -->
				<SequenceNumeric>1</SequenceNumeric>
				<!--DE 2/3: Documents produced, certificates and authorisations, additional references.
					C676 for Import/Export authorisation issued by the competent authorities of the Member States. Decision 1764/15. -->
				<AdditionalDocument>
					<CategoryCode>C</CategoryCode>
					<ID>GBMOU15045448908220211125132100</ID>
					<TypeCode>676</TypeCode>
				</AdditionalDocument>
				<Commodity>
					<!--DE 6/8: Description of Goods.
						Description of the goods specific enough to enable classification - without repeating the CN code description in the Tariff. -->
					<Description>Paper Envelopes</Description>
				</Commodity>
				<!--DE 1/10: Procedure.
					Procedure code of 0012 may be used to release free circulation and/or home use goods for permanent export where goods may be declared using an oral declaration or declaration by any other act and where a written customs declaration is not required.  
					This Procedure Code should not be used for the export of non-Union status goods or for the temporary export of goods where a written customs declaration is required. -->
				<GovernmentProcedure>
					<CurrentCode>00</CurrentCode>
					<PreviousCode>12</PreviousCode>
				</GovernmentProcedure>
				<!--DE 1/11: Additional Procedure Code.
					16M declared for MoU procedure.-->
				<GovernmentProcedure>
					<CurrentCode>16M</CurrentCode>
				</GovernmentProcedure>
				<Packaging>
					<SequenceNumeric>1</SequenceNumeric>
					<!--DE 6/11: Shipping Marks.
						Shipping marks on the packages. -->
					<MarksNumbersID>2379261ETT</MarksNumbersID>
					<!--DE 6/10: Number of Packages. 
						In this case, 1. -->
					<QuantityQuantity>1</QuantityQuantity>
					<!--DE 6/9: Type of Packages.
						PK indicating package. -->
					<TypeCode>PK</TypeCode>
				</Packaging>
			</GovernmentAgencyGoodsItem>
			<!--DE 2/1: Previous Documents.
				ZDCR to show the DUCR assigned to the consignment.
				This is a mandatory field. -->
			<PreviousDocument>
				<CategoryCode>Z</CategoryCode>
				<ID>1GB427168118378-0812D21</ID>
				<TypeCode>DCR</TypeCode>
			</PreviousDocument>
			<!--DE 2/1: Previous Documents.
				ZMCR to show the MUCR assigned to the consignment.
				This is a mandatory field. -->
			<PreviousDocument>
				<CategoryCode>Z</CategoryCode>
				<ID>A:16035081201</ID>
				<TypeCode>MCR</TypeCode>
			</PreviousDocument>
		</GoodsShipment>
	</Declaration>
</md:MetaData>