<MetaData>
    <WCODataModelVersionCode>3.6</WCODataModelVersionCode>
    <WCOTypeName>RES</WCOTypeName>
    <ResponsibleCountryCode/>
    <ResponsibleAgencyName/>
    <AgencyAssignedCustomizationCode/>
    <AgencyAssignedCustomizationVersionCode/>
    <Response>
        <FunctionCode>01</FunctionCode>
        <FunctionalReferenceID>18ab233551a847f28c8b68d56ed4b229</FunctionalReferenceID>
        <IssueDateTime>
            <DateTimeString formatCode="304">20210817114058Z</DateTimeString>
        </IssueDateTime>
        <Declaration>
            <AcceptanceDateTime>
                <DateTimeString formatCode="304">20210318222300Z</DateTimeString>
            </AcceptanceDateTime>
            <FunctionalReferenceID>TT_IM51a_v1.3_1708_03</FunctionalReferenceID>
            <ID>21GB92HFHO92HEW7R9</ID>
            <VersionID>1</VersionID>
        </Declaration>
    </Response>
</MetaData>