<?xml version="1.0" encoding="UTF-8"?>
<!-- EDL – Movement message used for creating Goods Departure messages. This also covers the removal of goods back inland where an export is abandoned (Departaures) -->
<inv:inventoryLinkingMovementRequest xmlns:inv="http://gov.uk/customs/inventoryLinking/v1">
                   <inv:messageCode>EDL</inv:messageCode>

								<inv:agentDetails>
                  <!-- EORI number of the Community Systems Providers (CSPs). -->
                    <inv:EORI>GB025115188654</inv:EORI>
                    <inv:agentLocation>a</inv:agentLocation>
                     <inv:agentRole>a</inv:agentRole>
                   </inv:agentDetails>

                   <inv:ucrBlock>
                     <!--DUCR assigned to the consignment. Arriving at DUCR level. This value has come from Declaration -->
                    <inv:ucr>0GB427168118378-243P3</inv:ucr>
                        <inv:ucrType>D</inv:ucrType>
                   </inv:ucrBlock>
                    <!-- ID to give a unique position of the location. GBAUGTYGTYGTY Indicating Great Yarmouth. This value has come from Declaration -->
                   <inv:goodsLocation>GBAUGTYGTYGTY</inv:goodsLocation>
                   <inv:goodsArrivalDateTime>2020-03-24T09:00:00</inv:goodsArrivalDateTime>
                   <!-- This should be today's Date -->
                   <inv:goodsDepartureDateTime>2020-03-24T09:05:00</inv:goodsDepartureDateTime>

                    <inv:movementReference>Movement14</inv:movementReference>

								<inv:transportDetails>
                      <inv:transportID>11CSCLGLOBE</inv:transportID>
                      <inv:transportMode>1</inv:transportMode>
                      <inv:transportNationality>GB</inv:transportNationality>
                   </inv:transportDetails>


            </inv:inventoryLinkingMovementRequest>
