<MetaData>
    <WCODataModelVersionCode>3.6</WCODataModelVersionCode>
    <WCOTypeName>RES</WCOTypeName>
    <ResponsibleCountryCode/>
    <ResponsibleAgencyName/>
    <AgencyAssignedCustomizationCode/>
    <AgencyAssignedCustomizationVersionCode/>
    <Response>
        <FunctionCode>13</FunctionCode>
        <FunctionalReferenceID>30620ab449454c749d10997bc6a6dd5a</FunctionalReferenceID>
        <IssueDateTime>
            <DateTimeString formatCode="304">20220110144611Z</DateTimeString>
        </IssueDateTime>
        <Bank>
            <ReferenceID>CITIGB2LLON</ReferenceID>
            <ID>GB25CITI08320011963155</ID>
        </Bank>
        <Status>
            <NameCode>67</NameCode>
        </Status>
        <Declaration>
            <FunctionalReferenceID>IM39b_v1.7_10012022_01</FunctionalReferenceID>
            <ID>22GB0DQMADK09ZOAR2</ID>
            <VersionID>1</VersionID>
            <GoodsShipment>
                <GovernmentAgencyGoodsItem>
                    <SequenceNumeric>1</SequenceNumeric>
                    <Commodity>
                        <DutyTaxFee>
                            <AdValoremTaxBaseAmount currencyID="GBP">1000.00</AdValoremTaxBaseAmount>
                            <DeductAmount currencyID="GBP">0.00</DeductAmount>
                            <DutyRegimeCode>115</DutyRegimeCode>
                            <TaxRateNumeric>3.70</TaxRateNumeric>
                            <TypeCode>A50</TypeCode>
                            <Payment>
                                <TaxAssessedAmount currencyID="GBP">37.00</TaxAssessedAmount>
                                <PaymentAmount currencyID="GBP">37.00</PaymentAmount>
                            </Payment>
                        </DutyTaxFee>
                        <DutyTaxFee>
                            <AdValoremTaxBaseAmount currencyID="GBP">1000.00</AdValoremTaxBaseAmount>
                            <DeductAmount currencyID="GBP">0.00</DeductAmount>
                            <DutyRegimeCode>115</DutyRegimeCode>
                            <TaxRateNumeric>20.00</TaxRateNumeric>
                            <TypeCode>B00</TypeCode>
                            <Payment>
                                <TaxAssessedAmount currencyID="GBP">200.00</TaxAssessedAmount>
                                <PaymentAmount currencyID="GBP">200.00</PaymentAmount>
                            </Payment>
                        </DutyTaxFee>
                        <DutyTaxFee>
                            <AdValoremTaxBaseAmount currencyID="GBP">37.00</AdValoremTaxBaseAmount>
                            <DeductAmount currencyID="GBP">0.00</DeductAmount>
                            <DutyRegimeCode>115</DutyRegimeCode>
                            <TaxRateNumeric>20.00</TaxRateNumeric>
                            <TypeCode>B05</TypeCode>
                            <Payment>
                                <TaxAssessedAmount currencyID="GBP">7.40</TaxAssessedAmount>
                                <PaymentAmount currencyID="GBP">7.40</PaymentAmount>
                            </Payment>
                        </DutyTaxFee>
                    </Commodity>
                </GovernmentAgencyGoodsItem>
            </GoodsShipment>
        </Declaration>
    </Response>
</MetaData>	