<MetaData>
    <WCODataModelVersionCode>3.6</WCODataModelVersionCode>
    <WCOTypeName>RES</WCOTypeName>
    <ResponsibleCountryCode/>
    <ResponsibleAgencyName/>
    <AgencyAssignedCustomizationCode/>
    <AgencyAssignedCustomizationVersionCode/>
    <Response>
        <FunctionCode>09</FunctionCode>
        <FunctionalReferenceID>4b4491b22a82442eb126e3c16e858507</FunctionalReferenceID>
        <IssueDateTime>
            <DateTimeString formatCode="304">20220110144612Z</DateTimeString>
        </IssueDateTime>
        <AdditionalInformation>
            <StatementCode>A2</StatementCode>
            <StatementTypeCode>AFB</StatementTypeCode>
        </AdditionalInformation>
        <Declaration>
            <FunctionalReferenceID>IM39b_v1.7_10012022_01</FunctionalReferenceID>
            <ID>22GB0DQMADK09ZOAR2</ID>
            <VersionID>1</VersionID>
        </Declaration>
    </Response>
</MetaData>