<MetaData>
	<WCODataModelVersionCode>3.6</WCODataModelVersionCode>
	<WCOTypeName>RES</WCOTypeName>
	<ResponsibleCountryCode/>
	<ResponsibleAgencyName/>
	<AgencyAssignedCustomizationCode/>
	<AgencyAssignedCustomizationVersionCode/>
	<Response>
		<FunctionCode>11</FunctionCode>
		<FunctionalReferenceID>cd339cd6317a4362b2b6902df03f882f</FunctionalReferenceID>
		<IssueDateTime>
			<DateTimeString formatCode="304">20200715113339Z</DateTimeString>
		</IssueDateTime>
		<Status>
			<NameCode>39</NameCode>
		</Status>
		<Declaration>
			<FunctionalReferenceID>TC03_Invalidate2</FunctionalReferenceID>
			<ID>20GB7SPKVP6FJDRYA0</ID>
			<VersionID>1</VersionID>
		</Declaration>
	</Response>
</MetaData>