  <MetaData><WCODataModelVersionCode>3.6</WCODataModelVersionCode><WCOTypeName>RES</WCOTypeName><ResponsibleCountryCode/><ResponsibleAgencyName/><AgencyAssignedCustomizationCode/><AgencyAssignedCustomizationVersionCode/><Response>
      <FunctionCode>01</FunctionCode>
      <FunctionalReferenceID>b936a129443f45ba96bd88b09ae8f47a</FunctionalReferenceID>
      <IssueDateTime>
        <DateTimeString formatCode="304">20200520122952Z</DateTimeString>
      </IssueDateTime>
      <Declaration>
        <AcceptanceDateTime>
          <DateTimeString formatCode="304">20200520122949Z</DateTimeString>
        </AcceptanceDateTime>
        <FunctionalReferenceID>R280_E2E_TC02_2005_002</FunctionalReferenceID>
        <ID>20GB5KSFK8ML1FGVR0</ID>
        <VersionID>1</VersionID>
      </Declaration>
    </Response></MetaData>
</v3:notifyTrader>:FunctionCode>01</FunctionCode>
      <FunctionalReferenceID>609ee39a65dd471f8ca5969409261497</FunctionalReferenceID>
      <IssueDateTime>
        <DateTimeString formatCode="304">20200518081255Z</DateTimeString>
      </IssueDateTime>
      <Declaration>
        <AcceptanceDateTime>
          <DateTimeString formatCode="304">20200518081250Z</DateTimeString>
        </AcceptanceDateTime>
        <FunctionalReferenceID>R280_E2E_TC02_1805_001</FunctionalReferenceID>
        <ID>20GB5HODDBY6YFGVR2</ID>
        <VersionID>1</VersionID>
      </Declaration>
    </Response>
  </MetaData>
