  <MetaData><WCODataModelVersionCode>3.6</WCODataModelVersionCode><WCOTypeName>RES</WCOTypeName><ResponsibleCountryCode/><ResponsibleAgencyName/><AgencyAssignedCustomizationCode/><AgencyAssignedCustomizationVersionCode/><Response>
      <FunctionCode>09</FunctionCode>
      <FunctionalReferenceID>49975fb4ffe845cba2eaef8a64a8c4ff</FunctionalReferenceID>
      <IssueDateTime>
        <DateTimeString formatCode="304">20200520123956Z</DateTimeString>
      </IssueDateTime>
      <AdditionalInformation>
        <StatementCode>A2</StatementCode>
        <StatementTypeCode>AFB</StatementTypeCode>
      </AdditionalInformation>
      <Declaration>
        <FunctionalReferenceID>R280_E2E_TC02_2005_002</FunctionalReferenceID>
        <ID>20GB5KSFK8ML1FGVR0</ID>
        <VersionID>2</VersionID>
      </Declaration>
    </Response>
  </MetaData>
