  <MetaData><WCODataModelVersionCode>3.6</WCODataModelVersionCode><WCOTypeName>RES</WCOTypeName><ResponsibleCountryCode/><ResponsibleAgencyName/><AgencyAssignedCustomizationCode/><AgencyAssignedCustomizationVersionCode/><Response>
      <FunctionCode>11</FunctionCode>
      <FunctionalReferenceID>af85308fdeeb4ba388c4438ad43453b7</FunctionalReferenceID>
      <IssueDateTime>
        <DateTimeString formatCode="304">20200520123143Z</DateTimeString>
      </IssueDateTime>
      <Status>
        <NameCode>39</NameCode>
      </Status>
      <Declaration>
        <FunctionalReferenceID>R280_TC02AMND_001</FunctionalReferenceID>
        <ID>20GB5KSFK8ML1FGVR0</ID>
        <VersionID>1</VersionID>
      </Declaration>
    </Response>
  </MetaData>
