  <MetaData><WCODataModelVersionCode>3.6</WCODataModelVersionCode><WCOTypeName>RES</WCOTypeName><ResponsibleCountryCode/><ResponsibleAgencyName/><AgencyAssignedCustomizationCode/><AgencyAssignedCustomizationVersionCode/><Response>
      <FunctionCode>07</FunctionCode>
      <FunctionalReferenceID>458dd94cd1ef4f1ea6c05a8e8ffd53f1</FunctionalReferenceID>
      <IssueDateTime>
        <DateTimeString formatCode="304">20200520123956Z</DateTimeString>
      </IssueDateTime>
      <AdditionalInformation>
        <StatementDescription>Amending Status code on licence to EE</StatementDescription>
        <StatementTypeCode>AES</StatementTypeCode>
        <Pointer>
          <SequenceNumeric>1</SequenceNumeric>
          <DocumentSectionCode>07B</DocumentSectionCode>
          <TagID>06A</TagID>
        </Pointer>
      </AdditionalInformation>
      <Amendment>
        <ChangeReasonCode>25</ChangeReasonCode>
        <Pointer>
          <DocumentSectionCode>42A</DocumentSectionCode>
        </Pointer>
        <Pointer>
          <DocumentSectionCode>67A</DocumentSectionCode>
        </Pointer>
        <Pointer>
          <SequenceNumeric>1</SequenceNumeric>
          <DocumentSectionCode>68A</DocumentSectionCode>
        </Pointer>
        <Pointer>
          <SequenceNumeric>1</SequenceNumeric>
          <DocumentSectionCode>02A</DocumentSectionCode>
          <TagID>360</TagID>
        </Pointer>
      </Amendment>
      <Declaration>
        <FunctionalReferenceID>R280_E2E_TC02_2005_002</FunctionalReferenceID>
        <ID>20GB5KSFK8ML1FGVR0</ID>
        <VersionID>2</VersionID>
      </Declaration>
      <Declaration>
        <FunctionCode>9</FunctionCode>
        <GoodsShipment>
          <GovernmentAgencyGoodsItem>
            <SequenceNumeric>1</SequenceNumeric>
            <AdditionalDocument>
              <LPCOExemptionCode>EE</LPCOExemptionCode>
            </AdditionalDocument>
            <AdditionalDocument/>
            <AdditionalDocument/>
            <AdditionalDocument/>
            <AdditionalDocument/>
          </GovernmentAgencyGoodsItem>
        </GoodsShipment>
      </Declaration>
    </Response>
  </MetaData>
