  <MetaData><WCODataModelVersionCode>3.6</WCODataModelVersionCode><WCOTypeName>RES</WCOTypeName><ResponsibleCountryCode/><ResponsibleAgencyName/><AgencyAssignedCustomizationCode/><AgencyAssignedCustomizationVersionCode/><Response>
      <FunctionCode>02</FunctionCode>
      <FunctionalReferenceID>5cc68d3101fe492aa9429e8c3c04b540</FunctionalReferenceID>
      <IssueDateTime>
        <DateTimeString formatCode="304">20200520123142Z</DateTimeString>
      </IssueDateTime>
      <Declaration>
        <FunctionalReferenceID>R280_TC02AMND_001</FunctionalReferenceID>
        <ID>20GB5KSFK8ML1FGVR0</ID>
        <VersionID>1</VersionID>
      </Declaration>
    </Response>
  </MetaData>
