<ns2:inventoryLinkingMovementTotalsResponse xmlns="http://gov.uk/customs/inventoryLinking/gatewayHeader/v1" xmlns:ns2="http://gov.uk/customs/inventoryLinking/v1">
    <ns2:messageCode>EMR</ns2:messageCode>
    <ns2:crc>000</ns2:crc>
    <ns2:goodsLocation>GBAULHRLHRANS</ns2:goodsLocation>
    <ns2:masterUCR>GB/FCP1-CDSDM1T15M1</ns2:masterUCR>
    <ns2:declarationCount>1</ns2:declarationCount>
    <ns2:goodsArrivalDateTime>2021-07-15T09:30:00.000Z</ns2:goodsArrivalDateTime>
    <ns2:movementReference>Movement14</ns2:movementReference>
    <ns2:masterROE>6</ns2:masterROE>
    <ns2:masterSOE>C</ns2:masterSOE>
    <ns2:entry>
        <ns2:ucrBlock>
            <ns2:ucr>1GB427168118378-15M11D1</ns2:ucr>
            <ns2:ucrType>D</ns2:ucrType>
        </ns2:ucrBlock>
        <ns2:entryStatus>
            <ns2:roe>6</ns2:roe>
            <ns2:soe>14</ns2:soe>
        </ns2:entryStatus>
    </ns2:entry>
</ns2:inventoryLinkingMovementTotalsResponse>