<MetaData>
    <WCODataModelVersionCode>3.6</WCODataModelVersionCode>
    <WCOTypeName>RES</WCOTypeName>
    <ResponsibleCountryCode/>
    <ResponsibleAgencyName/>
    <AgencyAssignedCustomizationCode/>
    <AgencyAssignedCustomizationVersionCode/>
    <Response>
        <FunctionCode>16</FunctionCode>
        <FunctionalReferenceID>1cc83a10c00f47d294fa080b250d885b</FunctionalReferenceID>
        <IssueDateTime>
            <DateTimeString formatCode="304">20210716172503Z</DateTimeString>
        </IssueDateTime>
        <AdditionalInformation>
            <StatementCode/>
            <StatementDescription>GB000040</StatementDescription>
            <StatementTypeCode>CEX</StatementTypeCode>
        </AdditionalInformation>
        <Status>
            <EffectiveDateTime>
                <DateTimeString formatCode="304">20210716000000Z</DateTimeString>
            </EffectiveDateTime>
            <NameCode>A1</NameCode>
        </Status>
        <Declaration>
            <FunctionalReferenceID>R322_E2E_TC01_CDS2</FunctionalReferenceID>
            <ID>21GB7T13JZB2RVAXA8</ID>
            <VersionID>2</VersionID>
        </Declaration>
    </Response>
</MetaData>