<MetaData xmlns:xsi="http://www.w3.org/2001/XMLSchema-instance" xmlns:v3="http://core.dms/TraderNotificationServiceSOAP/v3/" xmlns:soapenv="http://schemas.xmlsoap.org/soap/envelope/" xmlns:soapenc="http://schemas.xmlsoap.org/soap/encoding/" xmlns:xsd="http://www.w3.org/2001/XMLSchema">
    <WCODataModelVersionCode>3.6</WCODataModelVersionCode>
    <WCOTypeName>RES</WCOTypeName>
    <ResponsibleCountryCode/>
    <ResponsibleAgencyName/>
    <AgencyAssignedCustomizationCode/>
    <AgencyAssignedCustomizationVersionCode/>
    <Response>
        <FunctionCode>13</FunctionCode>
        <FunctionalReferenceID>54ada0d0f09143d28518eb1f777d83e9</FunctionalReferenceID>
        <IssueDateTime>
            <DateTimeString formatCode="304">20220304140129Z</DateTimeString>
        </IssueDateTime>
        <Bank>
            <ReferenceID xsi:type="BankReferenceIDType">CITIGB2LLON</ReferenceID>
            <ID xsi:type="BankAccountIdentificationIDType">GB25CITI08320011963155</ID>
        </Bank>
        <Status>
            <NameCode>67</NameCode>
        </Status>
        <Declaration>
            <FunctionalReferenceID>CSDP_9778_001_1402_00</FunctionalReferenceID>
            <ID>22GB2HFCXR8BO07AR1</ID>
            <VersionID>1</VersionID>
            <GoodsShipment>
                <GovernmentAgencyGoodsItem>
                    <SequenceNumeric>1</SequenceNumeric>
                    <Commodity>
                        <DutyTaxFee>
                            <DeductAmount xsi:type="DutyTaxFeeDeductAmountType" currencyID="GBP">0.00</DeductAmount>
                            <DutyRegimeCode xsi:type="DutyTaxFeeDutyRegimeCodeType">100</DutyRegimeCode>
                            <TypeCode xsi:type="DutyTaxFeeTypeCodeType">A00</TypeCode>
                            <Payment>
                                <TaxAssessedAmount xsi:type="PaymentTaxAssessedAmountType" currencyID="GBP">130.00</TaxAssessedAmount>
                                <PaymentAmount xsi:type="PaymentPaymentAmountType" currencyID="GBP">130.00</PaymentAmount>
                            </Payment>
                        </DutyTaxFee>
                        <DutyTaxFee>
                            <AdValoremTaxBaseAmount xsi:type="DutyTaxFeeAdValoremTaxBaseAmountType" currencyID="GBP">1130.00</AdValoremTaxBaseAmount>
                            <DeductAmount xsi:type="DutyTaxFeeDeductAmountType" currencyID="GBP">0.00</DeductAmount>
                            <DutyRegimeCode xsi:type="DutyTaxFeeDutyRegimeCodeType">100</DutyRegimeCode>
                            <TaxRateNumeric>20.00</TaxRateNumeric>
                            <TypeCode xsi:type="DutyTaxFeeTypeCodeType">B00</TypeCode>
                            <Payment>
                                <TaxAssessedAmount xsi:type="PaymentTaxAssessedAmountType" currencyID="GBP">226.00</TaxAssessedAmount>
                                <PaymentAmount xsi:type="PaymentPaymentAmountType" currencyID="GBP">0.00</PaymentAmount>
                            </Payment>
                        </DutyTaxFee>
                        <DutyTaxFee>
                            <DeductAmount xsi:type="DutyTaxFeeDeductAmountType" currencyID="GBP">1905.75</DeductAmount>
                            <DutyRegimeCode xsi:type="DutyTaxFeeDutyRegimeCodeType">100</DutyRegimeCode>
                            <TypeCode xsi:type="DutyTaxFeeTypeCodeType">411</TypeCode>
                            <Payment>
                                <TaxAssessedAmount xsi:type="PaymentTaxAssessedAmountType" currencyID="GBP">0.00</TaxAssessedAmount>
                                <PaymentAmount xsi:type="PaymentPaymentAmountType" currencyID="GBP">0.00</PaymentAmount>
                            </Payment>
                        </DutyTaxFee>
                    </Commodity>
                </GovernmentAgencyGoodsItem>
            </GoodsShipment>
        </Declaration>
    </Response>
</MetaData>