<MetaData xmlns:xsi="http://www.w3.org/2001/XMLSchema-instance" xmlns:v3="http://core.dms/TraderNotificationServiceSOAP/v3/" xmlns:soapenv="http://schemas.xmlsoap.org/soap/envelope/" xmlns:soapenc="http://schemas.xmlsoap.org/soap/encoding/" xmlns:xsd="http://www.w3.org/2001/XMLSchema">
    <WCODataModelVersionCode>3.6</WCODataModelVersionCode>
    <WCOTypeName>RES</WCOTypeName>
    <ResponsibleCountryCode/>
    <ResponsibleAgencyName/>
    <AgencyAssignedCustomizationCode/>
    <AgencyAssignedCustomizationVersionCode/>
    <Response>
        <FunctionCode>09</FunctionCode>
        <FunctionalReferenceID>dc843b6010a34e6184eed15ef0bf2561</FunctionalReferenceID>
        <IssueDateTime>
            <DateTimeString formatCode="304">20220304140136Z</DateTimeString>
        </IssueDateTime>
        <AdditionalInformation>
            <StatementCode xsi:type="AdditionalInformationStatementCodeType">A2</StatementCode>
            <StatementTypeCode xsi:type="AdditionalInformationStatementTypeCodeType">AFB</StatementTypeCode>
        </AdditionalInformation>
        <Declaration>
            <FunctionalReferenceID>CSDP_9778_001_1402_00</FunctionalReferenceID>
            <ID>22GB2HFCXR8BO07AR1</ID>
            <VersionID>1</VersionID>
        </Declaration>
    </Response>
</MetaData>