<md:MetaData
      xmlns="urn:wco:datamodel:WCO:DEC-DMS:2"
      xmlns:xsi="http://www.w3.org/2001/XMLSchema-instance"
      xmlns:clm63055="urn:un:unece:uncefact:codelist:standard:UNECE:AgencyIdentificationCode:D12B"
      xmlns:ds="urn:wco:datamodel:WCO:MetaData_DS-DMS:2"
      xmlns:md="urn:wco:datamodel:WCO:DocumentMetaData-DMS:2"
      xsi:schemaLocation="urn:wco:datamodel:WCO:DocumentMetaData-DMS:2 ../DocumentMetaData_2_DMS.xsd "    >
	<md:WCODataModelVersionCode>3.6</md:WCODataModelVersionCode>
	<md:WCOTypeName>DEC</md:WCOTypeName>
	<md:ResponsibleCountryCode>GB</md:ResponsibleCountryCode>
	<md:ResponsibleAgencyName>HMRC</md:ResponsibleAgencyName>
	<md:AgencyAssignedCustomizationVersionCode>v2.1</md:AgencyAssignedCustomizationVersionCode>
	<Declaration
        xmlns="urn:wco:datamodel:WCO:DEC-DMS:2"
        xmlns:clm5ISO42173A="urn:un:unece:uncefact:codelist:standard:ISO:ISO3AlphaCurrencyCode:2012-08-31"
        xmlns:clm63055="urn:un:unece:uncefact:codelist:standard:UNECE:AgencyIdentificationCode:D12B"
        xmlns:p1="urn:wco:datamodel:WCO:Declaration_DS:DMS:2"
        xmlns:udt="urn:un:unece:uncefact:data:standard:UnqualifiedDataType:6"
        xmlns:xsi="http://www.w3.org/2001/XMLSchema-instance"
        xsi:schemaLocation="urn:wco:datamodel:WCO:DEC-DMS:2 ../WCO_DEC_2_DMS.xsd " >
		<!--SCENARIO
            Removal of goods from a private customs warehouse using EIDR
            EIDR Supplementary Declaration Type Z which derives a H1 Declaration Category data set
            Procedure code 4071, no additional procedure 000
            Deferred payment is being used with specific authority - Declarant is authorized to use the Importer's DAN
            Agent has a Function Code of 2 indicating a direct representative of the importer.
            Agent and Declarant ID have the same EORI values of Declarant/ Agent EORI: GB603202734852
            Also results in a FEC challenge, which is detailed in the DMSACC Trader Notification: “Incredible value found : Value per kilo appears too high for this commodity”.
            Acceptance Date is present on all supplementary declarations, and will match the CLE date listed in 2/1.-->

		<AcceptanceDateTime>
			<p1:DateTimeString formatCode="304">20200324143931+01</p1:DateTimeString>
		</AcceptanceDateTime>
		<!-- Function Code of 9 to represent an original declaration -->
		<FunctionCode>9</FunctionCode>
		<!-- DE 2/5: Traders own reference number – this must be unique to the transaction -->
		<FunctionalReferenceID>TT_IM02b_2503_010</FunctionalReferenceID>
		<!--DE 1/1: IM to represent an import declaration.-->
		<!--DE 1/2: Z to represent an EIDR supplementary declaration.-->
		<TypeCode>IMZ</TypeCode>
		<!--DE 1/9: Total number of goods items on the declaration - single item declaration.-->
		<GoodsItemQuantity>1</GoodsItemQuantity>
		<!--6/18: Total packages -  55 Note that this matches DE 6/10 because this is a single item declaration.-->
		<TotalPackageQuantity>55</TotalPackageQuantity>
		<!--DE 2/6: The DAN account used for deferred payment (of third country duty in this scenario)
               This declared DAN belongs to the importer declared on the declaration.-->
		<AdditionalDocument>
			<CategoryCode>1</CategoryCode>
			<ID>1108654</ID>
			<TypeCode>DAN</TypeCode>
		</AdditionalDocument>
		<!--DE 3/20: ID of the representative. When declared, the UK requires
               an EORI to be provided for the representative.-->
		<!--DE 3/21: FunctionCode of 2 indicating agent acting in direct representation
               for the importer (holding written instruction to do so).-->
		<Agent>
			<ID>GB603202734852</ID>
			<FunctionCode>2</FunctionCode>
		</Agent>
		<!--DE 3/39: An authorisation type code of EIR is required for authorisation
               for making a customs declaration through an entry in the declarant’s records.
               The ID is the EORI of the EIDR authorised party-->
		<AuthorisationHolder>
			<ID>GB553202734852</ID>
			<CategoryCode>EIR</CategoryCode>
		</AuthorisationHolder>
		<!--DE 3/39: An authorisation type code of AEOC indicates an authorisation
               for the status of Authorised Economic Operator - Customs Simplifications.
               The ID is the EORI of the AEOC authorised party..-->
		<AuthorisationHolder>
			<ID>GB553202734852</ID>
			<CategoryCode>AEOC</CategoryCode>
		</AuthorisationHolder>
		<!--DE 3/39: An authorisation type code of DPO indicates Deferment
               of payment authorisation. See DE 2/3 where a document code of C506 has been
               entered. The ID here is the EORI of the DPO authorised party. -->
		<AuthorisationHolder>
			<ID>GB553202734852</ID>
			<CategoryCode>DPO</CategoryCode>
		</AuthorisationHolder>
		<!--DE 3/39: An authorisation type code of CWP indicates operation of storage
               facilities for the customs warehousing of goods in a private customs warehouse
               The ID is the EORI number of the Private Customs Warehousekeeper. As per the
               import declaration completion guide, when goods are being removed from a private
               customs warehouse, the EORI number entered here must be the same as the
               Importer's EORI number declared in DE 3/16.-->
		<AuthorisationHolder>
			<ID>GB553202734852</ID>
			<CategoryCode>CWP</CategoryCode>
		</AuthorisationHolder>
		<!--DE 3/39: An authorisation type code of CGU is required where CCG authorisation
               is being declared or a waiver is being claimed. In this scenario, a waiver is being
               claimed. See DE 2/3 where a document code of C505 has been entered.
               The ID here is the EORI of the CCG authorised party.-->
		<AuthorisationHolder>
			<ID>GB553202734852</ID>
			<CategoryCode>CGU</CategoryCode>
		</AuthorisationHolder>
		<BorderTransportMeans>
			<!--DE 7/15: Country code of the nationality of the active means of transport
                  crossing the border, in this case US.-->
			<RegistrationNationalityCode>US</RegistrationNationalityCode>
			<!--DE 7/4: ModeCode of 1 to represent Maritime/Sea transport as the
                  mode of transport at the border-->
			<ModeCode>1</ModeCode>
		</BorderTransportMeans>
		<!--DE 3/18: The EORI number of the agent entering the declaration
               The UK requires an EORI to be provided for the declarant
               In this scenario, this is the same as the EORI of the Agent -->
		<Declarant>
			<ID>GB603202734852</ID>
		</Declarant>
		<!--DE 3/1: Exporter name and address is mandatory where no recognised EORI
               number has been entered into DE 3/2-->
		<Exporter>
			<Name>Chicago Cocoa Company</Name>
			<Address>
				<CityName>Chicago</CityName>
				<CountryCode>US</CountryCode>
				<Line>10 Irwin Street</Line>
				<PostcodeID>H81 4RG</PostcodeID>
			</Address>
		</Exporter>
		<GoodsShipment>
			<!--DE 8/5: Nature of transaction: 1 to indicate transactions involving actual or
               	  intended transfer of ownership from residents to non-residents against financial
               	  or other compensation.-->
			<TransactionNatureCode>1</TransactionNatureCode>
			<Consignment>
				<!--DE 7/2:  Indicator to show if goods are packed in a container or not.
                     1 indicates that goods are transported in containers
                     Note: Unlike CHIEF this must now be completed-->
				<ContainerCode>1</ContainerCode>
				<!--DE 7/9:  Identity of means of transport on arrival.
                     Example number representing IMO ship identification number:
                     ‘10’, and 5 digits for the identification number: ‘12345’.-->
				<ArrivalTransportMeans>
					<ID>12345</ID>
					<IdentificationTypeCode>10</IdentificationTypeCode>
					<!--DE 7/5: Inland Mode of Transport - 3 to represent Road Transport.
                        This is required as customs procedures are completed away from the border.-->
					<ModeCode>3</ModeCode>
				</ArrivalTransportMeans>
				<!--DE 5/23:ID to give a unique position of the location -->
				<GoodsLocation>
					<!--DE 5/23:The location code for the Customs Warehouse. .-->
					<Name>1234567GB</Name>
					<!--DE 5/23: Type of Location - B is used to identify inland locations such as customs warehouses.-->
					<TypeCode>B</TypeCode>
					<Address>
						<!--DE 5/23: Type of ID of the Location - Y is used where the goods location is identified by an authorisation number.-->
						<TypeCode>Y</TypeCode>
						<!--DE 5/23: Country code of the country where the goods may be examined,
                           GB in this scenario.-->
						<CountryCode>GB</CountryCode>
					</Address>
				</GoodsLocation>
				<!--DE 7/10:  Container identification number. This is alpha-numeric up to
                     a total of 17 characters.
                     This is required where the container code in DE 7/2 is '1', indicating
                     containerised traffic.
                     For containers covered by the standard ISO 6346, the identifier (prefix) allocated
                     by the International Bureau of Containers and Intermodal Transport (BIC) shall
                     also be provided in addition to the container identification number.
                     For swap bodies and semi-trailers the ILU (Intermodal Loading Units) code as
                     introduced by the European EN 13044 shall be used.-->
				<TransportEquipment>
					<SequenceNumeric>1</SequenceNumeric>
					<ID>DM1234</ID>
				</TransportEquipment>
			</Consignment>
			<!--DE 5/8: Country code of the destination country, in this case GB.-->
			<Destination>
				<CountryCode>GB</CountryCode>
			</Destination>
			<!--DE 5/14: Country code for the country from which the goods were
                  originally dispatched, in this case US.-->
			<ExportCountry>
				<ID>US</ID>
			</ExportCountry>
			<GovernmentAgencyGoodsItem>
				<!--DE 1/6: Sequential number of the goods item.-->
				<SequenceNumeric>1</SequenceNumeric>
				<AdditionalDocument>
					<!--DE 2/3: A document code of C514 indicates EIR - Authorisation
                        for making a customs declaration through an entry in the declarant’s
                        records.-->
					<CategoryCode>C</CategoryCode>
					<ID>GBEIR553202734852I20190613093448</ID>
					<TypeCode>514</TypeCode>
				</AdditionalDocument>
				<!--DE 2/3: A document code of C501 indicates
                     AEOC - Authorisation for the status of Authorised Economic Operator - Customs Simplifications -->
				<AdditionalDocument>
					<CategoryCode>C</CategoryCode>
					<ID>GB AEOC 4274/19</ID>
					<TypeCode>501</TypeCode>
				</AdditionalDocument>
				<!--C506 indicates DPO - Authorisation for the deferment of payment.  Provide the authorisation decision number
                     for the deferment of payment authorisation in the format:
                     - 2 digit code identifying the member state of authorisation, for example, GB
                     - 3 digit code indicating that a deferment of payment authorisation is held, that is, DPO
                     - followed by the authorisation reference number. No document status code is required.-->
				<AdditionalDocument>
					<CategoryCode>C</CategoryCode>
					<ID>GBDPO1108654</ID>
					<TypeCode>506</TypeCode>
				</AdditionalDocument>
				<!--DE 2/3: A document code of C517 indicates CWP - Authorisation
                     for the operation of storage facilities for the customs warehousing of goods in a private customs warehouse .-->
				<AdditionalDocument>
					<CategoryCode>C</CategoryCode>
					<ID>GBCWP55320273485220190607191400</ID>
					<TypeCode>517</TypeCode>
				</AdditionalDocument>
				<!--DE 2/3: A document code of C505 indicates ‘CGU - Authorisation for the provision of a
                     comprehensive guarantee, including possible reduction or waiver.
                     In this scenario, a waiver to the CCG authorisation is being used (indicated by
                     the status code of "CC"), and therefore the ID also indicates that a waiver is being used.-->
				<AdditionalDocument>
					<CategoryCode>C</CategoryCode>
					<ID>GBCGUGuaranteenotrequired</ID>
					<TypeCode>505</TypeCode>
					<LPCOExemptionCode>CC</LPCOExemptionCode>
				</AdditionalDocument>
				<!--DE 2/3: A document code of N935 indicates the invoice on the basis of which the
                     customs value of the goods is declared. This is required as a Valuation Method
                     of 1 to indicate transaction value has been declared in DE 4/16.-->
				<AdditionalDocument>
					<CategoryCode>N</CategoryCode>
					<ID>12345/18.09.2019</ID>
					<TypeCode>935</TypeCode>
					<LPCOExemptionCode>AC</LPCOExemptionCode>
				</AdditionalDocument>
				<!--DE 2/3: A document code of Y023 for the Importer AEO certificate number.
                     ID contains the reference number of the certificate.-->
				<AdditionalDocument>
					<CategoryCode>Y</CategoryCode>
					<ID>03000/15</ID>
					<TypeCode>023</TypeCode>
				</AdditionalDocument>
				<!--DE 2/3: A document code of Y024 for the Declarant AEO certificate number.
                     ID contains the reference number of the certificate.-->
				<AdditionalDocument>
					<CategoryCode>Y</CategoryCode>
					<ID>03000/15</ID>
					<TypeCode>024</TypeCode>
				</AdditionalDocument>
				<!--DE 2/3: A document code of Y027 for the Warehousekeeper AEO certificate number.
                     ID contains the reference number of the certificate.-->
				<AdditionalDocument>
					<CategoryCode>Y</CategoryCode>
					<ID>03000/15</ID>
					<TypeCode>027</TypeCode>
				</AdditionalDocument>
				<!--DE 2/3: A document code of C644 indicates Certificate of inspection for organic products-->
				<AdditionalDocument>
					<CategoryCode>C</CategoryCode>
					<ID>0054037-00554047</ID>
					<TypeCode>644</TypeCode>
					<LPCOExemptionCode>GE</LPCOExemptionCode>
				</AdditionalDocument>
				<!--DE 2/3: Document code of 1207 to indicate  Authorisation for Representative
                     to use DAN account. Date and location from the C1207S form are entered as the ID-->
				<AdditionalDocument>
					<CategoryCode>1</CategoryCode>
					<ID>18/09/2019GB</ID>
					<TypeCode>207</TypeCode>
					<LPCOExemptionCode>JP</LPCOExemptionCode>
				</AdditionalDocument>
				<Commodity>
					<!--DE 6/8:  Description of the goods specific enough to enable
                        classification – without repeating the CN code description in the Tariff.-->
					<Description>Cocoa Butter-fat and oil</Description>
					<Classification>
						<!--DE 6/14: Commodity code - combined nomenclature code.
                           IdentificationTypeCode of TSP indicates that a Transitional Simplified Procedure has been used-->
						<ID>18040000</ID>
						<IdentificationTypeCode>TSP</IdentificationTypeCode>
					</Classification>
					<Classification>
						<!--DE 6/15: Commodity code - TARIC code.-->
						<ID>00</ID>
						<IdentificationTypeCode>TRC</IdentificationTypeCode>
					</Classification>
					<Classification>
						<!-- DE 6/17: Commodity code – national additional codes.
                           VATZ to represent VAT 0% duty rate.-->
						<ID>VATZ</ID>
						<IdentificationTypeCode>GN</IdentificationTypeCode>
					</Classification>
					<DutyTaxFee>
						<!--DE 4/17: Preference Type of 100 represents no preference being claimed-->
						<DutyRegimeCode>100</DutyRegimeCode>
						<Payment>
							<!--DE 4/8: MethodCode of E to indicate Deferment used for import .-->
							<MethodCode>E</MethodCode>
						</Payment>
					</DutyTaxFee>
					<GoodsMeasure>
						<!--DE 6/5: Gross mass of the goods in kilograms including packaging.-->
						<GrossMassMeasure>15</GrossMassMeasure>
						<!--DE 6/1: Net mass of the goods in kilograms without any packaging.-->
						<NetNetWeightMeasure>10</NetNetWeightMeasure>
						<TariffQuantity>10</TariffQuantity>
					</GoodsMeasure>
					<!--DE 4/14:  Item price amount. The invoice was issued with of a
                        value of £1000 and the currency was in GBP.-->
					<InvoiceLine>
						<ItemChargeAmount currencyID="GBP">1000</ItemChargeAmount>
					</InvoiceLine>
				</Commodity>
				<!--DE 4/16: Valuation method: 1 to indicate the method is
                     transaction value of the imported goods.-->
				<CustomsValuation>
					<MethodCode>1</MethodCode>
				</CustomsValuation>
				<GovernmentProcedure>
					<!--DE 1/10: Requested Procedure of 40 indicating entry for free circulation
                     		and home use of goods.-->
					<CurrentCode>40</CurrentCode>
					<!--DE 1/10: Previous Procedure of 71 indicating goods are being removed from
                        a customs warehouse.-->
					<PreviousCode>71</PreviousCode>
				</GovernmentProcedure>
				<!--DE 1/11: 000 to indicate no additional procedure.-->
				<GovernmentProcedure>
					<CurrentCode>000</CurrentCode>
				</GovernmentProcedure>
				<!--DE 5/15: TypeCode of 1 to represent non-preferential origin.
                     Where preference in D.E. 4/17 begins with ‘1’, this must be completed .
                     CountryCode contains the code for the country from which the goods originated,
                     in this case Brazil.
                     It is a feature of DMS/CDS that requires an additional qualifier to separate DE 5/15
                     (from DE 5/16). It is not a part of the UCC or Tariff completion requirements.-->
				<Origin>
					<CountryCode>BR</CountryCode>
					<TypeCode>1</TypeCode>
				</Origin>
				<Packaging>
					<SequenceNumeric>1</SequenceNumeric>
					<!--DE 6/11: Shipping marks on the packages.-->
					<MarksNumbersID>PK12345</MarksNumbersID>
					<!--DE 6/10: Number of packages, in this case 55.-->
					<QuantityQuantity>55</QuantityQuantity>
					<!--DE 6/9: Type of packages - IG to represent 'Package, paper wrapped'.-->
					<TypeCode>IG</TypeCode>
				</Packaging>
				<!--DE 4/13: Valuation indicator - mandatory in this scenario as a
                     valuation method of 1 has been used in DE 4/16.
                     First digit: 0 = there is no price influence as a result of a
                     Party Relationship between the buyer and seller.
                     Second digit: 0 = there are no restrictions as to the disposal
                     or use of the goods by the buyer in accordance with Article 70(3)(a) of the Code.
                     Third digit: 0 = the sale or price is not subject to some condition
                     or consideration in accordance with Article 70(3)(b) of the Code.
                     Fourth digit: 0 = the sale is not subject to an arrangement under
                     which part of the proceeds of any subsequent resale, disposal or use
                     accrues directly or indirectly to the seller.-->
				<ValuationAdjustment>
					<AdditionCode>0000</AdditionCode>
				</ValuationAdjustment>
			</GovernmentAgencyGoodsItem>
			<!--DE 3/16: EORI number of the Importer.-->
			<Importer>
				<ID>GB553202734852</ID>
			</Importer>
			<!--DE 2/1 : The DUCR assigned to the consignment
                  Note: document class Y used for DUCR as sup dec.
                  As this is for a single item declaration, this should all be declared at header level.
                  In CDS, the MUCR (MCR) is not required on a sup dec.-->
			<PreviousDocument>
				<CategoryCode>Y</CategoryCode>
				<ID>9GB553202734852-20191107</ID>
				<TypeCode>DCR</TypeCode>
				<LineNumeric>1</LineNumeric>
			</PreviousDocument>
			<!--DE 2/1: YCLE To show the date of the EIDR record
                  (Note that this is item 6 from the EIDR record entry) -->
			<PreviousDocument>
				<CategoryCode>Y</CategoryCode>
				<ID>20200101</ID>
				<TypeCode>CLE</TypeCode>
				<LineNumeric>6</LineNumeric>
			</PreviousDocument>
			<!--DE 2/1: ZZZZ To represent the warehouse stock reference number. -->
			<PreviousDocument>
				<CategoryCode>Z</CategoryCode>
				<ID>STK12345</ID>
				<TypeCode>ZZZ</TypeCode>
				<LineNumeric>1</LineNumeric>
			</PreviousDocument>
			<!--DE 4/1: Mandatory as method 1 is being used in DE 4/16.
                  CIF to indicate Cost, Insurance and Freight.
                  GBTIL to represent the named port of destination: Tilbury, UK.-->
			<TradeTerms>
				<ConditionCode>CIF</ConditionCode>
				<LocationID>GBTIL</LocationID>
			</TradeTerms>
			<!--DE 2/4: Reference number which is optional for the declarant to complete.-->
			<UCR>
				<TraderAssignedReferenceID>9GB553202734852-20191107</TraderAssignedReferenceID>
			</UCR>
			<!-- DE 2/7: Warehouse type of U to represent private warehouse.
                  ID contains the private warehouse ID.-->
			<Warehouse>
				<ID>1234567</ID>
				<TypeCode>U</TypeCode>
			</Warehouse>
		</GoodsShipment>
		<ObligationGuarantee>
			<!--DE 8/3:  Guarantee reference number.
                  Where document code C505 is declared in DE 2/3 (Document Codes)
                  and authorisation type code CGU is declared in DE 3/39
                  (Holder of the Authorisation), then this data element is mandatory
                  ID indicates that the guarantee is not required, as stated in DE 8/2-->
			<ID>Guaranteenotrequired</ID>
			<!--DE 8/2:  Guarantee type.  0 to represent that a customs
                  comprehensive guarantee is being waived for the deferment of customs duty.
                  Where document code C505 is declared in DE 2/3 (Document Codes) and
                  authorisation type code CGU is declared in DE 3/39
                  (Holder of the Authorisation), then code ‘0’ or ‘1’ must be declared
                  in this data element-->
			<SecurityDetailsCode>0</SecurityDetailsCode>
		</ObligationGuarantee>
		<!--DE 5/27: Supervising customs office. The Supervising Office Code for the
               HMRC Office overseeing the Customs Warehouse procedure. In this scenario, this
               is Belfast, Dorchester House (NIRU).-->
		<SupervisingOffice>
			<ID>GBBEL004</ID>
		</SupervisingOffice>
	</Declaration>
</md:MetaData>