<MetaData>
    <WCODataModelVersionCode>3.6</WCODataModelVersionCode>
    <WCOTypeName>RES</WCOTypeName>
    <ResponsibleCountryCode/>
    <ResponsibleAgencyName/>
    <AgencyAssignedCustomizationCode/>
    <AgencyAssignedCustomizationVersionCode/>
    <Response>
        <FunctionCode>02</FunctionCode>
        <FunctionalReferenceID>3718a2e705ed4401b4260828c0c7ee35</FunctionalReferenceID>
        <IssueDateTime>
            <DateTimeString formatCode="304">20220127102904Z</DateTimeString>
        </IssueDateTime>
        <Declaration>
            <FunctionalReferenceID>TT_IM77a_v1.1_2701_01</FunctionalReferenceID>
            <ID>22GB11RULN221EQA05</ID>
            <VersionID>1</VersionID>
        </Declaration>
    </Response>
</MetaData>