<MetaData>
    <WCODataModelVersionCode>3.6</WCODataModelVersionCode>
    <WCOTypeName>RES</WCOTypeName>
    <ResponsibleCountryCode/>
    <ResponsibleAgencyName/>
    <AgencyAssignedCustomizationCode/>
    <AgencyAssignedCustomizationVersionCode/>
    <Response>
        <FunctionCode>01</FunctionCode>
        <FunctionalReferenceID>fa9a2e9dfed94a399a309ff9c87b1e84</FunctionalReferenceID>
        <IssueDateTime>
            <DateTimeString formatCode="304">20220127102904Z</DateTimeString>
        </IssueDateTime>
        <Declaration>
            <AcceptanceDateTime>
                <DateTimeString formatCode="304">20220127102904Z</DateTimeString>
            </AcceptanceDateTime>
            <FunctionalReferenceID>TT_IM77a_v1.1_2701_01</FunctionalReferenceID>
            <ID>22GB11RULN221EQA05</ID>
            <VersionID>2</VersionID>
        </Declaration>
    </Response>
</MetaData>