<MetaData>
    <WCODataModelVersionCode>3.6</WCODataModelVersionCode>
    <WCOTypeName>RES</WCOTypeName>
    <ResponsibleCountryCode/>
    <ResponsibleAgencyName/>
    <AgencyAssignedCustomizationCode/>
    <AgencyAssignedCustomizationVersionCode/>
    <Response>
        <FunctionCode>09</FunctionCode>
        <FunctionalReferenceID>a87f611a8b304587b5625d9db3ccb9d7</FunctionalReferenceID>
        <IssueDateTime>
            <DateTimeString formatCode="304">20220127102905Z</DateTimeString>
        </IssueDateTime>
        <AdditionalInformation>
            <StatementCode>A2</StatementCode>
            <StatementTypeCode>AFB</StatementTypeCode>
        </AdditionalInformation>
        <Declaration>
            <FunctionalReferenceID>TT_IM77a_v1.1_2701_01</FunctionalReferenceID>
            <ID>22GB11RULN221EQA05</ID>
            <VersionID>2</VersionID>
        </Declaration>
    </Response>
</MetaData>