  <MetaData><WCODataModelVersionCode>3.6</WCODataModelVersionCode><WCOTypeName>RES</WCOTypeName><ResponsibleCountryCode/><ResponsibleAgencyName/><AgencyAssignedCustomizationCode/><AgencyAssignedCustomizationVersionCode/><Response>
      <!-- This is an example of a DMSREJ notification. A FunctionCode of 03 demonstrates that the Declaration has been Rejected. -->
	  <FunctionCode>03</FunctionCode>
      <FunctionalReferenceID>f7e4c695bfa4442bb5b60ab4165e1345</FunctionalReferenceID>
      <IssueDateTime>
        <DateTimeString formatCode="304">20200211161115Z</DateTimeString>
      </IssueDateTime>
      <Declaration>
        <FunctionalReferenceID>R260_E2E_1102_02</FunctionalReferenceID>
        <ID>20GB1NJPYIQW9FGVR5</ID>
        <RejectionDateTime>
          <DateTimeString formatCode="304">20200211161115Z</DateTimeString>
        </RejectionDateTime>
        <VersionID>1</VersionID>
      </Declaration>
    </Response></MetaData>
