<MetaData>
    <WCODataModelVersionCode>3.6</WCODataModelVersionCode>
    <WCOTypeName>RES</WCOTypeName>
    <ResponsibleCountryCode/>
    <ResponsibleAgencyName/>
    <AgencyAssignedCustomizationCode/>
    <AgencyAssignedCustomizationVersionCode/>
    <Response>
        <FunctionCode>01</FunctionCode>
        <FunctionalReferenceID>a9d883d7e12a40399cef96844ac0d302</FunctionalReferenceID>
        <IssueDateTime>
            <DateTimeString formatCode="304">20210625145523Z</DateTimeString>
        </IssueDateTime>
        <Declaration>
            <AcceptanceDateTime>
                <DateTimeString formatCode="304">20210625145516Z</DateTimeString>
            </AcceptanceDateTime>
            <FunctionalReferenceID>TT_IM21a_v1.3_2506_01</FunctionalReferenceID>
            <ID>21GB6YXT85M4JYVJR2</ID>
            <VersionID>2</VersionID>
        </Declaration>
    </Response>
</MetaData>