	<md:MetaData
      xmlns="urn:wco:datamodel:WCO:DEC-DMS:2"
      xmlns:xsi="http://www.w3.org/2001/XMLSchema-instance"
      xmlns:clm63055="urn:un:unece:uncefact:codelist:standard:UNECE:AgencyIdentificationCode:D12B"
      xmlns:ds="urn:wco:datamodel:WCO:MetaData_DS-DMS:2"
      xmlns:md="urn:wco:datamodel:WCO:DocumentMetaData-DMS:2"
      xsi:schemaLocation="urn:wco:datamodel:WCO:DocumentMetaData-DMS:2 ../DocumentMetaData_2_DMS.xsd "    >
			<md:WCODataModelVersionCode>3.6</md:WCODataModelVersionCode>
			<md:WCOTypeName>DEC</md:WCOTypeName>
			<md:ResponsibleCountryCode>GB</md:ResponsibleCountryCode>
			<md:ResponsibleAgencyName>HMRC</md:ResponsibleAgencyName>
			<md:AgencyAssignedCustomizationVersionCode>v2.1</md:AgencyAssignedCustomizationVersionCode>
			<Declaration
        xmlns="urn:wco:datamodel:WCO:DEC-DMS:2"
        xmlns:clm5ISO42173A="urn:un:unece:uncefact:codelist:standard:ISO:ISO3AlphaCurrencyCode:2012-08-31"
        xmlns:clm63055="urn:un:unece:uncefact:codelist:standard:UNECE:AgencyIdentificationCode:D12B"
        xmlns:p1="urn:wco:datamodel:WCO:Declaration_DS:DMS:2"
        xmlns:udt="urn:un:unece:uncefact:data:standard:UnqualifiedDataType:6"
        xmlns:xsi="http://www.w3.org/2001/XMLSchema-instance"
        xsi:schemaLocation="urn:wco:datamodel:WCO:DEC-DMS:2 ../WCO_DEC_2_DMS.xsd " >

				<!--SCENARIO
				Goods imported and declared to free-circulation and home use of non-union goods, with no previous procedure
				Procedure code 4000 Additional Procedure code 000
				Goods: 65% chickens
				Frontier declaration: H1 additional declaration type A
				Importer is not an AEO authorisation holder
				Agent employed by the importer under direct rep.
				Deferment used for payment of duty
				Goods presented at Baltic Wharf, Wallasea Island (NILP)
				This scenario uses a Licence Document status code of EE, exhausting the licence -->

				<!--Function Code of 9 to represent an original declaration-->
				<FunctionCode>9</FunctionCode>
				<!--DE 2/5: Traders own reference number: this must be unique to the transaction-->
				<FunctionalReferenceID>R260_TC14_D3_1903_002</FunctionalReferenceID>

				<!--DE 1/1: IM to represent an import declaration-->
				<!--DE 1/2: A to represent an arrived frontier standard declaration-->
				<TypeCode>IMA</TypeCode>

				<!--DE 1/9: Total number of goods items on the declaration - single item declaration.-->
				<GoodsItemQuantity>1</GoodsItemQuantity>

				<!--6/18: Total packages -  100. Note that this matches DE 6/10 because this is a single item declaration.-->
				<TotalPackageQuantity>10</TotalPackageQuantity>

				<!--DE 2/6: The DAN account used for deferred payment.
					This declared DAN belongs to the importer declared on the declaration.-->
				<AdditionalDocument>
					<CategoryCode>1</CategoryCode>
					<ID>1108654</ID>
					<TypeCode>DAN</TypeCode>
				</AdditionalDocument>

				<Agent>
					<!--DE 3/20: ID of the representative. When declared, the UK requires an EORI to be provided for the representative.-->
					<ID>GB603202734852</ID>
					<!--DE 3/21: FunctionCode of 2 indicating agent acting in direct representation
						for the importer (holding written instruction to do so).-->
					<FunctionCode>2</FunctionCode>
				</Agent>


				<!--DE 3/39: An authorisation type code of CGU is required as CCG authorisation
								is being declared (see DE 2/3 where a document code of C505 has been entered).
								The ID here is the EORI of the CCG authorised party.-->
				<AuthorisationHolder>
					<ID>GB553202734852</ID>
					<CategoryCode>CGU</CategoryCode>
				</AuthorisationHolder>

				<!--DE 3/39: An authorisation type code of DPO indicates Deferment of Payment
								authorisation. The ID here is the EORI of the DPO authorised party.-->
				<AuthorisationHolder>
					<ID>GB553202734852</ID>
					<CategoryCode>DPO</CategoryCode>
				</AuthorisationHolder>

				<BorderTransportMeans>
					<!--DE 7/15: Country code of the nationality of the active means of transport crossing the border, in this case GB.-->
					<RegistrationNationalityCode>GB</RegistrationNationalityCode>
					<!--DE 7/4: ModeCode of 1 to represent Maritime/Sea transport as the mode of transport at the border-->
					<ModeCode>1</ModeCode>
				</BorderTransportMeans>

				<Declarant>
					<!--DE 3/18: The EORI number of the agent entering the declaration. The UK requires an EORI to be provided for the declarant. -->
					<!-- <ID>GB603202734852</ID> -->
					<ID>GB603202734852</ID>
				</Declarant>

				<Exporter>
					<!--DE 3/1: Exporter name and address is mandatory where no recognised EORI number has been entered into DE 3/2.-->
					<Name>Argentina Trading.</Name>
					<Address>
						<CityName>Buenos Aires</CityName>
						<CountryCode>AR</CountryCode>
						<Line>1 Trade Street</Line>
						<PostcodeID>BA1 234</PostcodeID>
					</Address>
				</Exporter>

				<GoodsShipment>
					<Consignment>
						<!--DE 7/2: Indicator to show if goods are packed in a container or not.
							1 indicates that goods are transported in containers.
							Note: Unlike CHIEF this must now be completed.-->
						<ContainerCode>1</ContainerCode>

						<!--DE 7/9: Identity of the means of transport on arrival.
							Example number representing IMO ship identification number: '10',
							and 5 digits for the identification number: '12345'.-->
						<ArrivalTransportMeans>
							<ID>12345</ID>
							<IdentificationTypeCode>10</IdentificationTypeCode>
						</ArrivalTransportMeans>

						<!--DE 5/23: The location code for Wallasea Island, Baltic Wharf, a non-inventory linked location -->
						<GoodsLocation>
							<!--DE 5/23: ID to give a unique position of the location.-->
							<Name>WLALONBTW</Name>
							<!--DE 5/23: Type of Location - A in this scenario to represent that it is a designated location.-->
							<TypeCode>A</TypeCode>
							<Address>
								<!--DE 5/23: Type of ID of the Location - U in this scenario for UN/LOCODE.-->
								<TypeCode>U</TypeCode>
								<!--DE 5/23: Country code of the country where the goods may be examined, GB in this scenario.-->
								<CountryCode>GB</CountryCode>
							</Address>
						</GoodsLocation>
					</Consignment>

					<!--DE 5/8: Country code of the destination country: GB.-->
					<Destination>
						<CountryCode>GB</CountryCode>
					</Destination>

					<!--DE 5/14: Country code of the dispatch country: AR.-->
					<ExportCountry>
						<ID>AR</ID>
					</ExportCountry>

					<GovernmentAgencyGoodsItem>
						<!--DE 1/6: Sequential number of the goods item-->
						<SequenceNumeric>1</SequenceNumeric>
						<!--DE 8/6: Statistical Value: Enter the statistical value for the goods item in GBP,
							irrespective of the currency used in Invoice Currency. -->
						<StatisticalValueAmount currencyID="GBP">1500</StatisticalValueAmount>
						<!--DE 8/5: Nature of transaction: 1 to indicate transactions involving actual or
							intended transfer of ownership from residents to non-residents against financial
							or other compensation.-->
						<TransactionNatureCode>1</TransactionNatureCode>
						<!-- DE 2/3: A document code of L001 indicates: CAP import licences. Import licence AGRIM.  COMMISSION DELEGATED REGULATION (EU) 2016/1237
						supplementing Regulation (EU) No 1308/2013 of the European Parliament and of the Council with regard to the rules for applying the system of import and export licences and supplementing Regulation (EU) No 1306/2013 of the European Parliament and of the Council with regard to the rules on the release and forfeit of securities lodged for such licences, amending Commission Regulations (EC) No 2535/2001, (EC) No 1342/2003, (EC) No 2336/2003, (EC) No 951/2006, (EC) No 341/2007 and (EC) No 382/2008 and repealing Commission Regulations (EC) No 2390/98, (EC) No 1345/2005, (EC) No 376/2008 and (EC) No 507/2008.
						Document code of EE indicates Electronic details on CDS – exhausted.
						N.B. using this status code will exhaust the licence. Document code EP should be used for testing purposes -->
						<AdditionalDocument>
							<CategoryCode>L</CategoryCode>
							<ID>GBCPI1AB12346-0001</ID>
							<TypeCode>001</TypeCode>
							<LPCOExemptionCode>EE</LPCOExemptionCode>
							<WriteOff>
							<QuantityQuantity unitCode="KGM#G">6</QuantityQuantity>
							</WriteOff>
						</AdditionalDocument>

						<!-- DE 2/3: A document code of Y100 indicates special entries on the import licence AGRIM. -->
						<AdditionalDocument>
							<CategoryCode>Y</CategoryCode>
							<ID>GBCPI1AC12346</ID>
							<TypeCode>100</TypeCode>
							<LPCOExemptionCode>EE</LPCOExemptionCode>
							<WriteOff>
							<QuantityQuantity unitCode="KGM#G">7</QuantityQuantity>
							</WriteOff>
						</AdditionalDocument>

						<!--DE 2/3: A document code of N853 indicates Common Veterinary Entry Document (CVED) in accordance with Regulation (EC) No. 136/2004, used for veterinary check on products.
						Enter GBCVD and the reference number of the CVED. A separate N853 entry in DE 2/3 is required for each individual CVED.
						Document code of JE in this scenario indicates document held by authorised trader exhausted by (or only applies to) this entry-->
						<AdditionalDocument>
							<CategoryCode>N</CategoryCode>
							<ID>GBCVD20191234567</ID>
							<TypeCode>853</TypeCode>
							<LPCOExemptionCode>JE</LPCOExemptionCode>
						</AdditionalDocument>

						<!-- DE 2/3:	A document code of Y929 indicates: Goods not concerned by
									Regulation (EC) No 834/2007 (organic products)
									Council Regulation (EC) No 834/2007 on organic production
									and labelling of organic products and repealing Regulation (EEC) No 2092/91. -->
						<AdditionalDocument>
							<CategoryCode>Y</CategoryCode>
							<ID>Excluded from Reg 834/2007</ID>
							<Name>Waiver Reason</Name>
							<TypeCode>929</TypeCode>
						</AdditionalDocument>

						<!-- DE 2/3:	A document code of 9120 indicates: Importation of animal pathogens Licence under the Importation of Animal pathogens Order 1980 (IAPO).
						Document code of XX in this scenario indicates Ex-heading goods for which the document doesn't apply -->
						<AdditionalDocument>
							<CategoryCode>9</CategoryCode>
							<ID>GBAHC0000000</ID>
							<TypeCode>120</TypeCode>
							<LPCOExemptionCode>XX</LPCOExemptionCode>
						</AdditionalDocument>

						<!--DE 2/3: A document code of C505 indicates CGU - Authorisation for the provision
									of a comprehensive guarantee, including possible reduction or waiver. In this
									scenario, a waiver to the CCG authorisation is being used (indicated by the status
									code of "CC"),and therefore the ID also indicates that a waiver is being used.-->
						<AdditionalDocument>
							<CategoryCode>C</CategoryCode>
							<ID>GBCGU55320273485220191113093459</ID>
							<TypeCode>505</TypeCode>
						</AdditionalDocument>

						<!--DE 2/3: C506 indicates DPO - Authorisation for the deferment of payment.
									 Provide the authorisation decision number for the deferment of payment
									 authorisation in format:
										- 2 digit code identifying the member state of authorisation, for example, GB
										- 3 digit code indicating that a deferment of payment authorisation is held,
									that is, DPO
										- Followed by the authorisation reference number. No document status code is required.-->
						<AdditionalDocument>
							<CategoryCode>C</CategoryCode>
							<ID>GBDPO1108654</ID>
							<TypeCode>506</TypeCode>
						</AdditionalDocument>

						<!-- DE 2/3: A document code of 1207 indicates: Providing specific Authority for an Agent (Declarant/Representative) to use an Importers deferment account.
						Authorisation is in the format: Enter the date and location details from Form C1207S.
						Document code of AG in this scenario indicates Document attached exhausted by (or only applies to) this entry (document retained) -->
						<AdditionalDocument>
							<CategoryCode>1</CategoryCode>
							<ID>20191201Wallasea</ID>
							<TypeCode>207</TypeCode>
							<LPCOExemptionCode>AG</LPCOExemptionCode>
						</AdditionalDocument>

						<!--DE 2/3: A document code of N935 indicates: the invoice on the basis of which
							the customs value of the goods is declared.
							This is required as a Valuation Method of 1 to indicate transaction value has been declared in DE 4/16.-->
						<AdditionalDocument>
							<CategoryCode>N</CategoryCode>
							<ID>12345/01.12.2019</ID>
							<TypeCode>935</TypeCode>
							<LPCOExemptionCode>AC</LPCOExemptionCode>
						</AdditionalDocument>



						<Commodity>
							<!--DE 6/8: Description of the goods specific enough to enable classification
                          - without repeating the CN code description in the Tariff.-->
							<Description>Plucked and Drawn chickens 1000KG - 65% chickens</Description>

							<Classification>
								<!--DE 6/14: Commodity code - combined nomenclature code.-->
								<ID>02071290</ID>
								<IdentificationTypeCode>TSP</IdentificationTypeCode>
							</Classification>

							<!--DE 6/15: Commodity code - The TARIC code (two characters for the application of specific Union measures in respect of formalities to be completed at destination).-->
							<Classification>
								<ID>00</ID>
								<IdentificationTypeCode>TRC</IdentificationTypeCode>
							</Classification>
                            				<!-- DE 6/17: Commodity code national additional codes. VATZ to represent VAT 0 duty rate.-->
							<Classification>
								<ID>VATZ</ID>
								<IdentificationTypeCode>GN</IdentificationTypeCode>
							</Classification>

							<DutyTaxFee>
								<!--DE 4/3: Calculation of taxes - Tax type. In this scenario, A00 indicating Customs Duty -->
								<TypeCode>A00</TypeCode>
								<Payment>
									<!--DE 4/8: MethodCode of E to indicate Deferment used for import-->
									<MethodCode>E</MethodCode>
								</Payment>
							</DutyTaxFee>

							<DutyTaxFee>
								<!--DE 4/17: Preference Type of 120 represents preference being claimed.-->
								<DutyRegimeCode>120</DutyRegimeCode>
								<!--DE 8/1: Quota Order Number ID indicates: Quota claimed: 0 percent duty rate (security only required for critical quota claim).-->
								<QuotaOrderID>094067</QuotaOrderID>
							</DutyTaxFee>

							<GoodsMeasure>
								<!--DE 6/5: Gross mass of the goods in kilograms including packaging.-->
								<GrossMassMeasure>1100</GrossMassMeasure>
								<!--DE 6/1: Net mass of the goods in kilograms without any packaging.-->
								<NetNetWeightMeasure>1000</NetNetWeightMeasure>
							</GoodsMeasure>
							<InvoiceLine>
								<!--DE 4/14: Item price amount. The invoice was issued with a value of
								1500 and the currency was in GBP.-->
								<ItemChargeAmount currencyID="GBP">1500</ItemChargeAmount>
							</InvoiceLine>

							<!--DE 7/10: Container identification number. This is alpha-numeric with up to 17 characters.
								For containers covered by the standard ISO 6346, the identifier (prefix) allocated
								by the International Bureau of Containers and Intermodal Transport (BIC) shall
								also be provided in addition to the container identification number.
								For swap bodies and semi-trailers the ILU (Intermodal Loading Units) code as
								introduced by the European EN 13044 shall be used.-->
							<TransportEquipment>
								<SequenceNumeric>1</SequenceNumeric>
								<ID>AD12345</ID>
							</TransportEquipment>
						</Commodity>

						<CustomsValuation>
							<!--DE 4/16: Valuation method: 1 to indicate the method is transaction value of the imported goods.-->
							<MethodCode>1</MethodCode>
						</CustomsValuation>

						<GovernmentProcedure>
							<!--DE 1/10: Requested Procedure of 40 indicating entry for free circulation and home use of goods.-->
							<CurrentCode>40</CurrentCode>
							<!--DE 1/10: Previous Procedure of 00 indicating there is no previous procedure.-->
							<PreviousCode>00</PreviousCode>
						</GovernmentProcedure>
						<GovernmentProcedure>
							<!--DE 1/11: 000 to indicate no additional procedure.-->
							<CurrentCode>000</CurrentCode>
						</GovernmentProcedure>

						<Origin>
							<!--DE 5/15: TypeCode of 1 to represent non-preferential origin.
								Where preference in DE 4/17 begins with '1', this must be completed.
								CountryCode cotains the code for the country from which the goods originated, in this case AR.-->
							<CountryCode>AR</CountryCode>
							<TypeCode>1</TypeCode>
						</Origin>

						<Packaging>
							<SequenceNumeric>1</SequenceNumeric>
							<!--DE 6/11: Shipping marks on the packages.-->
							<MarksNumbersID>ADRN123456123</MarksNumbersID>
							<!--DE 6/10: Number of packages, in this case 10.-->
							<QuantityQuantity>10</QuantityQuantity>
							<!--DE 6/9: Type of packages - BX to represent Box.-->
							<TypeCode>BX</TypeCode>
						</Packaging>
						<PreviousDocument>
							<!--DE 2/1:	Previous document of Z355 to show the MRN for the entry summary declaration.
								This is a mandatory field. To denote the inventory reference number.
								Note: As this is for a single item declaration, this should all be declared at header level-->
							<CategoryCode>Z</CategoryCode>
							<ID>19GB34F7Y1O2CX8PT4 </ID>
							<TypeCode>355</TypeCode>
							<LineNumeric>1</LineNumeric>
						</PreviousDocument>
						<ValuationAdjustment>
							<!--DE 4/13: Valuation indicator - mandatory in this scenario as a
										valuation method of 1 has been used in DE 4/16.
										First digit: 0 = there is no price influence as a result of a
										Party Relationship between the buyer and seller.
										Second digit: 0 = there are no restrictions as to the disposal
										or use of the goods by the buyer in accordance with Article 70(3)(a) of the Code.
										Third digit: 0 = the sale or price is not subject to some condition
										or consideration in accordance with Article 70(3)(b) of the Code.
										Fourth digit: 0 = the sale is not subject to an arrangement under
										which part of the proceeds of any subsequent resale, disposal or use
										accrues directly or indirectly to the seller.-->
							<AdditionCode>0000</AdditionCode>
						</ValuationAdjustment>
					</GovernmentAgencyGoodsItem>
					<Importer>
						<!--DE 3/16: EORI number of the Importer.-->
						<ID>GB553202734852</ID>
					</Importer>
					<!--DE 2/1 : The DUCR assigned to the consignment
					Note: document class Y used for DUCR as sup dec.
					As this is for a single item declaration, this should all be declared at header level.
					In CDS, the MUCR (MCR) is not required on a sup dec.-->
					<PreviousDocument>
						<CategoryCode>Y</CategoryCode>
						<ID>9GB553202734852-20200115</ID>
						<TypeCode>DCR</TypeCode>
						<LineNumeric>1</LineNumeric>
					</PreviousDocument>
					<TradeTerms>
						<!--DE 4/1: Mandatory as method 1 is being used in DE 4/16.
						CIF to indicate Cost, Insurance and Freight.
						GBWLA to represent the named port of destination: Wallasea Island, Baltic Wharf, UK,  a non-inventory linked location -->
						<ConditionCode>CIF</ConditionCode>
						<LocationID>GBWLA</LocationID>
					</TradeTerms>
				</GoodsShipment>
				<ObligationGuarantee>
					<!--DE 8/3: Guarantee reference number.
								Where document code C505 is declared in DE 2/3 (Document Codes) and authorisation
								type code is declared in DE 3/39 (Holder of the Authorisation), then this data element is mandatory.-->
					<ID>GBCGU55320273485220191113093459</ID>
					<!--DE 8/2: Guarantee type. 1 to represent that a customs comprehensive Guarantee
								is NOT being waived for the deferment of customs duty.
								Where document code C505 is declared in DE 2/3 (Document Codes) and authorisation
								type code CGU is declared in DE 3/39 (Holder of the Authorisation), then code
								'0' or '1' must be declared in this data element.-->
					<SecurityDetailsCode>1</SecurityDetailsCode>
				</ObligationGuarantee>
			</Declaration>
		</md:MetaData>
