<MetaData>
    <WCODataModelVersionCode>3.6</WCODataModelVersionCode>
    <WCOTypeName>RES</WCOTypeName>
    <ResponsibleCountryCode/>
    <ResponsibleAgencyName/>
    <AgencyAssignedCustomizationCode/>
    <AgencyAssignedCustomizationVersionCode/>
    <Response>
        <FunctionCode>01</FunctionCode>
        <FunctionalReferenceID>60753365dc404b7a9b34a70bf8ac1ced</FunctionalReferenceID>
        <IssueDateTime>
            <DateTimeString formatCode="304">20211026095939Z</DateTimeString>
        </IssueDateTime>
        <Declaration>
            <AcceptanceDateTime>
                <DateTimeString formatCode="304">20211026095936Z</DateTimeString>
            </AcceptanceDateTime>
            <FunctionalReferenceID>TT_TC01_FIN_NR08A</FunctionalReferenceID>
            <ID>21GBBUEMYOPEYS28R0</ID>
            <VersionID>1</VersionID>
        </Declaration>
    </Response>
</MetaData>