<MetaData>
	<WCODataModelVersionCode>3.6</WCODataModelVersionCode>
	<WCOTypeName>RES</WCOTypeName>
	<ResponsibleCountryCode/>
	<ResponsibleAgencyName/>
	<AgencyAssignedCustomizationCode/>
	<AgencyAssignedCustomizationVersionCode/>
	<Response>
		<FunctionCode>50</FunctionCode>
		<FunctionalReferenceID>7b10c9d1d99545de92df95b9275d5117</FunctionalReferenceID>
		<IssueDateTime>
			<DateTimeString formatCode="304">20210716163906Z</DateTimeString>
		</IssueDateTime>
		<AdditionalInformation>
			<StatementCode>H01</StatementCode>
			<StatementDescription>Awaiting Decision</StatementDescription>
			<StatementTypeCode>ALV</StatementTypeCode>
			<Pointer>
				<SequenceNumeric>1</SequenceNumeric>
				<DocumentSectionCode>07B</DocumentSectionCode>
			</Pointer>
			<Pointer>
				<SequenceNumeric>1</SequenceNumeric>
				<DocumentSectionCode>53A</DocumentSectionCode>
			</Pointer>
		</AdditionalInformation>
		<Error>
			<ValidationCode>CDS50000</ValidationCode>
			<Pointer>
				<DocumentSectionCode>42A</DocumentSectionCode>
			</Pointer>
			<Pointer>
				<DocumentSectionCode>67A</DocumentSectionCode>
			</Pointer>
			<Pointer>
				<SequenceNumeric>1</SequenceNumeric>
				<DocumentSectionCode>68A</DocumentSectionCode>
			</Pointer>
		</Error>
		<Declaration>
			<FunctionalReferenceID>TT_IM35a_v1.5_1607_01</FunctionalReferenceID>
			<ID>21GB7SZPKCO26TS3R4</ID>
			<VersionID>1</VersionID>
		</Declaration>
	</Response>
</MetaData>