﻿<MetaData>
    <WCODataModelVersionCode>3.6</WCODataModelVersionCode>
    <WCOTypeName>RES</WCOTypeName>
    <ResponsibleCountryCode/>
    <ResponsibleAgencyName/>
    <AgencyAssignedCustomizationCode/>
    <AgencyAssignedCustomizationVersionCode/>
    <Response>
        <FunctionCode>13</FunctionCode>
        <FunctionalReferenceID>012ffaa852eb43ffb195c9178fd4ca1a</FunctionalReferenceID>
        <IssueDateTime>
            <DateTimeString formatCode="304">20210714121038Z</DateTimeString>
        </IssueDateTime>
        <Bank>
            <ReferenceID>CITIGB2LLON</ReferenceID>
            <ID>GB25CITI08320011963155</ID>
        </Bank>
        <Status>
            <NameCode>4</NameCode>
        </Status>
        <Declaration>
            <FunctionalReferenceID>TT_IM64a_140721_001</FunctionalReferenceID>
            <ID>21GB7PXESXXPGIYWR4</ID>
            <VersionID>1</VersionID>
            <GoodsShipment>
                <GovernmentAgencyGoodsItem>
                    <SequenceNumeric>1</SequenceNumeric>
                    <Commodity>
                        <DutyTaxFee>
                            <AdValoremTaxBaseAmount currencyID="GBP">1000.00</AdValoremTaxBaseAmount>
                            <DeductAmount currencyID="GBP">0.00</DeductAmount>
                            <DutyRegimeCode>100</DutyRegimeCode>
                            <TaxRateNumeric>29.90</TaxRateNumeric>
                            <TypeCode>A80</TypeCode>
                            <Payment>
                                <TaxAssessedAmount currencyID="GBP">299.00</TaxAssessedAmount>
                                <PaymentAmount currencyID="GBP">299.00</PaymentAmount>
                            </Payment>
                        </DutyTaxFee>
                        <DutyTaxFee>
                            <AdValoremTaxBaseAmount currencyID="GBP">1000.00</AdValoremTaxBaseAmount>
                            <DeductAmount currencyID="GBP">0.00</DeductAmount>
                            <DutyRegimeCode>100</DutyRegimeCode>
                            <TaxRateNumeric>25.00</TaxRateNumeric>
                            <TypeCode>A70</TypeCode>
                            <Payment>
                                <TaxAssessedAmount currencyID="GBP">250.00</TaxAssessedAmount>
                                <PaymentAmount currencyID="GBP">250.00</PaymentAmount>
                            </Payment>
                        </DutyTaxFee>
                        <DutyTaxFee>
                            <AdValoremTaxBaseAmount currencyID="GBP">549.00</AdValoremTaxBaseAmount>
                            <DeductAmount currencyID="GBP">0.00</DeductAmount>
                            <DutyRegimeCode>100</DutyRegimeCode>
                            <TaxRateNumeric>20.00</TaxRateNumeric>
                            <TypeCode>B05</TypeCode>
                            <Payment>
                                <TaxAssessedAmount currencyID="GBP">109.80</TaxAssessedAmount>
                                <PaymentAmount currencyID="GBP">109.80</PaymentAmount>
                            </Payment>
                        </DutyTaxFee>
                        <DutyTaxFee>
                            <AdValoremTaxBaseAmount currencyID="GBP">1000.00</AdValoremTaxBaseAmount>
                            <DeductAmount currencyID="GBP">0.00</DeductAmount>
                            <DutyRegimeCode>100</DutyRegimeCode>
                            <TaxRateNumeric>20.00</TaxRateNumeric>
                            <TypeCode>B00</TypeCode>
                            <Payment>
                                <TaxAssessedAmount currencyID="GBP">200.00</TaxAssessedAmount>
                                <PaymentAmount currencyID="GBP">200.00</PaymentAmount>
                            </Payment>
                        </DutyTaxFee>
                        <DutyTaxFee>
                            <AdValoremTaxBaseAmount currencyID="GBP">1000.00</AdValoremTaxBaseAmount>
                            <DeductAmount currencyID="GBP">0.00</DeductAmount>
                            <DutyRegimeCode>100</DutyRegimeCode>
                            <TaxRateNumeric>0.00</TaxRateNumeric>
                            <TypeCode>A50</TypeCode>
                            <Payment>
                                <TaxAssessedAmount currencyID="GBP">0.00</TaxAssessedAmount>
                                <PaymentAmount currencyID="GBP">0.00</PaymentAmount>
                            </Payment>
                        </DutyTaxFee>
                    </Commodity>
                </GovernmentAgencyGoodsItem>
            </GoodsShipment>
        </Declaration>
    </Response>
</MetaData>