		<md:MetaData
      xmlns="urn:wco:datamodel:WCO:DEC-DMS:2"
      xmlns:xsi="http://www.w3.org/2001/XMLSchema-instance"
      xmlns:clm63055="urn:un:unece:uncefact:codelist:standard:UNECE:AgencyIdentificationCode:D12B"
      xmlns:ds="urn:wco:datamodel:WCO:MetaData_DS-DMS:2"
      xmlns:md="urn:wco:datamodel:WCO:DocumentMetaData-DMS:2"
      xsi:schemaLocation="urn:wco:datamodel:WCO:DocumentMetaData-DMS:2 ../DocumentMetaData_2_DMS.xsd "
    >
			<md:WCODataModelVersionCode>3.6</md:WCODataModelVersionCode>
			<md:WCOTypeName>DEC</md:WCOTypeName>
			<md:ResponsibleCountryCode>GB</md:ResponsibleCountryCode>
			<md:ResponsibleAgencyName>HMRC</md:ResponsibleAgencyName>
			<md:AgencyAssignedCustomizationVersionCode>v2.1
			</md:AgencyAssignedCustomizationVersionCode>
			<Declaration
        xmlns="urn:wco:datamodel:WCO:DEC-DMS:2"
        xmlns:clm5ISO42173A="urn:un:unece:uncefact:codelist:standard:ISO:ISO3AlphaCurrencyCode:2012-08-31"
        xmlns:clm63055="urn:un:unece:uncefact:codelist:standard:UNECE:AgencyIdentificationCode:D12B"
        xmlns:p1="urn:wco:datamodel:WCO:Declaration_DS:DMS:2"
        xmlns:udt="urn:un:unece:uncefact:data:standard:UnqualifiedDataType:6"
        xmlns:xsi="http://www.w3.org/2001/XMLSchema-instance"
        xsi:schemaLocation="urn:wco:datamodel:WCO:DEC-DMS:2 ../WCO_DEC_2_DMS.xsd " >
				<!--SCENARIO: C21iEIDR NOP additional declaration type K
      Procedure code 40 00, with 000 no other additional procedure codes apply
      Goods: Fabrics for the manufacture of bandages, dressings and medical gauzes.
      Expected notification: DMSRCV -->
				<!--Function Code of 9 to represent an original declaration.-->
				<FunctionCode>9</FunctionCode>
				<!-- DE 2/5: Trader's own reference number - this must be unique to the transaction -->
				<FunctionalReferenceID>K_Sample_0604_003</FunctionalReferenceID>
				<!--DE 1/1: IM to represent an import declaration.-->
				<!--DE 1/2: K to represent To represent a pre-lodged C21iEIDR NOP-->
				<TypeCode>IMK</TypeCode>
				<!--DE 1/9: Sequential number of the goods item.-->
				<GoodsItemQuantity>1</GoodsItemQuantity>
				<!--DE 6/18: Total packages - 20. Note that this matches DE 6/10 because this is a single item declaration.-->
				<TotalPackageQuantity>20</TotalPackageQuantity>
				<!--DE 3/39: An Authorisation type of EIR indicates Authorisation for the use of customs declaration through an entry of data in the declarants records. The ID is the EORI number of the EIDR authorisation holder -->
				<AuthorisationHolder>
					<ID>GB427168118378</ID>
					<CategoryCode>EIR</CategoryCode>
				</AuthorisationHolder>
				<!-- DE 7/4: ModeCode of 1 to represent Maritime/Sea transport as the mode of transport at the border.-->
				<BorderTransportMeans>
					<ModeCode>1</ModeCode>
				</BorderTransportMeans>
				<!-- DE 3/41: Person presenting the goods to customs in case of entry in the declarants records or pre-lodged customs declarations identification no. This is mandatory in this case -->
				<Declarant>
					<ID>GB427168118378</ID>
				</Declarant>
				<GoodsShipment>
					<!--DE 7/2: Indicator to show if goods are packed in a container or not. 1 indicates that goods are transported in containers. Note: Unlike CHIEF this must now be completed.-->
					<Consignment>
						<ContainerCode>1</ContainerCode>
						<!--DE 7/9: Identity of the means of transport on arrival. Example number representing IMO ship identification number: '10', and 5 digits for the identification number: '12345'. 
                   Mandatory unless postal or fixed energy installation-->
						<ArrivalTransportMeans>
							<ID>12345</ID>
							<IdentificationTypeCode>10</IdentificationTypeCode>
						</ArrivalTransportMeans>
						<!--DE 5/23: The location code for Wallasea -->
						<GoodsLocation>
							<Name>WLALONBTW</Name>
							<!--DE 5/23: Type of Location - A in this scenario to represent that it is a designated location.-->
							<TypeCode>A</TypeCode>
							<Address>
								<!--DE 5/23: Type of ID of the Location - U in this scenario for UN/LOCODE.-->
								<TypeCode>U</TypeCode>
								<!--DE 5/23: Country code of the country where the goods may be examined, GB in this scenario.-->
								<CountryCode>GB</CountryCode>
							</Address>
						</GoodsLocation>
						<TransportEquipment>
							<!--DE 7/10: Container identification number. This is alpha-numeric with up to 17 characters. Mandatory only if containerised -->
							<SequenceNumeric>1</SequenceNumeric>
							<ID>DM1234567</ID>
						</TransportEquipment>
					</Consignment>
					<GovernmentAgencyGoodsItem>
						<!--DE 1/6: Sequential number of the goods item.-->
						<SequenceNumeric>1</SequenceNumeric>
						<!--DE 2/3: Documents produced, certificates and authorisations, additional references.-->
						<!--DE 2/3: C514 indicating Authorisation for making a customs declaration through an entry in the declarant's records -->
						<AdditionalDocument>
							<CategoryCode>C</CategoryCode>
							<ID>GBEIR427168118378I</ID>
							<TypeCode>514</TypeCode>
						</AdditionalDocument>
						<!--DE 2/2: Additional information. 00500 Indicating Self representation by the importer -->
						<AdditionalInformation>
							<StatementCode>00500</StatementCode>
							<StatementDescription>IMPORTER</StatementDescription>
						</AdditionalInformation>

						<Commodity>
							<GoodsMeasure>
								<!--DE 6/5: Gross mass of the goods in kilograms including packaging.-->
								<GrossMassMeasure>65</GrossMassMeasure>
								<!--DE 6/1: Net mass of the goods in kilograms without any packaging.-->
								<NetNetWeightMeasure>59</NetNetWeightMeasure>
							</GoodsMeasure>
						</Commodity>
						<!--DE 1/10: Requested Procedure of 40 indicating entry for free circulation and home use of goods.
                       DE 1/10: Previous Procedure of 00 indicating there is no previous procedure.-->
						<GovernmentProcedure>
							<CurrentCode>40</CurrentCode>
							<PreviousCode>00</PreviousCode>
						</GovernmentProcedure>
						<!--DE 1/11: 000 to indicate no additional procedure.-->
						<GovernmentProcedure>
							<CurrentCode>000</CurrentCode>
						</GovernmentProcedure>
						<Packaging>
							<SequenceNumeric>1</SequenceNumeric>
							<!--DE 6/11: Shipping marks on the packages.-->
							<MarksNumbersID>CT-1234228/34</MarksNumbersID>
							<!--DE 6/10: Number of packages, in this case 20.-->
							<QuantityQuantity>20</QuantityQuantity>
							<!--DE 6/9: Type of packages - CT to represent Carton.-->
							<TypeCode>CT</TypeCode>
						</Packaging>
					</GovernmentAgencyGoodsItem>
					<!--DE 3/16: EORI number of the Importer.-->
					<Importer>
						<ID>GB427168118378</ID>
					</Importer>
					<!--DE 2/1:Previous Documents of Z355 to show the MRN for the entry summary declaration (ENS). This is a mandatory field.-->
					<PreviousDocument>
						<CategoryCode>Z</CategoryCode>
						<ID>19GB34F7Y1O2CX8PT4</ID>
						<TypeCode>355</TypeCode>
						<LineNumeric>1</LineNumeric>
					</PreviousDocument>
					<!--DE 2/1: Previous document to show the DUCR assigned to the consignment. This is a mandatory field-->
					<PreviousDocument>
						<CategoryCode>Z</CategoryCode>
						<ID>9GB427168118378-12345</ID>
						<TypeCode>DCR</TypeCode>
					</PreviousDocument>
					<!--DE 2/4: Reference number which is optional for the declarant to complete.-->
					<UCR>
						<TraderAssignedReferenceID>9GB427168118378-12345</TraderAssignedReferenceID>
					</UCR>
				</GoodsShipment>
			</Declaration>
		</md:MetaData>