<MetaData>
	<WCODataModelVersionCode>3.6</WCODataModelVersionCode>
	<WCOTypeName>RES</WCOTypeName>
	<ResponsibleCountryCode/>
	<ResponsibleAgencyName/>
	<AgencyAssignedCustomizationCode/>
	<AgencyAssignedCustomizationVersionCode/>
	<Response>
		<FunctionCode>09</FunctionCode>
		<FunctionalReferenceID>5f49cb2371da42068467c0e376ca84d7</FunctionalReferenceID>
		<IssueDateTime>
			<DateTimeString formatCode="304">20220202161124Z</DateTimeString>
		</IssueDateTime>
		<AdditionalInformation>
			<StatementCode>A2</StatementCode>
			<StatementTypeCode>AFB</StatementTypeCode>
		</AdditionalInformation>
		<Declaration>
			<FunctionalReferenceID>R3.5.0_9780_TC01_D9</FunctionalReferenceID>
			<ID>22GB1AOSH2KFE3NA03</ID>
			<VersionID>1</VersionID>
		</Declaration>
	</Response>
</MetaData>
