<MetaData>
    <WCODataModelVersionCode>3.6</WCODataModelVersionCode>
    <WCOTypeName>RES</WCOTypeName>
    <ResponsibleCountryCode/>
    <ResponsibleAgencyName/>
    <AgencyAssignedCustomizationCode/>
    <AgencyAssignedCustomizationVersionCode/>
    <Response>
        <FunctionCode>01</FunctionCode>
        <FunctionalReferenceID>5a6c5d2c5bc54d3ab2a1ef58e2bfc704</FunctionalReferenceID>
        <IssueDateTime>
            <DateTimeString formatCode="304">20210615120254Z</DateTimeString>
        </IssueDateTime>
        <Declaration>
            <AcceptanceDateTime>
                <DateTimeString formatCode="304">20210609000000Z</DateTimeString>
            </AcceptanceDateTime>
            <FunctionalReferenceID>TT_IM40a_1506_01</FunctionalReferenceID>
            <ID>21GB6KHH31QVNKBCR8</ID>
            <VersionID>1</VersionID>
        </Declaration>
    </Response>
</MetaData>