<MetaData>
    <WCODataModelVersionCode>3.6</WCODataModelVersionCode>
    <WCOTypeName>RES</WCOTypeName>
    <ResponsibleCountryCode/>
    <ResponsibleAgencyName/>
    <AgencyAssignedCustomizationCode/>
    <AgencyAssignedCustomizationVersionCode/>
    <Response>
        <FunctionCode>13</FunctionCode>
        <FunctionalReferenceID>212d21e5910a4bc58988551b83a5bd86</FunctionalReferenceID>
        <IssueDateTime>
            <DateTimeString formatCode="304">20210615120255Z</DateTimeString>
        </IssueDateTime>
        <Bank>
            <ReferenceID>CITIGB2LLON</ReferenceID>
            <ID>GB25CITI08320011963155</ID>
        </Bank>
        <Status>
            <NameCode>4</NameCode>
        </Status>
        <Declaration>
            <FunctionalReferenceID>TT_IM40a_1506_01</FunctionalReferenceID>
            <ID>21GB6KHH31QVNKBCR8</ID>
            <VersionID>1</VersionID>
            <GoodsShipment>
                <GovernmentAgencyGoodsItem>
                    <SequenceNumeric>1</SequenceNumeric>
                    <Commodity>
                        <DutyTaxFee>
                            <AdValoremTaxBaseAmount currencyID="GBP">2300.00</AdValoremTaxBaseAmount>
                            <DeductAmount currencyID="GBP">0.00</DeductAmount>
                            <DutyRegimeCode>100</DutyRegimeCode>
                            <TaxRateNumeric>0.00</TaxRateNumeric>
                            <TypeCode>B00</TypeCode>
                            <Payment>
                                <TaxAssessedAmount currencyID="GBP">0.00</TaxAssessedAmount>
                                <PaymentAmount currencyID="GBP">0.00</PaymentAmount>
                            </Payment>
                        </DutyTaxFee>
                        <DutyTaxFee>
                            <AdValoremTaxBaseAmount currencyID="GBP">200.00</AdValoremTaxBaseAmount>
                            <DeductAmount currencyID="GBP">0.00</DeductAmount>
                            <DutyRegimeCode>100</DutyRegimeCode>
                            <TaxRateNumeric>20.00</TaxRateNumeric>
                            <TypeCode>B05</TypeCode>
                            <Payment>
                                <TaxAssessedAmount currencyID="GBP">0.00</TaxAssessedAmount>
                                <PaymentAmount currencyID="GBP">0.00</PaymentAmount>
                            </Payment>
                        </DutyTaxFee>
                        <DutyTaxFee>
                            <AdValoremTaxBaseAmount currencyID="GBP">2500.00</AdValoremTaxBaseAmount>
                            <DeductAmount currencyID="GBP">0.00</DeductAmount>
                            <DutyRegimeCode>100</DutyRegimeCode>
                            <TaxRateNumeric>8.00</TaxRateNumeric>
                            <TypeCode>A50</TypeCode>
                            <Payment>
                                <TaxAssessedAmount currencyID="GBP">200.00</TaxAssessedAmount>
                                <PaymentAmount currencyID="GBP">0.00</PaymentAmount>
                            </Payment>
                        </DutyTaxFee>
                    </Commodity>
                </GovernmentAgencyGoodsItem>
            </GoodsShipment>
        </Declaration>
    </Response>
</MetaData>