<MetaData>
		<WCODataModelVersionCode>3.6</WCODataModelVersionCode>
		<WCOTypeName>RES</WCOTypeName>
		<ResponsibleCountryCode/>
		<ResponsibleAgencyName/>
		<AgencyAssignedCustomizationCode/>
		<AgencyAssignedCustomizationVersionCode/>
		<Response>
			<FunctionCode>13</FunctionCode>
			<FunctionalReferenceID>17a3a365d218459f8dc427c45eecd58d</FunctionalReferenceID>
			<IssueDateTime>
				<DateTimeString formatCode="304">20220111150540Z</DateTimeString>
			</IssueDateTime>
			<Bank>
				<ReferenceID>CITIGB2LLON</ReferenceID>
				<ID>GB25CITI08320011963155</ID>
			</Bank>
			<Status>
				<NameCode>4</NameCode>
			</Status>
			<Declaration>
				<FunctionalReferenceID>IM22a_v1.6_110122_01</FunctionalReferenceID>
				<ID>22GB0F6R6787329AR3</ID>
				<VersionID>1</VersionID>
				<GoodsShipment>
					<GovernmentAgencyGoodsItem>
						<SequenceNumeric>1</SequenceNumeric>
						<Commodity>
							<DutyTaxFee>
								<AdValoremTaxBaseAmount currencyID="GBP">20000.00</AdValoremTaxBaseAmount>
								<DeductAmount currencyID="GBP">0.00</DeductAmount>
								<DutyRegimeCode>100</DutyRegimeCode>
								<TaxRateNumeric>0.00</TaxRateNumeric>
								<TypeCode>B00</TypeCode>
								<Payment>
									<TaxAssessedAmount currencyID="GBP">0.00</TaxAssessedAmount>
									<PaymentAmount currencyID="GBP">0.00</PaymentAmount>
								</Payment>
							</DutyTaxFee>
							<DutyTaxFee>
								<AdValoremTaxBaseAmount currencyID="GBP">20000.00</AdValoremTaxBaseAmount>
								<DeductAmount currencyID="GBP">0.00</DeductAmount>
								<DutyRegimeCode>100</DutyRegimeCode>
								<TaxRateNumeric>63.50</TaxRateNumeric>
								<TypeCode>A80</TypeCode>
								<Payment>
									<TaxAssessedAmount currencyID="GBP">12700.00</TaxAssessedAmount>
									<PaymentAmount currencyID="GBP">12700.00</PaymentAmount>
								</Payment>
							</DutyTaxFee>
							<DutyTaxFee>
								<AdValoremTaxBaseAmount currencyID="GBP">20000.00</AdValoremTaxBaseAmount>
								<DeductAmount currencyID="GBP">0.00</DeductAmount>
								<DutyRegimeCode>100</DutyRegimeCode>
								<TaxRateNumeric>6.00</TaxRateNumeric>
								<TypeCode>A50</TypeCode>
								<Payment>
									<TaxAssessedAmount currencyID="GBP">1200.00</TaxAssessedAmount>
									<PaymentAmount currencyID="GBP">1200.00</PaymentAmount>
								</Payment>
							</DutyTaxFee>
							<DutyTaxFee>
								<AdValoremTaxBaseAmount currencyID="GBP">13900.00</AdValoremTaxBaseAmount>
								<DeductAmount currencyID="GBP">0.00</DeductAmount>
								<DutyRegimeCode>100</DutyRegimeCode>
								<TaxRateNumeric>0.00</TaxRateNumeric>
								<TypeCode>B05</TypeCode>
								<Payment>
									<TaxAssessedAmount currencyID="GBP">0.00</TaxAssessedAmount>
									<PaymentAmount currencyID="GBP">0.00</PaymentAmount>
								</Payment>
							</DutyTaxFee>
						</Commodity>
					</GovernmentAgencyGoodsItem>
				</GoodsShipment>
			</Declaration>
		</Response>
	</MetaData>