<MetaData>
	<WCODataModelVersionCode>3.6</WCODataModelVersionCode>
	<WCOTypeName>RES</WCOTypeName>
	<ResponsibleCountryCode/>
	<ResponsibleAgencyName/>
	<AgencyAssignedCustomizationCode/>
	<AgencyAssignedCustomizationVersionCode/>
	<Response>
		<FunctionCode>09</FunctionCode>
		<FunctionalReferenceID>58cec88a113e49e3869fb3e24e680348</FunctionalReferenceID>
		<IssueDateTime>
			<DateTimeString formatCode="304">20220111150540Z</DateTimeString>
		</IssueDateTime>
		<AdditionalInformation>
			<StatementCode>A2</StatementCode>
			<StatementTypeCode>AFB</StatementTypeCode>
		</AdditionalInformation>
		<Declaration>
			<FunctionalReferenceID>IM22a_v1.6_110122_01</FunctionalReferenceID>
			<ID>22GB0F6R6787329AR3</ID>
			<VersionID>1</VersionID>
		</Declaration>
	</Response>
</MetaData>