<MetaData>
	<WCODataModelVersionCode>3.6</WCODataModelVersionCode>
	<WCOTypeName>RES</WCOTypeName>
	<ResponsibleCountryCode/>
	<ResponsibleAgencyName/>
	<AgencyAssignedCustomizationCode/>
	<AgencyAssignedCustomizationVersionCode/>
	<Response>
		<FunctionCode>01</FunctionCode>
		<FunctionalReferenceID>97fccb368f2b4fc3a7cd7b99f75471a0</FunctionalReferenceID>
		<IssueDateTime>
			<DateTimeString formatCode="304">20220309132401Z</DateTimeString>
		</IssueDateTime>
		<Declaration>
			<AcceptanceDateTime>
				<DateTimeString formatCode="304">20220309132359Z</DateTimeString>
			</AcceptanceDateTime>
			<FunctionalReferenceID>TT_IM78a_v1.2_0903_01</FunctionalReferenceID>
			<ID>22GB2OJ80MBPE0VAR3</ID>
			<VersionID>1</VersionID>
		</Declaration>
	</Response>
</MetaData>