<MetaData>
	<WCODataModelVersionCode>3.6</WCODataModelVersionCode>
	<WCOTypeName>RES</WCOTypeName>
	<ResponsibleCountryCode/>
	<ResponsibleAgencyName/>
	<AgencyAssignedCustomizationCode/>
	<AgencyAssignedCustomizationVersionCode/>
	<Response>
		<FunctionCode>13</FunctionCode>
		<FunctionalReferenceID>61f60b72e568483b8fd10476cf0e2930</FunctionalReferenceID>
		<IssueDateTime>
			<DateTimeString formatCode="304">20220309132401Z</DateTimeString>
		</IssueDateTime>
		<Bank>
			<ReferenceID>CITIGB2LLON</ReferenceID>
			<ID>GB25CITI08320011963155</ID>
		</Bank>
		<Status>
			<NameCode>67</NameCode>
		</Status>
		<Declaration>
			<FunctionalReferenceID>TT_IM78a_v1.2_0903_01</FunctionalReferenceID>
			<ID>22GB2OJ80MBPE0VAR3</ID>
			<VersionID>1</VersionID>
			<GoodsShipment>
				<GovernmentAgencyGoodsItem>
					<SequenceNumeric>1</SequenceNumeric>
					<Commodity>
						<DutyTaxFee>
							<DeductAmount currencyID="GBP">0.00</DeductAmount>
							<DutyRegimeCode>100</DutyRegimeCode>
							<TypeCode>A50</TypeCode>
							<Payment>
								<TaxAssessedAmount currencyID="GBP">108.96</TaxAssessedAmount>
								<PaymentAmount currencyID="GBP">108.96</PaymentAmount>
							</Payment>
						</DutyTaxFee>
						<DutyTaxFee>
							<AdValoremTaxBaseAmount currencyID="GBP">108.96</AdValoremTaxBaseAmount>
							<DeductAmount currencyID="GBP">0.00</DeductAmount>
							<DutyRegimeCode>100</DutyRegimeCode>
							<TaxRateNumeric>0.00</TaxRateNumeric>
							<TypeCode>B05</TypeCode>
							<Payment>
								<TaxAssessedAmount currencyID="GBP">0.00</TaxAssessedAmount>
								<PaymentAmount currencyID="GBP">0.00</PaymentAmount>
							</Payment>
						</DutyTaxFee>
						<DutyTaxFee>
							<AdValoremTaxBaseAmount currencyID="GBP">5000.00</AdValoremTaxBaseAmount>
							<DeductAmount currencyID="GBP">0.00</DeductAmount>
							<DutyRegimeCode>100</DutyRegimeCode>
							<TaxRateNumeric>0.00</TaxRateNumeric>
							<TypeCode>B00</TypeCode>
							<Payment>
								<TaxAssessedAmount currencyID="GBP">0.00</TaxAssessedAmount>
								<PaymentAmount currencyID="GBP">0.00</PaymentAmount>
							</Payment>
						</DutyTaxFee>
					</Commodity>
				</GovernmentAgencyGoodsItem>
			</GoodsShipment>
		</Declaration>
	</Response>
</MetaData>