<MetaData>
	<WCODataModelVersionCode>3.6</WCODataModelVersionCode>
	<WCOTypeName>RES</WCOTypeName>
	<ResponsibleCountryCode/>
	<ResponsibleAgencyName/>
	<AgencyAssignedCustomizationCode/>
	<AgencyAssignedCustomizationVersionCode/>
	<Response>
		<FunctionCode>09</FunctionCode>
		<FunctionalReferenceID>fe50dddae68d41b392ae6e8dbec1c579</FunctionalReferenceID>
		<IssueDateTime>
			<DateTimeString formatCode="304">20220309132402Z</DateTimeString>
		</IssueDateTime>
		<AdditionalInformation>
			<StatementCode>A2</StatementCode>
			<StatementTypeCode>AFB</StatementTypeCode>
		</AdditionalInformation>
		<Declaration>
			<FunctionalReferenceID>TT_IM78a_v1.2_0903_01</FunctionalReferenceID>
			<ID>22GB2OJ80MBPE0VAR3</ID>
			<VersionID>1</VersionID>
		</Declaration>
	</Response>
</MetaData>