<MetaData>
    <WCODataModelVersionCode>3.6</WCODataModelVersionCode>
    <WCOTypeName>RES</WCOTypeName>
    <ResponsibleCountryCode/>
    <ResponsibleAgencyName/>
    <AgencyAssignedCustomizationCode/>
    <AgencyAssignedCustomizationVersionCode/>
    <Response>
        <FunctionCode>50</FunctionCode>
        <FunctionalReferenceID>f4f7680cd69c4ecabf40928a0120cf32</FunctionalReferenceID>
        <IssueDateTime>
            <DateTimeString formatCode="304">20210930111811Z</DateTimeString>
        </IssueDateTime>
        <AdditionalInformation>
            <StatementCode>H01</StatementCode>
            <StatementDescription>Awaiting Decision</StatementDescription>
            <StatementTypeCode>ALV</StatementTypeCode>
            <Pointer>
                <SequenceNumeric>1</SequenceNumeric>
                <DocumentSectionCode>07B</DocumentSectionCode>
            </Pointer>
            <Pointer>
                <SequenceNumeric>1</SequenceNumeric>
                <DocumentSectionCode>53A</DocumentSectionCode>
            </Pointer>
        </AdditionalInformation>
        <Error>
            <ValidationCode>CDS50000</ValidationCode>
            <Pointer>
                <DocumentSectionCode>42A</DocumentSectionCode>
            </Pointer>
            <Pointer>
                <DocumentSectionCode>67A</DocumentSectionCode>
            </Pointer>
            <Pointer>
                <SequenceNumeric>1</SequenceNumeric>
                <DocumentSectionCode>68A</DocumentSectionCode>
            </Pointer>
        </Error>
        <Declaration>
            <FunctionalReferenceID>TT_IM34b_v1.2_3009_01</FunctionalReferenceID>
            <ID>21GBAT9QWSCGLDM6R0</ID>
            <VersionID>1</VersionID>
        </Declaration>
    </Response>
</MetaData>