<md:MetaData xmlns="urn:wco:datamodel:WCO:DEC-DMS:2"
             xmlns:xsi="http://www.w3.org/2001/XMLSchema-instance"
             xmlns:clm63055="urn:un:unece:uncefact:codelist:standard:UNECE:AgencyIdentificationCode:D12B"
             xmlns:ds="urn:wco:datamodel:WCO:MetaData_DS-DMS:2"
             xmlns:md="urn:wco:datamodel:WCO:DocumentMetaData-DMS:2"
             xsi:schemaLocation="urn:wco:datamodel:WCO:DocumentMetaData-DMS:2 ../DocumentMetaData_2_DMS.xsd ">
	<md:WCODataModelVersionCode>3.6</md:WCODataModelVersionCode>
	<md:WCOTypeName>DEC</md:WCOTypeName>
	<md:ResponsibleCountryCode>GB</md:ResponsibleCountryCode>
	<md:ResponsibleAgencyName>HMRC</md:ResponsibleAgencyName>
	<md:AgencyAssignedCustomizationVersionCode>v2.1</md:AgencyAssignedCustomizationVersionCode>
	<Declaration xmlns="urn:wco:datamodel:WCO:DEC-DMS:2"
	             xmlns:clm5ISO42173A="urn:un:unece:uncefact:codelist:standard:ISO:ISO3AlphaCurrencyCode:2012-08-31"
	             xmlns:clm63055="urn:un:unece:uncefact:codelist:standard:UNECE:AgencyIdentificationCode:D12B"
	             xmlns:p1="urn:wco:datamodel:WCO:Declaration_DS:DMS:2"
	             xmlns:udt="urn:un:unece:uncefact:data:standard:UnqualifiedDataType:6"
	             xmlns:xsi="http://www.w3.org/2001/XMLSchema-instance"
	             xsi:schemaLocation="urn:wco:datamodel:WCO:DEC-DMS:2 ../WCO_DEC_2_DMS.xsd ">
		<!--
			SCENARIO
			A trader using self-representation submits an inventory-linked Type J declaration, importing goods from ROW to GB, using requested procedure code 78 with additional procedure code 000 for entry into the Freeports special procedure and which derives a C2Ii EIDR category.

			The trader also declares:
			• Document Code C600 in DE 2/3 Additional document with a valid identifier to indicate Authorisation to operate a Free Zone
			• Authorisation code FP in DE 3/39 to indicate Freeport Business Authorisation.
			• A valid Freeport Location in DE 5/23 for Goods Location
			• A Previous Document Code of Z-ZZZ.
			
			The submitted IVL payload will be followed by a Validate Movement Response of 000 (match)
		-->
		<!--Function Code of 9 to represent an original declaration. -->
		<FunctionCode>9</FunctionCode>
		<!--DE 2/5: LRN.
			Trader's own reference number - this must be unique to the transaction -->
		<FunctionalReferenceID>CDSP_9793_TC2_0303_02</FunctionalReferenceID>
		<!--DE 1/1: Declaration Type.
			IM to represent an import declaration. -->
		<!--DE 1/2: Additional Declartion Type.
			J to represent Goods arrived C21 declaration. -->
		<TypeCode>IMJ</TypeCode>
		<!--DE 1/9: Total Number of Items.
			Number of goods items on the declaration. -->
		<GoodsItemQuantity>1</GoodsItemQuantity>
		<!--DE 7/4: Mode of Transport at the Border. 
			1 represents maritime/sea transport. 
			This is a mandatory data element. -->
		<!--DE 3/39: Holder of the Authorisation Identification Number.
			An authorisation type of FP indicates authorisation for the use of Freeports special procedure. 
			The ID is the EORI number of the Freeports authorisation holder. -->
		<AuthorisationHolder>
			<ID>GB427168118378</ID>
			<CategoryCode>FP</CategoryCode>
		</AuthorisationHolder>
		<!--DE 3/39: Holder of the Authorisation Identification Number.
			An Authorisation type of EIR indicates Authorisation for the use of customs declaration through an entry of data in the declarants records. 
			The ID is the EORI number of the EIDR authorisation holder. -->
		<AuthorisationHolder>
			<ID>GB427168118378</ID>
			<CategoryCode>EIR</CategoryCode>
		</AuthorisationHolder>
		<!--DE 7/4: Mode of Transport at the Border.
			ModeCode of 1 to represent Maritime/Sea transport. -->
		<BorderTransportMeans>
			<ModeCode>1</ModeCode>
		</BorderTransportMeans>
		<!--DE 3/18: Declarant Identification Number. 
			The EORI number of the declarant, who is using self-representation.
			The UK requires an EORI to be provided for the declarant. -->
		<Declarant>
			<ID>GB427168118378</ID>
		</Declarant>
		<GoodsShipment>
			<!--DE 7/2: Container.
				Indicator to show if goods are packed in a container or not. 
				1 indicates that goods are transported in containers.
				Note: Unlike CHIEF this must now be completed. -->
			<Consignment>
				<ContainerCode>1</ContainerCode>
				<!--DE 7/9: Identity of Means of Transport on Arrival. 
					Example number representing IMO ship identification number: '10', and 5 digits for the identification number: '12345'. -->
				<ArrivalTransportMeans>
					<ID>12345</ID>
					<IdentificationTypeCode>10</IdentificationTypeCode>
				</ArrivalTransportMeans>
				<GoodsLocation>
					<!--DE 5/23: Location of Goods - Identification of location.
						The location code for Tilbury docks. -->
					<Name>TILLONTIL</Name>
					<!--DE 5/23: Location of Goods - Type of location.
						A in this scenario to represent that it is a designated location. -->
					<TypeCode>A</TypeCode>
					<Address>
						<!--DE 5/23: Location of Goods - Qualifier of the identification.
							U in this scenario for UN/LOCODE. -->
						<TypeCode>U</TypeCode>
						<!--DE 5/23: Location of Goods - Country.
							GB in this scenario. -->
						<CountryCode>GB</CountryCode>
					</Address>
				</GoodsLocation>
				<!--DE 7/10: Container Identification Number. 
					This is alpha-numeric with up to 17 characters.
					For containers covered by the standard ISO 6346, the identifier (prefix) allocated by the International Bureau of in addition to the container identification number.
					For swap bodies and semi-trailers the ILU (Intermodal Loading Units) code as introduced by the European EN 13044 shall be used. -->
				<TransportEquipment>
					<SequenceNumeric>1</SequenceNumeric>
					<ID>CO1234</ID>
				</TransportEquipment>
			</Consignment>
			<GovernmentAgencyGoodsItem>
				<SequenceNumeric>1</SequenceNumeric>
				<!--DE 2/3: Documents produced, certificates and authorisations, additional references. 
					This field is mandatory only where codes required.
					Document type: A document code of C600 indicaticates authorisation to operate a Free Zone (Freeport). 
					Document identifier: The authorisation decision number for the Free Zone in the following format: 
					• 2 digit code identifying the member state of authorisation, e.g., GB 
					• 2 digit code indicating that a Free Zone authorisation is held, i.e., FZ 
					• followed by the authorisation reference number. 
					Note that the Freeport business authorisation number format is not validated; the ID value used here is dummy data and is not included in the Test Data Library. -->
				<AdditionalDocument>
					<CategoryCode>C</CategoryCode>
					<ID>GBFZ42716811837820220201100011</ID>
					<TypeCode>600</TypeCode>
				</AdditionalDocument>
				<!--DE 2/3: Documents produced, certificates and authorisations, additional references. 
					This field is mandatory only where codes required.
					A document code of C514 indicates EIR - Authorisation for making a customs declaration through an entry in the declarant’s records. -->
				<AdditionalDocument>
					<CategoryCode>C</CategoryCode>
					<ID>GBEIR427168118378I</ID>
					<TypeCode>514</TypeCode>
				</AdditionalDocument>
				<!--DE 2/2: Additional Information. 
					00500 - IMPORTER indicating self-representation by the importer. -->
				<AdditionalInformation>
					<StatementCode>00500</StatementCode>
					<StatementDescription>IMPORTER</StatementDescription>
				</AdditionalInformation>
				<Commodity>
					<GoodsMeasure>
						<!--DE 6/5: Gross Mass.
							Weight of the goods in kilograms including packaging. -->
						<GrossMassMeasure>95</GrossMassMeasure>
						<NetNetWeightMeasure>90</NetNetWeightMeasure>
					</GoodsMeasure>
				</Commodity>
				<!--DE 1/10: Procedure.
					CurrentCode 78 indicating entry into the Freeports special procedure which derives a C2Ii EIDR category.
					PreviousCode 00 indicating no previous procedure. -->
				<GovernmentProcedure>
					<CurrentCode>78</CurrentCode>
					<PreviousCode>00</PreviousCode>
				</GovernmentProcedure>
				<GovernmentProcedure>
					<!--DE 1/11: Additional Procedure Code.
						000 to indicate no additional procedure. -->
					<CurrentCode>000</CurrentCode>
				</GovernmentProcedure>
				<Packaging>
					<SequenceNumeric>1</SequenceNumeric>
					<!--DE 6/11: Shipping Marks.
						Marks and numbers on transport units or packages. -->
					<MarksNumbersID>ADR/BG/12345</MarksNumbersID>
					<!--DE 6/10: Number of Packages.
						In this case 50. 
						Note that this matches DE 6/18 because this is a single item declaration. -->
					<QuantityQuantity>50</QuantityQuantity>
					<!--DE 6/9: Type of Packages.
						BG to represent Bag. -->
					<TypeCode>BG</TypeCode>
				</Packaging>
			</GovernmentAgencyGoodsItem>
			<!--Tags included from here are at header level. -->
			<!--DE 3/16: Importer Identification Number.
				EORI number of the Importer. -->
			<Importer>
				<ID>GB427168118378</ID>
			</Importer>
			<!--DE 2/1: Simplified Declaration/ Previous Documents.
				ZZZZ To represent the warehouse stock reference number. -->
			<PreviousDocument>
				<CategoryCode>Z</CategoryCode>
				<ID>GB-1234-99999886</ID>
				<TypeCode>ZZZ</TypeCode>
				<LineNumeric>1</LineNumeric>
			</PreviousDocument>
			<!--DE 2/1: Simplified Declarations/Previous documents.
				Previous document of ZDCR to show the DUCR assigned to the consignment. -->
			<PreviousDocument>
				<CategoryCode>Z</CategoryCode>
				<ID>2GB427168118378-12345</ID>
				<TypeCode>DCR</TypeCode>
			</PreviousDocument>
			<!--DE 2/1: Simplified Declarations/Previous documents.
				For import inventory linked locations, the Inventory Reference Number (UCN) must be declared in DE 2/1 using the previous document type code 'MCR'. -->
			<PreviousDocument>
				<CategoryCode>Z</CategoryCode>
				<ID>CSPUCN123</ID>
				<TypeCode>MCR</TypeCode>
			</PreviousDocument>
			<!--DE 2/4: Reference Number/ UCR.
				Reference number which is optional for the declarant to complete. -->
			<UCR>
				<TraderAssignedReferenceID>2GB427168118378-12345</TraderAssignedReferenceID>
			</UCR>
			<!--DE 2/7: Identification of Warehouse. 
				This is a mandatory field where warehousing or free zone used. 
				The Freezone (Freeport) ID. -->
			<Warehouse>
				<ID>1212342GB</ID>
				<TypeCode>Z</TypeCode>
			</Warehouse>
		</GoodsShipment>
		<!--DE 5/27: Supervising Customs Office. 
			This is a mandatory field dependant on the Procedure code.
			The ID GBLBA001 represents the Supervising Office Code for the HMRC Office overseeing the Customs Warehouse procedure (Peter Bennet House, Leeds). -->
		<SupervisingOffice>
			<ID>GBLBA001</ID>
		</SupervisingOffice>
	</Declaration>
</md:MetaData>
