<MetaData xmlns:v3="http://core.dms/TraderNotificationServiceSOAP/v3/"
          xmlns:soapenv="http://schemas.xmlsoap.org/soap/envelope/"
          xmlns:soapenc="http://schemas.xmlsoap.org/soap/encoding/"
          xmlns:xsd="http://www.w3.org/2001/XMLSchema"
          xmlns:xsi="http://www.w3.org/2001/XMLSchema-instance">
	<WCODataModelVersionCode>3.6</WCODataModelVersionCode>
	<WCOTypeName>RES</WCOTypeName>
	<ResponsibleCountryCode/>
	<ResponsibleAgencyName/>
	<AgencyAssignedCustomizationCode/>
	<AgencyAssignedCustomizationVersionCode/>
	<Response>
		<FunctionCode>01</FunctionCode>
		<FunctionalReferenceID>f10daf8823b348eaaecfbd3e5e8e68e0</FunctionalReferenceID>
		<IssueDateTime>
			<DateTimeString formatCode="304">20220303103459Z</DateTimeString>
		</IssueDateTime>
		<Declaration>
			<AcceptanceDateTime>
				<DateTimeString formatCode="304">20220303103009Z</DateTimeString>
			</AcceptanceDateTime>
			<FunctionalReferenceID>CDSP_9793_TC2_0303_02</FunctionalReferenceID>
			<ID>22GB2FSDD8A53RIA03</ID>
			<VersionID>1</VersionID>
		</Declaration>
	</Response>
</MetaData>