<MetaData>
	<WCODataModelVersionCode>3.6</WCODataModelVersionCode>
	<WCOTypeName>RES</WCOTypeName>
	<ResponsibleCountryCode/>
	<ResponsibleAgencyName/>
	<AgencyAssignedCustomizationCode/>
	<AgencyAssignedCustomizationVersionCode/>
	<Response>
		<FunctionCode>13</FunctionCode>
		<FunctionalReferenceID>7b38b42802e54ec0841540bfa9c0af3b</FunctionalReferenceID>
		<IssueDateTime>
			<DateTimeString formatCode="304">20220303103459Z</DateTimeString>
		</IssueDateTime>
		<Bank>
			<ReferenceID>CITIGB2LLON</ReferenceID>
			<ID>GB25CITI08320011963155</ID>
		</Bank>
		<Status>
			<NameCode>67</NameCode>
		</Status>
		<Declaration>
			<FunctionalReferenceID>CDSP_9793_TC2_0303_02</FunctionalReferenceID>
			<ID>22GB2FSDD8A53RIA03</ID>
			<VersionID>1</VersionID>
			<GoodsShipment>
				<GovernmentAgencyGoodsItem>
					<SequenceNumeric>1</SequenceNumeric>
					<Commodity/>
				</GovernmentAgencyGoodsItem>
			</GoodsShipment>
		</Declaration>
	</Response>
</MetaData>