<MetaData xmlns:xsi="http://www.w3.org/2001/XMLSchema-instance"
          xmlns:v3="http://core.dms/TraderNotificationServiceSOAP/v3/"
          xmlns:soapenv="http://schemas.xmlsoap.org/soap/envelope/"
          xmlns:soapenc="http://schemas.xmlsoap.org/soap/encoding/"
          xmlns:xsd="http://www.w3.org/2001/XMLSchema">
	<WCODataModelVersionCode>3.6</WCODataModelVersionCode>
	<WCOTypeName>RES</WCOTypeName>
	<ResponsibleCountryCode/>
	<ResponsibleAgencyName/>
	<AgencyAssignedCustomizationCode/>
	<AgencyAssignedCustomizationVersionCode/>
	<Response>
		<FunctionCode>09</FunctionCode>
		<FunctionalReferenceID>5f5fc5849fa744bab7def2bff9682668</FunctionalReferenceID>
		<IssueDateTime>
			<DateTimeString formatCode="304">20220303103500Z</DateTimeString>
		</IssueDateTime>
		<AdditionalInformation>
			<StatementCode xsi:type="AdditionalInformationStatementCodeType">A2</StatementCode>
			<StatementTypeCode xsi:type="AdditionalInformationStatementTypeCodeType">AFB</StatementTypeCode>
		</AdditionalInformation>
		<Declaration>
			<FunctionalReferenceID>CDSP_9793_TC2_0303_02</FunctionalReferenceID>
			<ID>22GB2FSDD8A53RIA03</ID>
			<VersionID>1</VersionID>
		</Declaration>
	</Response>
</MetaData>