<MetaData>
	<WCODataModelVersionCode>3.6</WCODataModelVersionCode>
	<WCOTypeName>RES</WCOTypeName>
	<ResponsibleCountryCode/>
	<ResponsibleAgencyName/>
	<AgencyAssignedCustomizationCode/>
	<AgencyAssignedCustomizationVersionCode/>
	<Response>
		<FunctionCode>09</FunctionCode>
		<FunctionalReferenceID>5f5fc5849fa744bab7def2bff9682668</FunctionalReferenceID>
		<IssueDateTime>
			<DateTimeString formatCode="304">20220303103500Z</DateTimeString>
		</IssueDateTime>
		<AdditionalInformation>
			<StatementCode>A2</StatementCode>
			<StatementTypeCode>AFB</StatementTypeCode>
		</AdditionalInformation>
		<Declaration>
			<FunctionalReferenceID>CDSP_9793_TC2_0303_02</FunctionalReferenceID>
			<ID>22GB2FSDD8A53RIA03</ID>
			<VersionID>1</VersionID>
		</Declaration>
	</Response>
</MetaData>