<MetaData>
    <WCODataModelVersionCode>3.6</WCODataModelVersionCode>
    <WCOTypeName>RES</WCOTypeName>
    <ResponsibleCountryCode/>
    <ResponsibleAgencyName/>
    <AgencyAssignedCustomizationCode/>
    <AgencyAssignedCustomizationVersionCode/>
    <Response>
        <FunctionCode>06</FunctionCode>
        <FunctionalReferenceID>dee84770c0a54dbd8994afc46ac1f7ee</FunctionalReferenceID>
        <IssueDateTime>
            <DateTimeString formatCode="304">20210603124508Z</DateTimeString>
        </IssueDateTime>
        <AdditionalInformation>
            <StatementCode>ACA</StatementCode>
            <StatementDescription/>
            <LimitDateTime>
                <DateTimeString formatCode="304">20240323124508Z</DateTimeString>
            </LimitDateTime>
            <StatementTypeCode>ACA</StatementTypeCode>
        </AdditionalInformation>
        <Declaration>
            <FunctionalReferenceID>TT_IM62a_v1.1_0306_05</FunctionalReferenceID>
            <ID>21GB63DP9SY0QZVMR4</ID>
            <VersionID>1</VersionID>
        </Declaration>
    </Response>
</MetaData>