  <MetaData><WCODataModelVersionCode>3.6</WCODataModelVersionCode><WCOTypeName>RES</WCOTypeName><ResponsibleCountryCode/><ResponsibleAgencyName/><AgencyAssignedCustomizationCode/><AgencyAssignedCustomizationVersionCode/><Response>
      <FunctionCode>13</FunctionCode>
      <FunctionalReferenceID>726914cd104d46ca9f6a6210fc040e49</FunctionalReferenceID>
      <IssueDateTime>
        <DateTimeString formatCode="304">20200303134841Z</DateTimeString>
      </IssueDateTime>
      <Bank>
        <ReferenceID>CITIGB2LLON</ReferenceID>
        <ID>GB25CITI08320011963155</ID>
      </Bank>
      <Status>
        <NameCode>115</NameCode>
      </Status>
      <Declaration>
        <FunctionalReferenceID>TC05_010320_003</FunctionalReferenceID>
        <ID>20GB2HEJGEYN2FGVR9</ID>
        <VersionID>1</VersionID>
        <GoodsShipment>
          <GovernmentAgencyGoodsItem>
            <SequenceNumeric>1</SequenceNumeric>
            <Commodity>
              <DutyTaxFee>
                <AdValoremTaxBaseAmount currencyID="GBP">350.00</AdValoremTaxBaseAmount>
                <DeductAmount currencyID="GBP">0.00</DeductAmount>
                <DutyRegimeCode>320</DutyRegimeCode>
                <TaxRateNumeric>12.50</TaxRateNumeric>
                <TypeCode>A00</TypeCode>
                <Payment>
                  <TaxAssessedAmount currencyID="GBP">43.75</TaxAssessedAmount>
                  <PaymentAmount currencyID="GBP">43.75</PaymentAmount>
                </Payment>
              </DutyTaxFee>
              <DutyTaxFee>
                <AdValoremTaxBaseAmount currencyID="GBP">493.75</AdValoremTaxBaseAmount>
                <DeductAmount currencyID="GBP">0.00</DeductAmount>
                <DutyRegimeCode>320</DutyRegimeCode>
                <TaxRateNumeric>20.00</TaxRateNumeric>
                <TypeCode>B00</TypeCode>
                <Payment>
                  <TaxAssessedAmount currencyID="GBP">98.75</TaxAssessedAmount>
                  <PaymentAmount currencyID="GBP">98.75</PaymentAmount>
                </Payment>
              </DutyTaxFee>
            </Commodity>
          </GovernmentAgencyGoodsItem>
        </GoodsShipment>
      </Declaration>
    </Response></MetaData>
