  <MetaData><WCODataModelVersionCode>3.6</WCODataModelVersionCode><WCOTypeName>RES</WCOTypeName><ResponsibleCountryCode/><ResponsibleAgencyName/><AgencyAssignedCustomizationCode/><AgencyAssignedCustomizationVersionCode/><Response>
      <FunctionCode>09</FunctionCode>
      <FunctionalReferenceID>5e34756af3fd4ab99e503252c5b8fee0</FunctionalReferenceID>
      <IssueDateTime>
        <DateTimeString formatCode="304">20200506120035Z</DateTimeString>
      </IssueDateTime>
      <AdditionalInformation>
        <StatementCode>A2</StatementCode>
        <StatementTypeCode>AFB</StatementTypeCode>
      </AdditionalInformation>
      <Declaration>
        <FunctionalReferenceID>R280_E2E_TC02_0605_002</FunctionalReferenceID>
        <ID>20GB50R7X2W6KFGVR4</ID>
        <VersionID>1</VersionID>
      </Declaration>
    </Response>
  </MetaData>
