<MetaData>
    <WCODataModelVersionCode>3.6</WCODataModelVersionCode>
    <WCOTypeName>RES</WCOTypeName>
    <ResponsibleCountryCode/>
    <ResponsibleAgencyName/>
    <AgencyAssignedCustomizationCode/>
    <AgencyAssignedCustomizationVersionCode/>
    <Response>
        <FunctionCode>03</FunctionCode>
        <FunctionalReferenceID>5043613b76f04049ba0a02980c7a3e0f</FunctionalReferenceID>
        <IssueDateTime>
            <DateTimeString formatCode="304">20210712154719Z</DateTimeString>
        </IssueDateTime>
        <Error>
            <ValidationCode>CDS10001</ValidationCode>
            <Pointer>
                <DocumentSectionCode>42A</DocumentSectionCode>
            </Pointer>
            <Pointer>
                <DocumentSectionCode>57A</DocumentSectionCode>
            </Pointer>
        </Error>
        <Error>
            <ValidationCode>CDS12070</ValidationCode>
            <Pointer>
                <DocumentSectionCode>42A</DocumentSectionCode>
            </Pointer>
            <Pointer>
                <DocumentSectionCode>67A</DocumentSectionCode>
            </Pointer>
            <Pointer>
                <DocumentSectionCode>28A</DocumentSectionCode>
            </Pointer>
            <Pointer>
                <DocumentSectionCode>64A</DocumentSectionCode>
                <TagID>L016</TagID>
            </Pointer>
        </Error>
        <Error>
            <ValidationCode>CDS12070</ValidationCode>
            <Pointer>
                <DocumentSectionCode>42A</DocumentSectionCode>
            </Pointer>
            <Pointer>
                <DocumentSectionCode>03A</DocumentSectionCode>
            </Pointer>
        </Error>
        <Declaration>
            <FunctionalReferenceID>R323_E2E_TC10_II01</FunctionalReferenceID>
            <ID>21GB7NADQMFD5BWNA4</ID>
            <RejectionDateTime>
                <DateTimeString formatCode="304">20210712154719Z</DateTimeString>
            </RejectionDateTime>
            <VersionID>1</VersionID>
        </Declaration>
    </Response>
</MetaData>