<MetaData>
    <WCODataModelVersionCode>3.6</WCODataModelVersionCode>
    <WCOTypeName>RES</WCOTypeName>
    <ResponsibleCountryCode/>
    <ResponsibleAgencyName/>
    <AgencyAssignedCustomizationCode/>
    <AgencyAssignedCustomizationVersionCode/>
    <Response>
        <FunctionCode>09</FunctionCode>
        <FunctionalReferenceID>07be071098954b02ac6da1ba28700612</FunctionalReferenceID>
        <IssueDateTime>
            <DateTimeString formatCode="304">20210712155828Z</DateTimeString>
        </IssueDateTime>
        <AdditionalInformation>
            <StatementCode>A2</StatementCode>
            <StatementTypeCode>AFB</StatementTypeCode>
        </AdditionalInformation>
        <Declaration>
            <FunctionalReferenceID>R323_E2E_TC10_II02</FunctionalReferenceID>
            <ID>21GB7NAS3C0D784VA2</ID>
            <VersionID>1</VersionID>
        </Declaration>
    </Response>
</MetaData>