<MetaData>
    <WCODataModelVersionCode>3.6</WCODataModelVersionCode>
    <WCOTypeName>RES</WCOTypeName>
    <ResponsibleCountryCode/>
    <ResponsibleAgencyName/>
    <AgencyAssignedCustomizationCode/>
    <AgencyAssignedCustomizationVersionCode/>
    <Response>
        <FunctionCode>16</FunctionCode>
        <FunctionalReferenceID>29531d06c9f84bda8f7ef2d1bb11fb0c</FunctionalReferenceID>
        <IssueDateTime>
            <DateTimeString formatCode="304">20210712160811Z</DateTimeString>
        </IssueDateTime>
        <AdditionalInformation>
            <StatementCode/>
            <StatementDescription>GB000040</StatementDescription>
            <StatementTypeCode>CEX</StatementTypeCode>
        </AdditionalInformation>
        <Status>
            <EffectiveDateTime>
                <DateTimeString formatCode="304">20210712000000Z</DateTimeString>
            </EffectiveDateTime>
            <NameCode>A1</NameCode>
        </Status>
        <Declaration>
            <FunctionalReferenceID>R323_E2E_TC10_II02</FunctionalReferenceID>
            <ID>21GB7NAS3C0D784VA2</ID>
            <VersionID>1</VersionID>
        </Declaration>
    </Response>
</MetaData>