<md:MetaData xmlns="urn:wco:datamodel:WCO:DEC-DMS:2"
             xmlns:xsi="http://www.w3.org/2001/XMLSchema-instance"
             xmlns:clm63055="urn:un:unece:uncefact:codelist:standard:UNECE:AgencyIdentificationCode:D12B"
             xmlns:ds="urn:wco:datamodel:WCO:MetaData_DS-DMS:2"
             xmlns:md="urn:wco:datamodel:WCO:DocumentMetaData-DMS:2"
             xsi:schemaLocation="urn:wco:datamodel:WCO:DocumentMetaData-DMS:2 ../DocumentMetaData_2_DMS.xsd ">
	<md:WCODataModelVersionCode>3.6</md:WCODataModelVersionCode>
	<md:WCOTypeName>DEC</md:WCOTypeName>
	<md:ResponsibleCountryCode>GB</md:ResponsibleCountryCode>
	<md:ResponsibleAgencyName>HMRC</md:ResponsibleAgencyName>
	<md:AgencyAssignedCustomizationVersionCode>v2.1</md:AgencyAssignedCustomizationVersionCode>
	<Declaration xmlns="urn:wco:datamodel:WCO:DEC-DMS:2"
	             xmlns:clm5ISO42173A="urn:un:unece:uncefact:codelist:standard:ISO:ISO3AlphaCurrencyCode:2012-08-31"
	             xmlns:clm63055="urn:un:unece:uncefact:codelist:standard:UNECE:AgencyIdentificationCode:D12B"
	             xmlns:p1="urn:wco:datamodel:WCO:Declaration_DS:DMS:2"
	             xmlns:udt="urn:un:unece:uncefact:data:standard:UnqualifiedDataType:6"
	             xmlns:xsi="http://www.w3.org/2001/XMLSchema-instance"
	             xsi:schemaLocation="urn:wco:datamodel:WCO:DEC-DMS:2 ../WCO_DEC_2_DMS.xsd ">
		
		<!-- 
			***
			Note KEL 277: On Exports declarations, where Direct or Indirect Representation is indicated in Data Element 3/21 (values "2" or "3"), Representative details will be incorrectly required (in either DE 3/19 - Name and Address details or DE 3/20 - Representative ID), even when the Representative is the same Party as the Declarant.
			***
			
			SCENARIO
			Declaration #2
			Type A Export with no control.
			Goods exported permanently.
			Procedure Code 1040
			Goods: Straw envelopes for bottles
			Good presented at RoRo location Eurotunnel
			Notifications: DMSACC, DMSCLE, DMSEOG
			
		-->
		
		<!--Function Code of 9 to represent an original declaration.-->
		<FunctionCode>9</FunctionCode>
		<!-- DE 2/5: The trader assigned reference to the declaration -->
		<FunctionalReferenceID>R323_E2E_TC10_II02</FunctionalReferenceID>
		<IssueDateTime>
			<p1:DateTimeString formatCode="304">20210622121000+01</p1:DateTimeString>
		</IssueDateTime>
		<!--DE 1/1: EX to represent an Export declaration.-->
		<!--DE 1/2: A to represent a standard frontier declaration.-->
		<TypeCode>EXA</TypeCode>
		<!--DE 1/9: Total number of goods items on the declaration.-->
		<GoodsItemQuantity>1</GoodsItemQuantity>
		<TotalPackageQuantity>10</TotalPackageQuantity>
		<!--DE 2/2: Additional information. -->
		<AdditionalInformation>
			<StatementCode>RRS01</StatementCode>
			<StatementDescription>GB659603596098</StatementDescription>
		</AdditionalInformation>
	<Agent>
			<!--DE 3/20: Reprensentative Identification Number.
				EORI number of the Representative.
				Note KEL 277: On Exports declarations, where Direct or Indirect Representation is indicated in Data Element 3/21 (values "2" or "3"), Representative details will be incorrectly required (in either DE 3/19 - Name and Address details or DE 3/20 - Representative ID) even when the Representative is the same Party as the Declarant. -->
			<ID>GB201909013000</ID>
			<!--DE 3/21: Representative Status Code. 
				'2' Indicating 'Direct representation'.
				Note that the same EORI is used for the Agent and Declarant so the declaration is self representation - this will be updated in the next version. -->
			<FunctionCode>2</FunctionCode>
		</Agent>
		<!--DE 3/39: Holder of the authorisation identification no-->
		<AuthorisationHolder>
			<ID>GB201909013000</ID>
			<CategoryCode>EXRR</CategoryCode>
		</AuthorisationHolder>
		<BorderTransportMeans>
			<!--DE 7/14: Identity of active means of transport crossing the border-->
			<ID>IDE1234567</ID>
			<IdentificationTypeCode>10</IdentificationTypeCode>
			<!--DE 7/15: Country code of the nationality of the active means of transport
             	crossing the border, in this case HK.-->
			<RegistrationNationalityCode>HK</RegistrationNationalityCode>
			<!--DE 7/4: ModeCode of 6 to represent RoRo transport as the mode of transport
				at the border.-->
			<ModeCode>6</ModeCode>
		</BorderTransportMeans>
		<Consignment>
			<!--DE 3/32: Carrier identification no -->
			<Carrier>
				<ID>GB025115100010</ID>
			</Carrier>
			<!-- 4/2: Transport charges method of payment. B indicating credit card -->
			<Freight>
				<PaymentMethodCode>B</PaymentMethodCode>
			</Freight>
			<!-- 5/18: Countries of routing codes. GBZG Routing from GB,SD to TN. -->
			<Itinerary>
				<SequenceNumeric>1</SequenceNumeric>
				<RoutingCountryCode>GB</RoutingCountryCode>
			</Itinerary>
			<Itinerary>
				<SequenceNumeric>2</SequenceNumeric>
				<RoutingCountryCode>TN</RoutingCountryCode>
			</Itinerary>
			<Itinerary>
				<SequenceNumeric>3</SequenceNumeric>
				<RoutingCountryCode>SD</RoutingCountryCode>
			</Itinerary>
		</Consignment>
		<!--DE 3/18: EORI number of the Declarant. -->
		<Declarant>
			<ID>GB201909013000</ID>
		</Declarant>
		<!-- 5/12: 'GB000040' Indicating Indicating DOVER -->
		<ExitOffice>
			<ID>GB000040</ID>
		</ExitOffice>
		<!--DE 3/2: EORI number of the Exporter. -->
		<Exporter>
			<ID>GB201909013000</ID>
		</Exporter>
		<GoodsShipment>
			<!--DE 8/5:Nature of  Transaction(11 equals to Sale ) -->
			<TransactionNatureCode>11</TransactionNatureCode>
			<AEOMutualRecognitionParty>
				<ID>GB717572504502802</ID>
				<RoleCode>CS</RoleCode>
			</AEOMutualRecognitionParty>
			<!--DE 3/9: Consignee Name and Address -->
			<Consignee>
				<Name>Bags Export</Name>
				<Address>
					<CityName>New York</CityName>
					<CountryCode>US</CountryCode>
					<Line>1 Bags Avenue</Line>
					<PostcodeID>NY1 234</PostcodeID>
				</Address>
			</Consignee>
			<Consignment>
				<!--DE 7/2: 1 to indicate that the goods are transported in containers.-->
				<ContainerCode>1</ContainerCode>
				<DepartureTransportMeans>
					<!--DE 7/7: ID of the means of transport. -->
					<!--DE 7/5: '3'Indicating Lorry from CSE location to Ferry-->
					<ID>CSCLGLOBE</ID>
					<IdentificationTypeCode>11</IdentificationTypeCode>
					<ModeCode>1</ModeCode>
				</DepartureTransportMeans>
				<GoodsLocation>
					<!--DE 5/23: GBAUEUTEUTEUTGVM Indicating 'Euro Tunnel'-->
					<Name>EUTEUTEUTGVM</Name>
					<TypeCode>A</TypeCode>
					<Address>
						<TypeCode>U</TypeCode>
						<CountryCode>GB</CountryCode>
					</Address>
				</GoodsLocation>
				<!--DE 7/10: Sequence number and ID of the container.-->
				<!--DE 7/18: Seal sequence number 1, then seal number-->
				<TransportEquipment>
					<SequenceNumeric>1</SequenceNumeric>
					<ID>CONU1234567</ID>
					<!--DE 7/18: Seal number. This is Security and Safety Data. -->
					<Seal>
						<SequenceNumeric>1</SequenceNumeric>
						<ID>333</ID>
					</Seal>
				</TransportEquipment>
			</Consignment>
			<Destination>
				<!--DE 5/8: Country code of the destination country. SD Indicating SUDAN. -->
				<CountryCode>SD</CountryCode>
			</Destination>
			<ExportCountry>
				<!--DE 5/14: Country code for the country from which the goods were originally dispatched, in this case GB. -->
				<ID>GB</ID>
			</ExportCountry>
			<GovernmentAgencyGoodsItem>
				<!--DE 1/6: Sequential number of the goods item.-->
				<SequenceNumeric>1</SequenceNumeric>
				<!--DE 8/6: statistical value for the goods item in GBP  -->
				<StatisticalValueAmount currencyID="GBP">1000</StatisticalValueAmount>
				<Commodity>
					<!--DE 6/8: Description of the goods. -->
					<Description>Straw envelopes for bottles</Description>
					<Classification>
						<!--DE 6/14: Commodity code - combined nomenclature code. -->
						<ID>46021910</ID>
						<IdentificationTypeCode>TSP</IdentificationTypeCode>
					</Classification>
					<GoodsMeasure>
						<!--DE 6/5: Gross mass of the goods in kilograms including packaging. -->
						<GrossMassMeasure unitCode="KGM">700</GrossMassMeasure>
						<!--DE 6/1: Net mass of the goods in kilograms without any packaging. -->
						<NetNetWeightMeasure unitCode="KGM">500</NetNetWeightMeasure>
					</GoodsMeasure>
					<InvoiceLine>
						<ItemChargeAmount currencyID="GBP">5676</ItemChargeAmount>
					</InvoiceLine>
				</Commodity>
				<!--DE 1/10: Requested Procedure of 1040 indicating Permanent export of goods in Free Circulation and Home Use -->
				<GovernmentProcedure>
					<CurrentCode>10</CurrentCode>
					<PreviousCode>40</PreviousCode>
				</GovernmentProcedure>
				<!--DE 1/11: 000 to indicate no additional procedure.-->
				<GovernmentProcedure>
					<CurrentCode>000</CurrentCode>
				</GovernmentProcedure>
				<Packaging>
					<!--DE 6/11: Shipping marks on the packages. -->
					<SequenceNumeric>1</SequenceNumeric>
					<!--DE 6/10: Number of packages. 1 Indicating bulk package. -->
					<MarksNumbersID>2379261ETT</MarksNumbersID>
					<QuantityQuantity>10</QuantityQuantity>
					<!--DE 6/9: Type of packages - PK to represent standard packaging
					 unit.-->
					<TypeCode>PK</TypeCode>
				</Packaging>
			</GovernmentAgencyGoodsItem>
			<!--DE 2/1: Previous document to show the DUCR assigned to the consignment. 
				This is a mandatory field. -->
			<PreviousDocument>
				<CategoryCode>Y</CategoryCode>
				<ID>1GB427168118378-127ID01</ID>
				<TypeCode>DCR</TypeCode>
				<LineNumeric>1</LineNumeric>
			</PreviousDocument>
		</GoodsShipment>
	</Declaration>
</md:MetaData>