<MetaData>
    <WCODataModelVersionCode>3.6</WCODataModelVersionCode>
    <WCOTypeName>RES</WCOTypeName>
    <ResponsibleCountryCode/>
    <ResponsibleAgencyName/>
    <AgencyAssignedCustomizationCode/>
    <AgencyAssignedCustomizationVersionCode/>
    <Response>
        <FunctionCode>01</FunctionCode>
        <FunctionalReferenceID>998367e0471b4aa3934676de5a5e6cb9</FunctionalReferenceID>
        <IssueDateTime>
            <DateTimeString formatCode="304">20220328121546+01</DateTimeString>
        </IssueDateTime>
        <Declaration>
            <AcceptanceDateTime>
                <DateTimeString formatCode="304">20220328121222+01</DateTimeString>
            </AcceptanceDateTime>
            <FunctionalReferenceID>IM86a_v1.1_030322_4</FunctionalReferenceID>
            <ID>22GB3FJVXSYUDWGA01</ID>
            <VersionID>1</VersionID>
        </Declaration>
    </Response>
</MetaData>