<MetaData xmlns:xsi="http://www.w3.org/2001/XMLSchema-instance" xmlns:v3="http://core.dms/TraderNotificationServiceSOAP/v3/" xmlns:soapenv="http://schemas.xmlsoap.org/soap/envelope/" xmlns:soapenc="http://schemas.xmlsoap.org/soap/encoding/" xmlns:xsd="http://www.w3.org/2001/XMLSchema">
    <WCODataModelVersionCode>3.6</WCODataModelVersionCode>
    <WCOTypeName>RES</WCOTypeName>
    <ResponsibleCountryCode/>
    <ResponsibleAgencyName/>
    <AgencyAssignedCustomizationCode/>
    <AgencyAssignedCustomizationVersionCode/>
    <Response>
        <FunctionCode>13</FunctionCode>
        <FunctionalReferenceID>1b167f2cdfc54bb8a7c97eafa52f732d</FunctionalReferenceID>
        <IssueDateTime>
            <DateTimeString formatCode="304">20220328121547+01</DateTimeString>
        </IssueDateTime>
        <Bank>
            <ReferenceID xsi:type="BankReferenceIDType">CITIGB2LLON</ReferenceID>
            <ID xsi:type="BankAccountIdentificationIDType">GB25CITI08320011963155</ID>
        </Bank>
        <Status>
            <NameCode>4</NameCode>
        </Status>
        <Declaration>
            <FunctionalReferenceID>IM86a_v1.1_030322_4</FunctionalReferenceID>
            <ID>22GB3FJVXSYUDWGA01</ID>
            <VersionID>1</VersionID>
            <GoodsShipment>
                <GovernmentAgencyGoodsItem>
                    <SequenceNumeric>1</SequenceNumeric>
                    <Commodity/>
                </GovernmentAgencyGoodsItem>
            </GoodsShipment>
        </Declaration>
    </Response>
</MetaData>