<MetaData>
    <WCODataModelVersionCode>3.6</WCODataModelVersionCode>
    <WCOTypeName>RES</WCOTypeName>
    <ResponsibleCountryCode/>
    <ResponsibleAgencyName/>
    <AgencyAssignedCustomizationCode/>
    <AgencyAssignedCustomizationVersionCode/>
    <Response>
        <FunctionCode>09</FunctionCode>
        <FunctionalReferenceID>d00f2024cf57409091fd70dd930ffe0b</FunctionalReferenceID>
        <IssueDateTime>
            <DateTimeString formatCode="304">20220328121547+01</DateTimeString>
        </IssueDateTime>
        <AdditionalInformation>
            <StatementCode>A2</StatementCode>
            <StatementTypeCode>AFB</StatementTypeCode>
        </AdditionalInformation>
        <Declaration>
            <FunctionalReferenceID>IM86a_v1.1_030322_4</FunctionalReferenceID>
            <ID>22GB3FJVXSYUDWGA01</ID>
            <VersionID>1</VersionID>
        </Declaration>
    </Response>
</MetaData>