<MetaData xmlns:xsi="http://www.w3.org/2001/XMLSchema-instance" xmlns:v3="http://core.dms/TraderNotificationServiceSOAP/v3/" xmlns:soapenv="http://schemas.xmlsoap.org/soap/envelope/" xmlns:soapenc="http://schemas.xmlsoap.org/soap/encoding/" xmlns:xsd="http://www.w3.org/2001/XMLSchema">
    <WCODataModelVersionCode>3.6</WCODataModelVersionCode>
    <WCOTypeName>RES</WCOTypeName>
    <ResponsibleCountryCode/>
    <ResponsibleAgencyName/>
    <AgencyAssignedCustomizationCode/>
    <AgencyAssignedCustomizationVersionCode/>
    <Response>
        <FunctionCode>09</FunctionCode>
        <FunctionalReferenceID>d00f2024cf57409091fd70dd930ffe0b</FunctionalReferenceID>
        <IssueDateTime>
            <DateTimeString formatCode="304">20220328121547+01</DateTimeString>
        </IssueDateTime>
        <AdditionalInformation>
            <StatementCode xsi:type="AdditionalInformationStatementCodeType">A2</StatementCode>
            <StatementTypeCode xsi:type="AdditionalInformationStatementTypeCodeType">AFB</StatementTypeCode>
        </AdditionalInformation>
        <Declaration>
            <FunctionalReferenceID>IM86a_v1.1_030322_4</FunctionalReferenceID>
            <ID>22GB3FJVXSYUDWGA01</ID>
            <VersionID>1</VersionID>
        </Declaration>
    </Response>
</MetaData>