<md:MetaData
	  xmlns="urn:wco:datamodel:WCO:DEC-DMS:2"
	  xmlns:xsi="http://www.w3.org/2001/XMLSchema-instance"
	  xmlns:clm63055="urn:un:unece:uncefact:codelist:standard:UNECE:AgencyIdentificationCode:D12B"
	  xmlns:ds="urn:wco:datamodel:WCO:MetaData_DS-DMS:2"
	  xmlns:md="urn:wco:datamodel:WCO:DocumentMetaData-DMS:2"
	  xsi:schemaLocation="urn:wco:datamodel:WCO:DocumentMetaData-DMS:2 ../DocumentMetaData_2_DMS.xsd "    >
	<md:WCODataModelVersionCode>3.6</md:WCODataModelVersionCode>
	<md:WCOTypeName>DEC</md:WCOTypeName>
	<md:ResponsibleCountryCode>GB</md:ResponsibleCountryCode>
	<md:ResponsibleAgencyName>HMRC</md:ResponsibleAgencyName>
	<md:AgencyAssignedCustomizationVersionCode>v2.1</md:AgencyAssignedCustomizationVersionCode>
	<Declaration
			xmlns="urn:wco:datamodel:WCO:DEC-DMS:2"
			xmlns:clm5ISO42173A="urn:un:unece:uncefact:codelist:standard:ISO:ISO3AlphaCurrencyCode:2012-08-31"
			xmlns:clm63055="urn:un:unece:uncefact:codelist:standard:UNECE:AgencyIdentificationCode:D12B"
			xmlns:p1="urn:wco:datamodel:WCO:Declaration_DS:DMS:2"
			xmlns:udt="urn:un:unece:uncefact:data:standard:UnqualifiedDataType:6"
			xmlns:xsi="http://www.w3.org/2001/XMLSchema-instance"
			xsi:schemaLocation="urn:wco:datamodel:WCO:DEC-DMS:2 ../WCO_DEC_2_DMS.xsd " >
		<FunctionCode>13</FunctionCode>
		<FunctionalReferenceID>TT_IM46a_v1.2_2904_08</FunctionalReferenceID>
		<ID>21GB4PDQXIU4ARXZR1</ID>
		<TypeCode>GPR</TypeCode>
		<Submitter>
			<ID>GB575456994000</ID>
		</Submitter>
	</Declaration>
</md:MetaData>