<md:MetaData xsi:schemaLocation="urn:wco:datamodel:WCO:DocumentMetaData-DMS:2 ../DocumentMetaData_2_DMS.xsd "
             xmlns="urn:wco:datamodel:WCO:DEC-DMS:2"
             xmlns:xsi="http://www.w3.org/2001/XMLSchema-instance"
             xmlns:clm63055="urn:un:unece:uncefact:codelist:standard:UNECE:AgencyIdentificationCode:D12B"
             xmlns:ds="urn:wco:datamodel:WCO:MetaData_DS-DMS:2"
             xmlns:md="urn:wco:datamodel:WCO:DocumentMetaData-DMS:2">
	<md:WCODataModelVersionCode>3.6</md:WCODataModelVersionCode>
	<md:WCOTypeName>DEC</md:WCOTypeName>
	<md:ResponsibleCountryCode>GB</md:ResponsibleCountryCode>
	<md:ResponsibleAgencyName>HMRC</md:ResponsibleAgencyName>
	<md:AgencyAssignedCustomizationVersionCode>v2.1</md:AgencyAssignedCustomizationVersionCode>
	<Declaration xsi:schemaLocation="urn:wco:datamodel:WCO:DEC-DMS:2 ../WCO_DEC_2_DMS.xsd "
	             xmlns:clm5ISO42173A="urn:un:unece:uncefact:codelist:standard:ISO:ISO3AlphaCurrencyCode:2012-08-31"
	             xmlns:p1="urn:wco:datamodel:WCO:Declaration_DS:DMS:2"
	             xmlns:udt="urn:un:unece:uncefact:data:standard:UnqualifiedDataType:6">
		<!--
			SCENARIO
			Importing Northern Ireland SRDS movements - ROW to NI - Journey Type B2B (Inventory Linking)
			This test scenario is to ensure, when a trader submits a Type A Frontier Inventory-linked Imports declaration, importing non-excise goods from the ROW to Northern Ireland, B2B journey where value of the item does not exceed £135, the following rules must be adhered to: 
			 - Where a trader imports an movement using SRDS from ROW to NI, Ensure the correct NI AI code is applied.
			 - Where an SRDS declaration is being passed through GVMS, ensure the declaration is passed to DIS.
			 - Where a trader imports a movement using SRDS from an IVL (Inventory Linking Code) must be declared.
			When a trader imports a movement and submits an SRDS with Inventory Linked Ports from GB or ROW to NI, the following must apply:
			 - CDS must allow an MUCR (ICR - Inventory Consignment Reference) to be entered.
			 - When submitting an SRDS declaration that contains an MUCR, standard inventory linking processing must apply.
			 - When a trader imports a movement (ROW - NI B2B) and enters APC combinations in D.E. 1/11, ensure that D.E. 3/40, the additional Fiscal Reference Identification no, it's Sub-Fields identifier and Type Code (SubRole) are populated at header level. 
			VAT number populated, no VAT charged (No DMSTAX generated).
		-->
		<!--Function Code of 9 to represent an original declaration.-->
		<FunctionCode>9</FunctionCode>
		<!--DE 2/5: LRN.
			Trader's own reference number - this must be unique to the transaction. -->
		<FunctionalReferenceID>TT_IM67a_1607_001</FunctionalReferenceID>
		<!--DE 1/1: Declaration Type.
			IM to represent an import declaration. -->
		<!--DE 1/2: Additional Declaration Type.
			A to represent a standard frontier declaration. -->
		<TypeCode>IMA</TypeCode>
		<!--DE 1/9: Total Number of Items.
			Total number of goods items on the declaration. -->
		<GoodsItemQuantity>1</GoodsItemQuantity>
		<!--DE 7/4: Mode of Transport at the Border.
			ModeCode of 1 to represent Maritime/Sea transport as the mode of transport at the border. -->
		<BorderTransportMeans>
			<RegistrationNationalityCode>GB</RegistrationNationalityCode>
			<ModeCode>5</ModeCode>
		</BorderTransportMeans>
		<!--DE 3/18: Declarant Identification Number.
			The EORI number of the declarant entering the declaration. 
			The UK requires an EORI to be provided for the declarant. 
			In this scenario, the same as the EORI of the importer. -->
		<Declarant>
			<ID>GB553202734852</ID>
		</Declarant>
		<!--DE 3/1: Exporter.
			Exporter name and address is mandatory where no recognised EORI number has been entered into DE 3/2. -->
		<Exporter>
			<Name>US Cloth Co.</Name>
			<Address>
				<CityName>New York</CityName>
				<CountryCode>US</CountryCode>
				<Line>1 Apparel Avenue</Line>
				<PostcodeID>NY2 345</PostcodeID>
			</Address>
		</Exporter>
		<GoodsShipment>
			<Consignment>
				<!--DE 5/23: Location of Goods.
					The location code for Belfast Airport, GBAUBELBFSBEL.
					Goods moved via Belfast Airport. -->
				<GoodsLocation>
					<!--DE 5/23: Location of Goods.
						Name code BELBFSBEL for Belfast Airport.
						Goods moved via Belfast Airport. -->
					<Name>BELBFSBEL</Name>
					<!--DE 5/23: Location of Goods.
						Type A in this scenario to represent that it is a designated location. -->
					<TypeCode>A</TypeCode>
					<Address>
						<!--DE 5/23: Location of Goods.
							Address Type U in this scenario for UN/LOCODE. -->
						<TypeCode>U</TypeCode>
						<!--DE 5/23: Location of Goods.
							Country code of the country where the goods may be examined, GB in this scenario. -->
						<CountryCode>GB</CountryCode>
					</Address>
				</GoodsLocation>
			</Consignment>
			<!--DE 4/19: Postal Charges.
				Postal charge of 5 GBP. -->
			<CustomsValuation>
				<FreightChargeAmount currencyID="GBP">5.00</FreightChargeAmount>
			</CustomsValuation>
			<!--DE 3/40: Additional Fiscal References Identification Number.
				Role Code FR2 - the VAT identification number of the customer who is liable for the VAT.
				Valid VAT EORI, EORI: GB553202734852 - VAT: 603202734. -->
			<DomesticDutyTaxParty>
				<ID>GB603202734</ID>
				<RoleCode>FR2</RoleCode>
			</DomesticDutyTaxParty>
			<GovernmentAgencyGoodsItem>
				<!--DE 4/18: Postal Value.
					Customs Value Amount. -->
				<CustomsValueAmount currencyID="GBP">130.00</CustomsValueAmount>
				<!--DE 1/6: Goods Item Number.
					Sequential number of the goods item. -->
				<SequenceNumeric>1</SequenceNumeric>
				<!--DE 2/3: Documents produced, certificates and authorisations, additional references.
					A document code of C400 indicates Presentation of the required "CITES" certificate.  
					Commission Reg 160/2017 amending Council Reg (EC) No 338/97 on the protection of species of wild fauna and flora by regulating trade therein.
					LPCOExemptionCode: AC indicates Document attached for certification by customs.	-->
				<AdditionalDocument>
					<CategoryCode>C</CategoryCode>
					<ID>GBICP22222</ID>
					<TypeCode>400</TypeCode>
					<LPCOExemptionCode>AC</LPCOExemptionCode>
				</AdditionalDocument>
				<!--DE 2/3: Documents produced, certificates and authorisations, additional references.
					A document code of Y922 indicates Other than cats and dogs fur as mentioned by Regulation (EC) No 1523/2007 (OJ L 343) banning the placing on the market and the import to, or export from, the Union of cat and dog fur, and products containing such fur (Text with EEA relevance). -->
				<AdditionalDocument>
					<CategoryCode>Y</CategoryCode>
					<Name>No cat or dog fur</Name>
					<TypeCode>922</TypeCode>
				</AdditionalDocument>
				<!--DE 2/3: Documents produced, certificates and authorisations, additional references.
					A document code of C679 indicates Attesting Document (seal product), issued by a recognised body in accordance with either -  Regulation (EU) No 737/2010 (on condition that the attesting document was issued prior to 18 October 2015) or, COMMISSION IMPLEMENTING REGULATION (EU) 2015/1850, laying down detailed rules for the implementation of Regulation (EC) No 1007/2009 of the European Parliament and of the Council on trade in seal products.
					Document status code of XB in this scenario indicates Document not required – quantity below ‘de minimus’. -->
				<AdditionalDocument>
					<CategoryCode>C</CategoryCode>
					<ID>0054037-0054047</ID>
					<TypeCode>679</TypeCode>
					<LPCOExemptionCode>XB</LPCOExemptionCode>
				</AdditionalDocument>
				<!--DE 2/3: Documents produced, certificates and authorisations, additional references.
					A document code of 9120 indicates: Importation of animal pathogens Licence under the Importation of Animal pathogens Order 1980 (IAPO). 
					LPCOExemptionCode: AC indicates Document attached for certification by customs. -->
				<AdditionalDocument>
					<CategoryCode>9</CategoryCode>
					<ID>GBAHC11111</ID>
					<TypeCode>120</TypeCode>
					<LPCOExemptionCode>AC</LPCOExemptionCode>
				</AdditionalDocument>
				<!--DE 2/2: Additional Information. 
					NIIMP - IMPORTER -->
				<AdditionalInformation>
					<StatementCode>NIIMP</StatementCode>
				</AdditionalInformation>
				<Commodity>
					<!--DE 6/8: Description of the Goods. -->
					<Description>Mens or Boys woolen blazer</Description>
					<Classification>
						<!--DE 6/14: Commodity Code - Combined Nomenclature Code. -->
						<ID>61031010</ID>
						<IdentificationTypeCode>TSP</IdentificationTypeCode>
					</Classification>
					<GoodsMeasure>
						<!--DE 6/5: Gross Mass.
							Mass of the goods in kilograms including packaging. -->
						<GrossMassMeasure>5</GrossMassMeasure>
					</GoodsMeasure>
				</Commodity>
				<!-- DE 1/10: Procedure.
					Requested Procedure of 40 indicating entry for free circulation and home use of goods.
					Previous Procedure of 00 indicating there is no previous procedure. -->
				<GovernmentProcedure>
					<CurrentCode>40</CurrentCode>
					<PreviousCode>00</PreviousCode>
				</GovernmentProcedure>
				<!--DE 1/11: Additional Procedure Code.
					'1H7' at item level. -->
				<GovernmentProcedure>
					<CurrentCode>1H7</CurrentCode>
				</GovernmentProcedure>
				<!--DE 1/11: Additional Procedure Code.
					'C07' at item level. -->
				<GovernmentProcedure>
					<CurrentCode>C07</CurrentCode>
				</GovernmentProcedure>
			</GovernmentAgencyGoodsItem>
			<!--DE 3/16: Importer Identification Number.
				EORI number of the Importer. -->
			<Importer>
				<ID>GB553202734852</ID>
			</Importer>
			<!-- DE 2/1: Previous Documents.
				Previous document Z271 represents "Packing List". -->
			<PreviousDocument>
				<CategoryCode>Z</CategoryCode>
				<ID>PL20210630-281-2844</ID>
				<TypeCode>271</TypeCode>
			</PreviousDocument>
			<!--DE 2/1: Previous Documents.
				Previous document contains a MUCR in at header level (to invoke IVL). -->
			<PreviousDocument>
				<CategoryCode>Z</CategoryCode>
				<ID>GB/1234-:3333HB</ID>
				<TypeCode>MCR</TypeCode>
			</PreviousDocument>
		</GoodsShipment>
	</Declaration>
</md:MetaData>
