<md:MetaData xmlns="urn:wco:datamodel:WCO:DEC-DMS:2"
             xmlns:xsi="http://www.w3.org/2001/XMLSchema-instance"
             xmlns:clm63055="urn:un:unece:uncefact:codelist:standard:UNECE:AgencyIdentificationCode:D12B"
             xmlns:ds="urn:wco:datamodel:WCO:MetaData_DS-DMS:2"
             xmlns:md="urn:wco:datamodel:WCO:DocumentMetaData-DMS:2"
             xsi:schemaLocation="urn:wco:datamodel:WCO:DocumentMetaData-DMS:2 ../DocumentMetaData_2_DMS.xsd ">
	<md:WCODataModelVersionCode>3.6</md:WCODataModelVersionCode>
	<md:WCOTypeName>DEC</md:WCOTypeName>
	<md:ResponsibleCountryCode>GB</md:ResponsibleCountryCode>
	<md:ResponsibleAgencyName>HMRC</md:ResponsibleAgencyName>
	<md:AgencyAssignedCustomizationVersionCode>v2.1
			</md:AgencyAssignedCustomizationVersionCode>
	<Declaration xmlns="urn:wco:datamodel:WCO:DEC-DMS:2"
	             xmlns:clm5ISO42173A="urn:un:unece:uncefact:codelist:standard:ISO:ISO3AlphaCurrencyCode:2012-08-31"
	             xmlns:clm63055="urn:un:unece:uncefact:codelist:standard:UNECE:AgencyIdentificationCode:D12B"
	             xmlns:p1="urn:wco:datamodel:WCO:Declaration_DS:DMS:2"
	             xmlns:udt="urn:un:unece:uncefact:data:standard:UnqualifiedDataType:6"
	             xmlns:xsi="http://www.w3.org/2001/XMLSchema-instance"
	             xsi:schemaLocation="urn:wco:datamodel:WCO:DEC-DMS:2 ../WCO_DEC_2_DMS.xsd ">
		<!--
			SCENARIO
			RoW to NI: SRDS
			Importing into Northern Ireland - SRDS Declarations - ROW to NI - Journey Type B2C with Amendments to the new Data Elements 4/18 and 4/19
			
			A Trader submits a Type D Pre-Lodged Imports Declaration importing non-excise goods from the ROW into Northern Ireland
			The only Procedure Code D.E.1/10 combination allowed is '4000'
			The SRDS journey type is signalled by the value combinations included within the Additional Procedure Code D.E. 1/11 - 1H7 and C07
		
			The trader then submits an amendment payload to increase the values of the new Data Elements, Customs Value Amount D.E. 4/18 and Postal Charges D.E. 4/19
			The increased value remains at less than GBP 135
			The amendment is included within the corresponding Goods Presentation Notice.

			CDS accepts the amendment and the GPN
			The Declaration clears. There is no Customs Duty or VAT payable
		-->
		<!--Function Code of 9 to represent an original declaration -->
		<FunctionCode>9</FunctionCode>
		<!--DE 2/5: LRN. 
			Mandatory field. 
			Traders own reference number this must be unique to the transaction. -->
		<FunctionalReferenceID>TT_IM77a_v1.1_2701_01</FunctionalReferenceID>
		<!--DE 1/1: Declaration Type. 
			Mandatory field. 
			IM to represent an import declaration. -->
		<!--DE 1/2: Additional Declaration Type. 
			Mandatory field. 
			D to represent a Pre Lodged declaration. -->
		<TypeCode>IMD</TypeCode>
		<!--DE 1/9: Total number of items. 
			Mandatory field. 
			1 to represent a single item declaration. -->
		<GoodsItemQuantity>1</GoodsItemQuantity>
		<Agent>
			<!--DE 3/21: Holder of the Authorisation.
				FunctionCode of 2 indicating agent acting in direct representation for the importer (holding written instruction to do so). -->
			<FunctionCode>2</FunctionCode>
		</Agent>
		<BorderTransportMeans>
			<!--DE 7/4: Mode of transport at the border. 
				ModeCode of 5 to represent Postal Consignments. 
				Note that data elements 5/23 and 7/4 are required for Risk and must therefore be added. -->
			<ModeCode>5</ModeCode>
		</BorderTransportMeans>
		<!--DE 3/18: Declarant Identification Number. 
			Mandatory only when a recognised ID number is available.
			The EORI number of the declarant. 
			UK requires an EORI to be provided for the declarant. -->
		<Declarant>
			<ID>GB603202734852</ID>
		</Declarant>
		<!--DE 3/1: Exporter. 
			This data element can be declared at a header or item level, depending on the scenario.
			Exporter name and address is mandatory where no recognised EORI number has been entered into DE 3/2. -->
		<Exporter>
			<Name>Invaluable Fine Arts Inc</Name>
			<Address>
				<CityName>Sydney</CityName>
				<CountryCode>AU</CountryCode>
				<Line>26 Broadway Ave.</Line>
				<PostcodeID>SY1 4NY</PostcodeID>
			</Address>
		</Exporter>
		<GoodsShipment>
			<Consignment>
				<!--DE 5/23: Location of goods. 
					Mandatory field.
					Not included in the H7 data set but required for GVMS.
					Note that data elements 5/23 and 7/4 are required for Risk and must therefore be added.
					ID to give a unique position of the location where the goods are located at the time they are declared.
					The location code is entered using the following code components:
					• Name: An alphanumeric identifier to give a unique position of the location - BELBFSBEL to indicate goods arriving at Belfast Airport, Northern Ireland, UK.
					• TypeCode: Type of Location -  A indicates frontier or frontier linked location.
					• Address TypeCode: Type of ID of the Location - U in this scenario for UN/LOCODE.
					• Address CountryCode: Country code of the country where the goods may be examined - GB in this scenario. -->
				<GoodsLocation>
					<Name>BELBFSBEL</Name>
					<TypeCode>A</TypeCode>
					<Address>
						<TypeCode>U</TypeCode>
						<CountryCode>GB</CountryCode>
					</Address>
				</GoodsLocation>
			</Consignment>
			<!--DE 4/19: Postal Charges. 
				In this case £13.75. -->
			<CustomsValuation>
				<FreightChargeAmount currencyID="GBP">13.75</FreightChargeAmount>
			</CustomsValuation>
			<GovernmentAgencyGoodsItem>
				<!--DE 4/18: Value.
					SRDS Mandatory field.
					In this case £103.33. -->
				<CustomsValueAmount currencyID="GBP">103.33</CustomsValueAmount>
				<!--DE 1/6: Goods item number. 
					Mandatory field. 
					Sequential number of the goods item. -->
				<SequenceNumeric>1</SequenceNumeric>
				<!--DE 2/2: Additional Information. 
					This field is mandatory, and represents that the goods are imported from ROW into Northern Ireland. -->
				<!--DE 2/3: Documents produced, certificates and authorisations, additional references. 
					This field is mandatory only where codes required.
					9WKS indicates Worksheet to support calculation of the customs value and/or revenue calculations. -->
				<AdditionalDocument>
					<CategoryCode>9</CategoryCode>
					<ID>See attached Worksheet1154-01122021</ID>
					<TypeCode>WKS</TypeCode>
					<LPCOExemptionCode>AE</LPCOExemptionCode>
				</AdditionalDocument>
				<!--DE 2/2 Additional Information. 
					This field is mandatory, this represents goods are imported from ROW into Northern Ireland. -->
				<AdditionalInformation>
					<StatementCode>NIIMP</StatementCode>
				</AdditionalInformation>
				<!--DE 2/2: Additional Information. 
					This field is mandatory.
					StatementCode 00600 indicates simplification of the drawing up of customs declaration or clearance requests for goods falling under different tariff subheadings.
					StatementDescription VR177 represents that the items have variable duty rates, and use the same measurement unit.-->
				<AdditionalInformation>
					<StatementCode>00600</StatementCode>
					<StatementDescription>VR177</StatementDescription>
				</AdditionalInformation>
				<Commodity>
					<!--DE 6/8: Description of goods. 
						Mandatory item. 
						Description of the goods specific enough to enable classification - without repeating the CN code description in the Tariff. -->
					<Description>Antiques - Original engravings, prints and lithographs</Description>
					<Classification>
						<!--DE 6/14: Commodity code - combined nomenclature code. Mandatory field.
							IdentificationTypeCode of TSP indicates that a Transitional Simplified Procedure has been used. -->
						<ID>97020000</ID>
						<IdentificationTypeCode>TSP</IdentificationTypeCode>
					</Classification>
					<GoodsMeasure>
						<!--DE 6/5: Gross Mass.
							Weight of the goods in kilograms including packaging. -->
						<GrossMassMeasure unitCode="KGM">2</GrossMassMeasure>
					</GoodsMeasure>
				</Commodity>
				<!--DE 1/10: Procedure. 
					Mandatory field.
					CurrentCode 40 indicating entry for free circulation and home use of non-union goods.
					PreviousCode 00 indicating where the goods have not been subject to any previous procedure. -->
				<GovernmentProcedure>
					<CurrentCode>40</CurrentCode>
					<PreviousCode>00</PreviousCode>
				</GovernmentProcedure>
				<!--DE 1/11: Additional Procedure Code.
					'1H7' at item level to derive the SRDS dataset. -->
				<GovernmentProcedure>
					<CurrentCode>1H7</CurrentCode>
				</GovernmentProcedure>
				<!--DE 1/11: Additional Procedure Code.
					C07 to indicate that different goods have been grouped on a single customs declaration. -->
				<GovernmentProcedure>
					<CurrentCode>C07</CurrentCode>
				</GovernmentProcedure>
				<!--DE 1/11: Additional Procedure Code.
					F47 to indicate that different goods have been grouped on a single customs declaration. -->
				<GovernmentProcedure>
					<CurrentCode>F47</CurrentCode>
				</GovernmentProcedure>
			</GovernmentAgencyGoodsItem>
			<!--DE 3/16: Importer Identification Number.
				EORI number of the Importer. -->
			<Importer>
				<ID>GB553202734852</ID>
			</Importer>
			<!--DE 2/1: Previous Documents. 
				Mandatory field. 
				Z271 represents a "Packing List". -->
			<PreviousDocument>
				<CategoryCode>Z</CategoryCode>
				<ID>PL20210630-281-284</ID>
				<TypeCode>271</TypeCode>
			</PreviousDocument>
		</GoodsShipment>
	</Declaration>
</md:MetaData>